query,passage_id,chapter,section,subsection,page,cluster_name,text
credit,p00007,Part 1: General Information,Who We Are,,11,Student Life & Support,"Duke Kunshan University is a Sino-American partnership of Duke University, Wuhan University and Kunshan city in Jiangsu province to create a world-class liberal arts and research university offering a range of academic programs for students from China and throughout the world. A nonprofit, joint-venture institution, Duke Kunshan University was granted the accreditation approval by China’s Ministry of Education in September 2013. Duke Kunshan welcomed its first group of students in August 2014, initially offering graduate degrees as well as term-long programs for undergraduate students enrolled at Duke and other universities. In August 2018, Duke Kunshan welcomed its inaugural undergraduate class."
credit,p00027,Part 2: A Liberal Arts Education at Duke Kunshan University,A 21st Century Curriculum,Dual Degrees,14,Student Life & Support,Duke Kunshan University students successfully completing the course of study required by Duke Kunshan University and Duke University will be conferred both a Duke Kunshan University graduation certificate and diploma officially approved by the MOE as well as a diploma from Duke University indicating that the degree has been granted in accordance with the requirements of Duke Kunshan University and Duke University (Duke University is accredited by SACSCOC). All students must fulfill the requirements for both the Duke University and the Duke Kunshan University degrees. Students will be alumni of both institutions.
credit,p00040,Part 3: The Curriculum,Key Components,Structures,17,Academic Procedures — Topic 2,"• Divisional areas of knowledge organize the faculty and the curriculum – Natural and Applied Sciences; Social Sciences; and Arts and Humanities – rather than traditional majors or departments. • Intensive 7-week terms enable students to take two in-depth courses with the flexibility to take some courses in 14-week blocks. • Fridays are designed for practica, field trips, internships, co-curricular activities, and civic engagement . • Mini-term courses provide a focused exposure to a single topic while enabling students to move outside of their comfort zones. There are no grades for these non-credit courses."
credit,p00043,Part 3: The Curriculum,Key Components,Core Components,17,Academic Procedures,"• Electives that broaden students’ educational experience via simple distributional requirements and additionally enable them either to develop greater specialized knowledge or to further increase the breadth of their study. • Experiential learning opportunities that align the formal curriculum with practica, internships and other hands-on offerings are required. These components are reflected in specific requirements: • General Education : 3 common core courses (12 credits), 2-4 language courses (8-16 credits) depending on proficiency, 3 electives (12 credits) as distributional requirements, and one Quantitative Reasoning course (4 credits)"
credit,p00044,Part 3: The Curriculum,Key Components,Core Components,18,Student Life & Support,"• Major : 16-19 courses (64 to 76 credits) (foundation, interdisciplinary, disciplinary, and capstone) • Electives : 8-13 courses (32 to 52 credits) depending on division and language proficiency, which include the three electives as distributional requirements and one Quantitative Reasoning course in General Education • Other requirements : 1 non-credit mini-term course and 1 Signature Work project that includes a practice-oriented Experiential Learning component (internships, civic engagement, etc.) Students who complete Duke Kunshan University’s 4-year undergraduate curriculum will receive two degrees, one from Duke University and one from Duke Kunshan University."
credit,p00045,Part 3: The Curriculum,Key Components,Core Components,18,Student Life & Support,"A total of 136 Duke Kunshan University credits is required for graduation with a Duke Kunshan University bachelor’s degree, 1 which is equivalent to 34 Duke University course credits (1 Duke course credit is equivalent to 4 Duke Kunshan University credits). A total of 34 Duke University course credits is required for graduation with a Duke bachelor’s degree. More details on the course credit requirement are explained below in the Degree Requirement section. 1 There are additional MOE requirements for the Chinese mainland and Hong Kong, Macau, Taiwan students to obtain a Duke Kunshan University bachelor’s degree. See section on Credits Required for Degrees."
credit,p00049,Part 3: The Curriculum,Degree Requirements,"Distribution Requirement (3 courses, 12 credits)",20,Academic Procedures — Topic 2,"The distributional requirement is intended to broaden students’ educational experience and ensure that all graduates have an acquaintance with a broad variety of fields of inquiry and approaches to knowledge. Students are required to take at least one four-credit course 2 in each of the three divisional areas: arts and humanities, natural and applied sciences, and social sciences. Courses that fulfill the distribution requirement are designated by divisional area attributes. The distribution requirement cannot be fulfilled with AP or IPC credits. 1. Courses with two divisional area attributes can be only counted as one area attribute; 2."
credit,p00050,Part 3: The Curriculum,Degree Requirements,"Distribution Requirement (3 courses, 12 credits)",20,Academic Procedures — Topic 2,Courses with both a Quantitative Reasoning (QR) attribute and a divisional area attribute can only be counted as one of these attributes; 3. Transfer credit from Duke or other academic institutions through study abroad or summer programs will need the review and approval from the division chair to fulfil the distributional requirement. 2 A student may fulfil the distribution requirement in a divisional area by taking two two-credit courses (four credits in total) with that divisional area attribute.
credit,p00051,Part 3: The Curriculum,Degree Requirements,"Quantitative Reasoning Course Requirement (1 course, 4 credits)",21,Majors & Courses — Topic 3,"The Quantitative Reasoning (QR) requirement aims to ensure that all students graduate with critical skills in quantitative analysis and deductive reasoning. The QR requirement can be fulfilled by taking a course with the Quantitative Reasoning (QR) attribute 3 or by approved transfer credit from study abroad or summer programs for computer science, mathematics, or statistics courses. Transfer credit requires the review and approval from the appropriate division chair to fulfil the distributional requirement. The QR requirement cannot be fulfilled by AP or IPC credits."
credit,p00052,Part 3: The Curriculum,Degree Requirements,"Language Courses (2-4 courses, 8-16 credits)",21,Student Life & Support,"One of Duke Kunshan University’s goals is for students to graduate with strong skills in multiple languages, especially English and Chinese. To this end, all students are required to take 8-16 credits of foreign language courses appropriate to their needs. Duke Kunshan University’s medium of instruction is English, so it is imperative that all students have a strong command of English. Further, the ability to produce effective academic papers and presentations in English is especially important."
credit,p00054,Part 3: The Curriculum,Degree Requirements,"Language Courses (2-4 courses, 8-16 credits)",21,Majors & Courses — Topic 2,"For this reason, students who are not required to be in the EAP track and who do not yet have a strong academic and professional command of Chinese will be assigned to a Chinese as Second Language (CSL) track, and assigned to a course appropriate to their Chinese level based on the results of a Duke Kunshan University placement examination process. All CSL-track students are required to meet two criteria: they must take at least eight credits of Chinese language courses (normally four 2-credit courses), and they must successfully complete CHINESE 202B or a higher level course."
credit,p00055,Part 3: The Curriculum,Degree Requirements,"Language Courses (2-4 courses, 8-16 credits)",21,Majors & Courses — Topic 2,"That is to say, students who begin their Chinese study in CHINESE 101A are required to take Chinese courses until they complete CHINESE 202B; students who begin studying Chinese in CHINESE 201A or a higher-level course are required to take 8 credits, starting with and including whatever level course they are placed into. After satisfying their foreign language requirement, CSL-track students are encouraged to continue developing their Chinese language skills by taking higher level elective courses in Chinese, and 3 Courses with more than one attribute can only be counted as one of these attributes."
credit,p00057,Part 3: The Curriculum,Degree Requirements,"Language Courses (2-4 courses, 8-16 credits)",22,Majors & Courses — Topic 2,"(Because the content of different sections of some WOC courses differ considerably, in some cases students are allowed to take more than one WOC course of the same course number if the course content of the two courses is different.) Another option is to take courses in an additional language. More information on language placement is in the Entrance Credit and Placement sections of Part 6."
credit,p00070,Part 3: The Curriculum,Undergraduate Signature Work,Credits Required for Degree,24,Student Life & Support,"Duke Kunshan University adheres to the academic standards upheld by Duke University and the relevant requirements for graduation and degree awarding by the education administration authorities of China. All undergraduate students must meet the requirements of both Duke University and Duke Kunshan University before they can graduate and be awarded a graduation certificate and a bachelor’s degree from Duke Kunshan University, as well as a bachelor’s degree from Duke University. A total of 136 Duke Kunshan University credits is required for international students to graduate and obtain the degrees, inclusive of 34 Duke Kunshan University credits earned through courses taught or co-taught by Duke faculty (i.e."
credit,p00071,Part 3: The Curriculum,Undergraduate Signature Work,Credits Required for Degree,24,Student Life & Support,8.5 courses; 1 course credit at Duke is equivalent to 4 Duke Kunshan University credits). The specific Chinese Society and Culture courses required by the Ministry of Education of China for Chinese students are optional for international students. Students should note that the Chinese Society and Culture courses are taught in Chinese and do not count toward the 136 credits for the Duke degree.
credit,p00072,Part 3: The Curriculum,Undergraduate Signature Work,Credits Required for Degree,24,Student Life & Support,"A total of 156 (Class of 2022) or 158 (Class of 2023 and beyond) Duke Kunshan University credits is required for Chinese students to graduate and obtain the degrees, including: (1) 136 Duke Kunshan University credits required for graduation with a Duke University bachelor’s degree, inclusive of 34 Duke Kunshan University credits earned through courses taught or co-taught by Duke faculty (i.e. 8.5 courses; 1 course credit at Duke is equivalent to 4 Duke Kunshan University credits); and (2) 20 (Class of 2022) or 22 (Class of 2023 and beyond) Duke Kunshan University credits required by the education administration authorities of China."
credit,p00074,Part 3: The Curriculum,Undergraduate Signature Work,Credits Required for Degree,25,Majors & Courses — Topic 2,"Class of 2022: For students from the Chinese mainland, the credit-bearing requirements specified by the education administration authorities of China are: (1) Chinese Society and Culture courses (16 credits in total); (2) Military training (2 credits); (3) Eight half-credit physical education courses (4 credits in total, 2 of which can count toward the 136 credits for the Duke degree), and passing the physical proficiency test set by Ministry of Education of China. The total required credits is 156, inclusive of the 136 credits required for all students. Students from Hong Kong, Macau, and Taiwan must meet the same requirements as those from the Chinese mainland."
credit,p00075,Part 3: The Curriculum,Undergraduate Signature Work,Credits Required for Degree,25,Majors & Courses — Topic 2,"However, they may substitute the military training credits with credits from specific designated Chinese studies courses, or they can voluntarily take military training to get the corresponding credits. Class of 2023 and Beyond: For students from the Chinese mainland, the credit-bearing requirements specified by the education administration authorities of China are: (1) Chinese Society and Culture courses (16 credits in total); (2) Military training (4 credits); (3) Eight half-credit physical education courses (4 credits in total, 2 of which can count toward the 136 credits for the Duke degree), and passing the physical proficiency test set by Ministry of Education of China."
credit,p00076,Part 3: The Curriculum,Undergraduate Signature Work,Credits Required for Degree,25,Majors & Courses — Topic 2,"The total required credits is 158, inclusive of the 136 credits required for all students. Students from Hong Kong, Macau, and Taiwan must meet the same requirements as those from the Chinese mainland. However, they may substitute the military training credits with credits from specific designated Chinese studies courses, or they can voluntarily take military training to get the corresponding credits."
credit,p00077,Part 3: The Curriculum,Undergraduate Signature Work,Course Credits,25,Student Life & Support,"Course credit at Duke Kunshan University follows the same standard as Duke University in terms of instruction hours and out-of-class study hours. Of the 136 credits required for a Duke University degree, a maximum of 8 credits passed with a D grade (D, D+, D-) can be used toward the 136 credits requirement."
credit,p00078,Part 3: The Curriculum,Undergraduate Signature Work,Course Credits,25,Student Life & Support,"The 136 credits may include (1) no more than 2 credits in physical education activity courses (i.e., four half-credit activity courses); (2) no more than eight elected credits taken on a Credit/No Credit grading basis (not including courses offered only on that basis); (3) no more than 40 credits combining any allowable transfer credits including AP/IPC, transfer credits for study abroad, etc.; and (4) no more than Duke Kunshan University equivalent of 24 credits in graduate and professional school courses not listed in the Duke Kunshan University Undergraduate Programs Bulletin."
credit,p00079,Part 3: The Curriculum,Undergraduate Signature Work,Course Credits,25,Student Life & Support,"These courses include all courses offered by Duke Kunshan University graduate programs, Duke schools of business, law, divinity, nursing, and all graduate courses numbered 700 and above. These courses are generally not open to undergraduates and require special permission to enroll. For limitations on transfer credit and Advanced Placement credit, see the sections on “Advanced Placement” and “Transfer of Work Taken Elsewhere” in Part 6: “Academic Procedures and Information”."
credit,p00080,Part 3: The Curriculum,Undergraduate Signature Work,Course Credits,26,Academic Procedures — Topic 2,"To meet the 136-credit requirement, students need to complete additional elective courses in addition to completing the General Education and Major Requirements . The curriculum is designed to enable a wide range of flexibility for students. Some may elect to use their full range of electives to go wide and broad while others may elect to dive deep into their areas of disciplinary study."
credit,p00081,Part 3: The Curriculum,Undergraduate Signature Work,Non-Credit Mini-Term Courses,26,Academic Procedures,"Mini-term courses are intensive, non-credit, non-graded, one-week short courses. There are two types of mini-term courses: o Exploratory Courses provide a focused exposure to a single topic while enabling students to move outside of their comfort zones. These courses encourage students to explore their intellectual interests and unfamiliar academic fields and locate their passions by offering short seminar-style courses in a risk-free setting. Exploratory courses are intended for the generalist with minimal or no pre-requisites and could be academically or experientially oriented. o Signature Work Courses provide structured time for sophomores or juniors to focus on planning or research for their Signature Work project."
credit,p00112,Part 5: Financial Information,Estimated Expenses,"Total Cost of Attendance ¥ 115,560 ¥ 115,260 ¥ 7,235",34,Academic Procedures — Topic 2,"sure you include or pay for the service charge before initiating your wire transfer. Your student account will be credited for the actual amount received (net of fees assessed by both the sending bank and the intermediary bank). Restriction on Past Due Accounts Tuition and fees are due before the start of each term. If your account remains unpaid, you will not be allowed to register for future terms and may be administratively withdrawn from the University. As long as your account is past due, you may not have access to academic transcripts, be able to have academic credits certified, or receive a diploma at graduation."
credit,p00113,Part 5: Financial Information,Estimated Expenses,"Total Cost of Attendance ¥ 115,560 ¥ 115,260 ¥ 7,235",34,Academic Procedures — Topic 2,"If your account remains outstanding after your departure from the University, it may be referred to a collection agency and reported to a credit bureau."
credit,p00114,Part 5: Financial Information,Refund,,34,Academic Procedures — Topic 2,"When students take a leave of absence, withdraw from the University, or are withdrawn by the University, an adjustment to tuition may occur, depending on the date and the reason for the withdrawal or leave of absence. If the tuition adjustment results in a credit balance, the student or parent may elect to have the balance refunded or carried forward for future terms. The University Tuition Withdrawal Adjustment policy is compliant with the Jiangsu Education Department’s regulations. The tuition withdrawal adjustment is calculated on a term basis as the tuition is charged and will be processed with all other refundable charges."
credit,p00126,Part 6: Academic Procedures and Information,Entrance Credit and Placement,• Advanced Placement Credit (AP) • International Placement Credit (IPC) • Prematriculation College Credit,37,Student Life & Support,"Scores on the tests listed below, documented previous educational experience, and DKU placement tests are the criteria that can be used to determine a student’s qualifications for certain advanced courses. In addition, a limited amount of elective course credit may be awarded on the basis of precollege examination and/or credits earned of the three types listed above. Duke Kunshan University will record on students’ permanent Duke Kunshan University records courses of these three types completed prior to their matriculation at Duke Kunshan University."
credit,p00127,Part 6: Academic Procedures and Information,Entrance Credit and Placement,• Advanced Placement Credit (AP) • International Placement Credit (IPC) • Prematriculation College Credit,37,Student Life & Support,"The three types of precollege work are regarded as equivalent and may be used for placement into higher-level coursework and to satisfy major requirements at Duke Kunshan University to the extent allowed by each major. Additionally, students may be granted up to 8 elective credits toward the degree requirement of 136 credits for any combination of AP, IPC or prematriculation credit. AP, IPC and prematriculation credits may not be used to satisfy the quantitative reasoning requirement or any other general education requirements. Enrollment in a course for which AP, IPC or prematriculation credit has been given will cause the AP, IPC or prematriculation credit to be forfeited."
credit,p00128,Part 6: Academic Procedures and Information,Entrance Credit and Placement,• Advanced Placement Credit (AP) • International Placement Credit (IPC) • Prematriculation College Credit,37,Student Life & Support,"All AP, IPC and prematriculation credits that Duke Kunshan University recognizes, along with the equivalent course, will appear on the DKU transcript. The University does not recognize any AP or IPC exams that are taken after a student begins at DKU nor does it recognize equivalent exams granting degree credit (CLEP, locally administered placement tests, etc.)."
credit,p00129,Part 6: Academic Procedures and Information,Entrance Credit and Placement,Forfeiture of Precollege Credit Awarded,37,Student Life & Support,"Students who successfully complete a course at Duke Kunshan University for which they received precollege credit may not use that precollege credit or any higher precollege credit in that subject to satisfy degree requirements, but the precollege work will remain on the Duke Kunshan University transcript. A student who enrolls in a course for which precollege credit was awarded and who subsequently fails or withdraws from the course after the Drop/Add deadline will be allowed to apply the pre-college credit toward graduation requirements according to the policy governing use of such credits (see above)."
credit,p00131,Part 6: Academic Procedures and Information,Entrance Credit and Placement,International Placement Credit (IPC),38,Student Life & Support,"Duke Kunshan University recognizes the International Baccalaureate Program; the French Baccalaureate; the British, Hong Kong, or Singapore A Level Examinations; the Cambridge pre-U; the Caribbean Advance Proficiency Examination; the German Abitur; the Swiss Federal Maturity Certificate; the All India Senior School Certificate Examination; the Indian School Certificate examination; and the Israeli Matriculation Certificate. Scores acceptable for consideration are determined by the faculty and evaluated by the Office of the Registrar. Course equivalents for these programs may be recorded on a student’s permanent Duke Kunshan University record for placement and credit according to the same policy governing use of AP (see above)."
credit,p00132,Part 6: Academic Procedures and Information,Entrance Credit and Placement,International Placement Credit (IPC),38,Academic Procedures — Topic 2,These credits may be used to satisfy the quantitative reasoning requirement but not other general education requirements; any combination of two IPC or AP courses may be used toward the required 136 credits for graduation.
credit,p00133,Part 6: Academic Procedures and Information,Entrance Credit and Placement,Prematriculation Credit,38,Student Life & Support,"First-year Duke Kunshan students may submit for evaluation college courses taken at another accredited college or university after commencement of the student’s junior year of high school. (For details concerning transferring this work, see the section “Work Taken During High School.”) Prematriculation credits awarded for such work may be used as electives and, thus, may not be used to satisfy the general education requirements. Any combination of eight prematriculation, IPC, or AP credits may be used toward the 136 credits required for graduation (credits do not have to be designated by the student)."
credit,p00134,Part 6: Academic Procedures and Information,Entrance Credit and Placement,Prematriculation Credit,38,Student Life & Support,"No prematriculation credit will be awarded for college coursework completed on a study abroad program undertaken prior to matriculation at Duke Kunshan. For any of the above three types of college-level work, students are expected to submit their scores and/or any other required documents during their first term on campus. After the first term, no entrance credits will be accepted."
credit,p00138,Part 6: Academic Procedures and Information,Entrance Credit and Placement,Placement in Languages,39,Majors & Courses — Topic 2,"In cases where students assigned to the CSL track feel they should be assigned to another track, they may make a request in writing to the Director of the Language and Culture Center. CSL-track students who are placed above CHIN 402 normally satisfy their language requirement by taking eight credits of advanced Chinese course electives above the CHIN 402 level. International students who demonstrate that they already have a full academic/professional command of Chinese can fulfill their language requirement by taking eight credits of a combination of the following kinds of courses: • Advanced Chinese courses covering areas where there is still room for improvement (e.g."
credit,p00140,Part 6: Academic Procedures and Information,Entrance Credit and Placement,Other Placement Tests,39,Student Life & Support,"Duke Kunshan University may offer additional placement tests in selected subjects for incoming students. Such tests will generally be offered during orientation, although some might be available online during the summer preceding matriculation. Students may be allowed to register for designated advanced courses based upon their scores on these tests. However, placement test results do not carry any academic credit. Placement tests give placement based on formal coursework taken prior to matriculation at Duke Kunshan and may not be taken by upper class students."
credit,p00141,Part 6: Academic Procedures and Information,Transfer of Work Taken Elsewhere,,39,Student Life & Support,"A Duke Kunshan University student may receive credit for a maximum of 40 credits taken elsewhere, through a combination of AP/IPC credit or approved transfer or study away credit. Of"
credit,p00142,Part 6: Academic Procedures and Information,Transfer of Work Taken Elsewhere,,40,Student Life & Support,"those 40 credits, a maximum of 8 may be from AP/IPC/prematriculation credits (see section on Entrance Credit and Placement) prior to matriculation, and a maximum of 8 may be from coursework undertaken while on voluntary leave of absence for personal or medical reasons. No credit will be accepted for coursework taken while a Duke Kunshan University student is withdrawn, suspended, or on involuntary leave of absence."
credit,p00143,Part 6: Academic Procedures and Information,Transfer of Work Taken Elsewhere,Work Taken During High School,40,Student Life & Support,"College-level courses taken elsewhere prior to matriculation at Duke Kunshan may be considered for prematriculation credit provided they meet each of the following criteria: were taken after the commencement of the junior year of high school and yielded a grade of Bor better, not used to meet high school diploma requirements, taken on the college campus, taken in competition with degree candidates of the college, taught by a regular member of the college faculty, offered as part of the regular curriculum of the college, and not taken on a study abroad program completed prior to matriculation at Duke Kunshan."
credit,p00144,Part 6: Academic Procedures and Information,Transfer of Work Taken Elsewhere,Work Taken During High School,40,Student Life & Support,Formal review of courses meeting these criteria will proceed after an official transcript of all college courses taken and documentation pertaining to these criteria are received by the university registrar. (See also the section on entrance credit in this chapter for a discussion of the number of prematriculation credits that can transfer and how they may be used at Duke Kunshan.)
credit,p00145,Part 6: Academic Procedures and Information,Transfer of Work Taken Elsewhere,Work Taken After Matriculation at Duke Kunshan University,40,Student Life & Support,"All coursework undertaken after matriculation as a full-time degree-seeking student at Duke Kunshan University must be at another accredited four-year institution in the United States or similarly accredited institution abroad and with a liberal arts and general education curriculum. Duke Kunshan University students may study away for a fall or spring term and/or during the summer, either at Duke University or on a Duke Kunshan University-approved program sponsored by another university. In no instance may a student transfer more than 40 credits when combining study abroad, the allowable number of independent transfer courses, and AP/IPC credit."
credit,p00146,Part 6: Academic Procedures and Information,Transfer of Work Taken Elsewhere,Work Taken After Matriculation at Duke Kunshan University,40,Student Life & Support,"Courses taken at other institutions could count toward the major if approved by the relevant academic unit. However, specific majors may place limits on the types of courses taken at Duke or other universities that can be counted toward the major. For courses taken at Duke University: All grades earned at Duke University are entered on the official record at Duke Kunshan University and are used in determining the grade point average. Courses taken at Duke University with CR/NC grading or the equivalent are accepted for transfer credit (See more information in the section on Credit/No Credit (CR/NC) Grading System)."
credit,p00147,Part 6: Academic Procedures and Information,Transfer of Work Taken Elsewhere,Work Taken After Matriculation at Duke Kunshan University,40,Student Life & Support,"For courses taken at universities other than Duke University: Only those courses taken in which grades of Cor better have been earned are acceptable for transfer credit; courses taken at other institutions with CR/NC grading or the equivalent are not accepted for transfer credit. All other courses approved for transfer are listed on the student’s permanent record at Duke Kunshan University, but grades earned are not recorded or used in determining the grade point average."
credit,p00148,Part 6: Academic Procedures and Information,Transfer of Work Taken Elsewhere,Work Taken After Matriculation at Duke Kunshan University,41,Student Life & Support,"Credit transfer is awarded by the Office of the Registrar, based upon recommendation of the faculty and outcome of the Host-DKU Credit Transfer Approval review process coordinated through the Office of Global Education. Courses may be determined to be: approved as fully equivalent to a DKU course; approved to fulfill a thematic area major requirement at DKU; approved as a general elective; or, denied eligibility for credit transfer. Courses approved for credit transfer at Duke Kunshan University may be given a 100 to 300 number, lower to upper level."
credit,p00149,Part 6: Academic Procedures and Information,Transfer of Work Taken Elsewhere,Work Taken After Matriculation at Duke Kunshan University,41,Student Life & Support,"Once the limit of transferred credit has been reached, no additional transferred work will be displayed on the record or used as a substitute for a previously transferred course. Further information is available from the Office of Global Education. Approval forms for Duke Kunshan University students taking courses at institutions other than Duke Kunshan University and Duke University may be obtained online or from the Office of Global Education. Students wishing to transfer credit for study at another accredited college or university while on leave, on a DKU-approved study abroad program, or during the summer must complete and receive approval through published credit-transfer review processes."
credit,p00150,Part 6: Academic Procedures and Information,Transfer of Work Taken Elsewhere,Work Taken After Matriculation at Duke Kunshan University,41,Student Life & Support,"No credit will be accepted for coursework taken while a Duke Kunshan University student is withdrawn, suspended, or on involuntary leave of absence."
credit,p00151,Part 6: Academic Procedures and Information,Transfer of Work Taken Elsewhere,Transfer Credit for Foreign Language,41,Student Life & Support,"The same rules that apply to the transferring of courses to meet other curriculum requirements apply to foreign language courses. Foreign language courses taken elsewhere and approved for transfer as credit to Duke Kunshan University may be considered in language placement, but students will still be asked to go through Duke Kunshan University’s Chinese language placement process in order to ensure that they are placed into the most appropriate Duke Kunshan University course for their proficiency level."
credit,p00156,Part 6: Academic Procedures and Information,Registration,Course Changes after Classes Begin in the Fall and Spring Terms (Class Drop/Add),42,Student Life & Support,"Students may drop and add courses during the Drop/Add period at their own discretion. Courses dropped during this period do not appear on the official Duke Kunshan transcript. After the Drop/Add period, no course may be added; also, a course may not be changed to or from the audit basis. A student may elect to change the grading basis to Credit/No Credit following the deadlines outlined in the section on Credit/No Credit Grading System."
credit,p00158,Part 6: Academic Procedures and Information,Registration,Withdrawal from a Course,42,Academic Procedures — Topic 2,"The deadline applies to course withdrawals for any reason other than medical. Coursework discontinued without the advisor’s permission will result in a grade of F. Withdrawing from a course is permitted in multiple fall/spring terms, as long as a student maintains a course load of at least 16 credits. Withdrawing from a course to an underload (fewer than 16 credits) is generally permitted only once in a fall or spring term. However, a student may begin another term in an underload with certain restrictions (see below). A student may also be permitted to withdraw to an underload more than once if there are significant medical reasons (see below)."
credit,p00159,Part 6: Academic Procedures and Information,Registration,Withdrawal from a Course,42,Academic Procedures — Topic 2,"Students are cautioned that taking an underload may result in a delayed graduation date. (See section on Satisfactory Performance Each Term (Term Credit Requirements).) If a student notes errors in his/her course schedule, he/she should immediately consult with his/her advisor during the one-week schedule correction period that occurs immediately after Drop/Add ends."
credit,p00161,Part 6: Academic Procedures and Information,Undergraduate Course Load,,43,Academic Procedures — Topic 2,"Students are reminded that it is their responsibility to be certain that their course load conforms with academic requirements. In fall and spring terms, the normal course load is 16-20 credits (8-10 credits in each 7-week session). In addition, students may enroll in up to one credit of PE courses without special permission from their advisor. In the first 7-week session of their first term, firstyear students are restricted to a maximum of 8 credits (one four-credit course, one two-credit language course, and one additional two-credit course), plus one PE course."
credit,p00162,Part 6: Academic Procedures and Information,Undergraduate Course Load,,43,Academic Procedures — Topic 2,"The maximum number of credits a student can take in any subsequent 7-week session without special permission is 10 (two 4-credit courses and one 2-credit course) plus one PE course. Students should note that in order to reach the 136 credits required for graduation, they will need 8 additional credits beyond the minimum course load of 16 credits per term for eight terms. These additional credits can be earned by any combination of terms in which a student registers for greater than the 16-credit minimum, AP and IPC credits, or transfer credits."
credit,p00163,Part 6: Academic Procedures and Information,Undergraduate Course Load,,43,Academic Procedures — Topic 2,"Students who enroll in or withdraw to an underload, earn a failing grade (F or NC), or repeat a course in any term should work with their academic advisor to develop a plan to make up credits in order to avoid a delayed graduation date. Students studying abroad at other institutions may be subject to that institution’s policies."
credit,p00164,Part 6: Academic Procedures and Information,Undergraduate Course Load,Students on Academic Probation,43,Academic Procedures — Topic 2,Students on academic probation may register for no more than 16 credits plus one PE course during the term of probation. The Dean of Undergraduate Studies may also limit the course load for a student who has previously received an academic warning. Students on academic probation are expected to remain in a full course load during the term of probation and will be permitted to withdraw to an underload only in extenuating circumstances.
credit,p00165,Part 6: Academic Procedures and Information,Undergraduate Course Load,Overload,43,Academic Procedures — Topic 2,"Only in exceptional cases and with special permission of both the academic advisor and the Dean of Undergraduate Studies or designee, could a student enroll in an overload (defined as more than 10 credits in a 7-week session or more than 20 credits in a term, exclusive of PE), up to a maximum of 24 credits. In determining whether to approve an overload, the academic advisor and the Dean of Undergraduate Studies will carefully consider the student’s academic history, including grades and the number of courses taken in the past. Students should not count on an overload later to compensate for a previous underload."
credit,p00166,Part 6: Academic Procedures and Information,Undergraduate Course Load,Underload,44,Academic Procedures — Topic 2,"Two categories of underloads (defined as a course load between 12 and 15 credits, exclusive of PE credits) may be authorized: withdrawal to underload and enrollment to underload. With the exception of medical, the maximum number of underloads under any circumstances (withdrawal or enrollment to an underload) is two terms. Students may make a request to their advisors to enroll in an underload up to twice during their time at Duke Kunshan University. A student may withdraw to an underload only once during their undergraduate career, although medical withdrawals are not counted in this number."
credit,p00167,Part 6: Academic Procedures and Information,Undergraduate Course Load,Underload,44,Academic Procedures — Topic 2,"Thus, there are only two possible enrollment patterns involving two underloads: • One withdrawal to an underload plus one enrollment in an underload, or • Two enrollments in an underload Students should take note that an underload may affect a student’s scholarship or ability to graduate on time; 8 additional credits above the minimum of 16 per term are needed in order to meet the 136 credits requirement for graduation. Students should not count on an overload later to compensate for a previous underload. Students taking an underload will be ineligible for the Dean’s list and the Dean’s List with Distinction during that term."
credit,p00168,Part 6: Academic Procedures and Information,Undergraduate Course Load,Underload,44,Academic Procedures — Topic 2,"Each term, the Office of the Registrar will review all students with an enrollment under 16 credits. Students in an unauthorized underload may be placed on involuntary administrative leave of absence and have to apply for reinstatement if they wish to return. (See section on Leave of Absence.) Seniors needing only 3 courses to graduate may request an underload for their last."
credit,p00169,Part 6: Academic Procedures and Information,Undergraduate Course Load,Underload,44,Academic Procedures — Topic 2,"Seniors who anticipate that they will need fewer than 3 courses to graduate must apply before the first day of classes in the last term for part-time degree status (11 or fewer credits, exclusive of PE), which is not affected by or a part of the underload enrollment policy described here."
credit,p00176,Part 6: Academic Procedures and Information,Undergraduate Course Load,Enrollment in an Underload,45,Academic Procedures — Topic 2,"Under certain specific circumstances, students with a strong academic record may start a term enrolled in an underload of between 12 and 15 credits (exclusive of PE). This is permitted a maximum of two times in a student’s academic career and requires approval of both the academic advisor and the Dean of Undergraduate Studies."
credit,p00177,Part 6: Academic Procedures and Information,Undergraduate Course Load,Enrollment in an Underload,45,Student Life & Support,"To enroll in an underload, a student must meet the following minimum criteria for eligibility: • Have a declared major • Have a GPA of at least 3.0 and not be on academic probation • Be enrolled on campus at Duke Kunshan – enrolling in an underload is not permitted when you are studying abroad or otherwise away from Duke Kunshan • For a first underload term: have already passed at least 64 credits • For a second underload term, have passed at least 84 credits prior to the 6 th term or 104 credits prior to the 7 th term, or 124 prior to the 8 th term (including"
credit,p00178,Part 6: Academic Procedures and Information,Undergraduate Course Load,Enrollment in an Underload,45,Academic Procedures — Topic 2,"AP, IPC, and transfer credits When considering whether to enroll in an underload, students should note that they: • will be ineligible for the Dean’s list and the Dean’s List with Distinction during that term; • may not withdraw from a course during the underload term; • must pass at least 12 course credits in order to meet term continuation requirements; and • may need to make up credits (e.g., in summer or in future terms) to stay on track for graduation."
credit,p00184,Part 6: Academic Procedures and Information,Eligibility for Courses,,46,Academic Procedures — Topic 2,"Under exceptional circumstances, however, permission to do so may be granted to a junior or senior, provided the instructor, the Director of Graduate Studies in the corresponding program and their advisors give their signed permission. Seniors who, at the beginning of the final term, lack no more than 12 credits toward the fulfillment of the requirements for the bachelor’s degree may enroll in graduate courses, for a maximum course load of 20 credits."
credit,p00188,Part 6: Academic Procedures and Information,Course Repeat,,47,Academic Procedures — Topic 2,"The grade earned in the repeated course as well as the grade earned originally appear on the transcript, the former identified as a repeat; both grades count in the grade point average, but the credit for only one counts toward the required number of courses for term credit requirements and the 136 credits required for graduation. A student may not use a CR/NC option on a course being taken for a second (or more) time. (See section on Credit/No Credit (CR/NC) Grading System.) A student may not repeat a course after having passed another course for which the original course is a specific prerequisite."
credit,p00189,Part 6: Academic Procedures and Information,Course Repeat,,47,Student Life & Support,"Except in the rare case of a successful petition to repeat a DKU course at Duke or a Duke course at DKU, a student may not substitute a different course or a course taken at another institution for a repeat of a course taken at Duke Kunshan University. If a student repeats a course at another institution, the credits will not transfer; the previous DKU grade will not change and will remain in the student's GPA calculation. A course taken at another institution with a grade of Cor above and not transferred to Duke Kunshan University may not be repeated at Duke Kunshan University."
credit,p00191,Part 6: Academic Procedures and Information,Course Repeat,,47,Academic Procedures — Topic 2,"The advisor will make a recommendation to the Dean of Undergraduate Studies or designee, whose decision whether or not to grant permission is final. The course will count only once towards the 136 credits required for graduation and for fulfillment of term credit requirements. Certain courses as designated in the course description (such as Research Independent Study, certain WOC courses, and applied music courses) may be repeated for credit without special permission."
credit,p00192,Part 6: Academic Procedures and Information,Course Audit,,47,Academic Procedures — Topic 2,"With the written consent of the instructor and permission of the academic advisor, a full-time degree student is allowed to audit one or more courses in addition to the normal program. An audited course counts as part of the course load (see section on Undergraduate Course Load). Students who audit a course submit no daily work and take no examinations, but are expected to attend class sessions. They do not receive credit for the course, but the audited course will appear on the transcript. Students must register for audited courses by submitting a signed course audit form to the Office of the University Registrar."
credit,p00193,Part 6: Academic Procedures and Information,Course Audit,,48,Student Life & Support,"meeting at the same time applies. After the Drop/Add period in any term, no student classified as an auditor in a particular course may take the course for credit, and no student taking a course for credit may be reclassified as an auditor. Physical education activity, studio art, applied music, and dance technique/performance courses may not be audited. A student may not repeat for credit any course previously audited. Undergraduates who have been dismissed, suspended, or placed on leave of absence may not audit or enroll in a course for credit at Duke Kunshan University."
credit,p00194,Part 6: Academic Procedures and Information,Two-Credit Writing Courses,,48,Majors & Courses — Topic 2,"First-year students are encouraged to take a 2-credit writing course (W) during their first session at DKU. The primary goal of the 2-credit writing courses is to give students a chance to practice and develop their writing skills (e.g. stating positions clearly, explaining ideas well, supporting arguments) through studying and then writing about an interesting topic. Writing assignments include any kind of expository writing that fits the subject matter of the course (e.g. position papers, argument papers, policy briefs, critiques, summaries, reports, editorials, literature reviews). These courses will require weekly writing assignments and student writing will be the main factor in the course grade."
credit,p00196,Part 6: Academic Procedures and Information,Independent Studies,,48,Academic Procedures,Independent study enables a student to pursue for course credit individual interests under the supervision of a faculty member. Independent study is of two types: Independent Study (nonresearch) and Research Independent Study.
credit,p00198,Part 6: Academic Procedures and Information,Independent Studies,,48,Academic Procedures,"Courses entitled Independent Study or INDSTU are individual non-research directed study in a field of special interest on a previously approved topic taken under the supervision of a faculty member and resulting in an academic and/or artistic product. Courses entitled Research Independent Study or RINDSTU are individual research in a field of special interest under the supervision of a faculty member, the central goal of which is a substantive paper or written report containing significant analysis and interpretation of a previously approved topic. Research Independent Study courses may be repeated for credit."
credit,p00200,Part 6: Academic Procedures and Information,Submission of Term Paper,,49,Academic Procedures — Topic 2,Students who wish (under unusual circumstances) to submit a single paper for credit in more than one course must receive prior written permission from each course instructor. The student must indicate the multiple submission on the title page of the paper.
credit,p00218,Part 6: Academic Procedures and Information,Grading and Grade Requirements,Passing Grades,52,Academic Procedures — Topic 2,"Passing grades are A, exceptional; B, superior; C, satisfactory; CR, pass (See Credit/No Credit grading system below); and D, low pass. These grades (except CR) may be modified by a plus or minus. Although the D grade represents low pass, not more than 8 credits passed with D grades (D+, D, D-) may be counted among those required for term credit requirements or among the 136 credits required for graduation. Courses for which a D grade is earned, however, may satisfy other requirements. For information on repeating a course with a D grade, see the section on Course Repeat."
credit,p00219,Part 6: Academic Procedures and Information,Grading and Grade Requirements,Failing Grades,52,Academic Procedures — Topic 2,"A grade of F or NC (See section Credit/No Credit grading system below) indicates that the student has failed to meet the requirements for the course. The grade is recorded on the student’s record. The course must be repeated and a passing grade earned in order for credit to be awarded. If the student registers for the course again, the second entry of the course and the new grade earned are made on the record, but the first entry is not removed."
credit,p00220,Part 6: Academic Procedures and Information,Grading and Grade Requirements,Failing Grades,52,Academic Procedures — Topic 2,"In such cases, both grades are included in the calculation of the cumulative grade point average, but the credit for only one is counted for term credit requirements or among the 136 credits required for graduation."
credit,p00221,Part 6: Academic Procedures and Information,Grading and Grade Requirements,Grade Point Average,52,Student Life & Support,The grade point average is based on grades earned in courses offering credit at Duke Kunshan University and Duke University and may be calculated based on the following numerical equivalencies to the grading system:
credit,p00222,Part 6: Academic Procedures and Information,Grading and Grade Requirements,A+ 4.0 C+ 2.3 A 4.0 C 2.0 A3.7 C1.7 B+ 3.3 D+ 1.3 B 3.0 D 1.0 B2.7 D1.0 F 0,52,Majors & Courses — Topic 2,"All grades that appear on the record, with the exception of CR and NC, military training (or designated substitutions for students from Hong Kong, Macau, and Taiwan), and the designated Chinese society and culture courses specified by the education administration authorities of China (see section on Credits Required for Degrees), are included in the calculation of the cumulative grade point average. For repeated courses, both grades will be calculated into the cumulative grade point average, but only one will count toward the credits required for graduation. The term and cumulative grade point averages are determined at the end of each term and displayed for students."
credit,p00223,Part 6: Academic Procedures and Information,Grading and Grade Requirements,Credit/No Credit (CR/NC) Grading System for the Classes of 2022-2024,53,Student Life & Support,"In order to encourage students to explore the richness and variety of Duke Kunshan University’s curricular offerings without worrying unduly about grades, students may elect to take up to four credits each term and summer session on a Credit/No Credit basis. No more than sixteen credits (in either two-credit or four-credit courses) towards the 136 credits requirement may be taken on a Credit/No Credit basis. The limit of sixteen credits does not apply to courses that are only offered on the Credit/No Credit basis."
credit,p00224,Part 6: Academic Procedures and Information,Grading and Grade Requirements,Credit/No Credit (CR/NC) Grading System for the Classes of 2022-2024,53,Academic Procedures — Topic 2,"All students will register for regular graded courses on a graded basis, and faculty will assign regular grades throughout the term, as well as a final grade for the course. However, a student may elect to change the grading basis to Credit/No Credit at any time up until the end of the Drop/Add period of the first session of the subsequent term in which the student is enrolled, with the exception of students in their graduating term, who must elect to change the grading basis within 24 hours after the grades are posted."
credit,p00225,Part 6: Academic Procedures and Information,Grading and Grade Requirements,Credit/No Credit (CR/NC) Grading System for the Classes of 2022-2024,53,Academic Procedures — Topic 2,"In the fall or spring term, a student must be enrolled in no less than a normal course load of 16 credits to be approved to change the grading basis of a course to CR/NC. In order to receive a CR (Credit), a student must have received a grade of Cor better in the course. A grade of D+ or below will be reflected on the transcript as NC (No Credit). Neither CR nor NC will be factored into the grade point average. Students who receive NC will receive no credit for the course and will be ineligible for Dean’s List in that term."
credit,p00226,Part 6: Academic Procedures and Information,Grading and Grade Requirements,Credit/No Credit (CR/NC) Grading System for the Classes of 2022-2024,53,Academic Procedures — Topic 2,"Students who receive CR may still be eligible for the dean’s list if they have completed at least 16 credits for a regularly assigned grade (see section on Dean’s List). In determining whether a student should be placed on academic warning, probation or suspended for academic reasons, a grade of NC earned in a course (other than PE courses), whether that course is offered only on the CR/NC basis or the student elects to take it on the CR/NC basis, is considered equivalent to a grade of F."
credit,p00227,Part 6: Academic Procedures and Information,Grading and Grade Requirements,Credit/No Credit (CR/NC) Grading System for the Classes of 2022-2024,53,Majors & Courses — Topic 2,"In their first year (two terms), students may use up to eight of the sixteen CR/NC credits for any course, up to a maximum of 4 credits per term. For students in their 3 rd term and beyond, CHINESE 201A-B and CHINESE 202A-B may also be taken on a CR/NC basis. Courses taken on a CR/NC basis from the 3 rd term onward (except those courses offered only on this basis and the previously mentioned 200-level Chinese language courses) do not count toward general education requirements or any other degree requirements (major, including prerequisites), unless by special permission from the Office of Undergraduate Studies."
credit,p00228,Part 6: Academic Procedures and Information,Grading and Grade Requirements,Credit/No Credit (CR/NC) Grading System for the Classes of 2022-2024,53,Academic Procedures — Topic 2,"For students in any year, courses in which a CR is earned do count toward the requirement for 136 credits and term credit requirements. A student who has taken a course on a CR/NC basis and earned a CR may not retake the course. A course for which a grade of NC is assigned cannot be used to satisfy the prerequisite for another course, even if the original grade was a passing grade (D+, D, or D-). A student may not use a CR/NC option on a course being taken for a second (or more) time."
credit,p00229,Part 6: Academic Procedures and Information,Grading and Grade Requirements,Credit/No Credit (CR/NC) Grading System for the Classes of 2022-2024,53,Student Life & Support,"(See section on Credit/No Credit (CR/NC) Grading System.) With the exception of study at Duke University, students studying abroad may not receive credit for courses taken on a CR/NC (or Pass/Fail or Satisfactory/Unsatisfactory) basis. Courses taken while a DKU student is studying away at Duke University may be taken on a Duke Satisfactory/Unsatisfactory basis, subject to Duke’s processes, regulations and deadlines – which"
credit,p00230,Part 6: Academic Procedures and Information,Grading and Grade Requirements,Credit/No Credit (CR/NC) Grading System for the Classes of 2022-2024,54,Student Life & Support,"may differ from those at DKU. Courses taken at Duke on a S/U basis will transfer back to DKU and be recorded using DKU’s CR/NC system. Such courses will be subject to all regulations and limitations stated for the DKU CR/NC policy in the DKU Bulletin, including all restrictions on the number of credits and which courses can be taken on this basis. Students declaring S/U at Duke are required to consult their DKU academic advisor to ensure that they will be using a DKU CR/NC option in an appropriate manner."
credit,p00231,Part 6: Academic Procedures and Information,Grading and Grade Requirements,Credit/No Credit (CR/NC) Grading System for the Classes of 2022-2024,54,Student Life & Support,"Students who use S/U on a Duke course that cannot be transferred over as CR/NC at DKU will not earn credits for the course and may be ineligible to retake it at either institution. The change of grading basis to CR/NC can be done through filing a form with the registrar, but students need to get approval from their advisors. Students who receive a NC (by changing a grade of D+ or below) should be mindful of continuation requirements, e.g."
credit,p00233,Part 6: Academic Procedures and Information,Grading and Grade Requirements,Credit/No Credit (CR/NC) Grading System for the Class of 2025 and Beyond,54,Student Life & Support,"In order to encourage students to explore the richness and variety of Duke Kunshan University’s curricular offerings without worrying unduly about grades, students may elect to take up to four credits each session on a Credit/No Credit basis. No more than sixteen credits (in either two-credit or four-credit courses) towards the 136 credits requirement may be taken on a Credit/No Credit basis. The limit of sixteen credits does not apply to courses that are only offered on the Credit/No Credit basis."
credit,p00234,Part 6: Academic Procedures and Information,Grading and Grade Requirements,Credit/No Credit (CR/NC) Grading System for the Class of 2025 and Beyond,54,Academic Procedures — Topic 2,"All students will register for regular graded courses on a graded basis, and faculty will assign regular grades throughout the term, as well as a final grade for the course. However, a student may elect to change the grading basis to Credit/No Credit at any time up until the course withdrawal deadline of the session in which the student takes the course. Once this declaration is made, the grading basis cannot be changed back to a regular grade."
credit,p00235,Part 6: Academic Procedures and Information,Grading and Grade Requirements,Credit/No Credit (CR/NC) Grading System for the Class of 2025 and Beyond,54,Academic Procedures — Topic 2,"First-year students in the first session of their first term must be enrolled in no less than a normal course load of 6 credits to be approved to change the grading basis of a course to CR/NC. In all subsequent sessions, a student must be enrolled in no less than a normal course load of 8 credits to be approved to change the grading basis of a course to CR/NC. In order to receive a CR (Credit), a student must have received a grade of Cor better in the course. A grade of D+ or below will be reflected on the transcript as NC (No Credit)."
credit,p00236,Part 6: Academic Procedures and Information,Grading and Grade Requirements,Credit/No Credit (CR/NC) Grading System for the Class of 2025 and Beyond,54,Academic Procedures — Topic 2,Neither CR nor NC will be factored into the grade point average. Students who receive NC will receive no credit for the course and will be ineligible for Dean’s List in that term. Students who receive CR may still be eligible for the dean’s list if they have completed at least 16 credits for a regularly assigned grade (see section on Dean’s List).
credit,p00238,Part 6: Academic Procedures and Information,Grading and Grade Requirements,Credit/No Credit (CR/NC) Grading System for the Class of 2025 and Beyond,55,Majors & Courses — Topic 2,"In their first year (two terms, 4 sessions), students may use the CR/NC credits for any course, up to a maximum of 4 credits per session. For students in their 3 rd term and beyond, CHINESE 201AB and CHINESE 202A-B may also be taken on a CR/NC basis. Courses taken on a CR/NC basis from the 3 rd term onward (except those courses offered only on this basis and the previously mentioned 200-level Chinese language courses) may not count toward general education requirements or any other degree requirements (major, including prerequisites), unless by special permission from the Dean of Undergraduate Studies or designee."
credit,p00239,Part 6: Academic Procedures and Information,Grading and Grade Requirements,Credit/No Credit (CR/NC) Grading System for the Class of 2025 and Beyond,55,Student Life & Support,"(See section on Credit/No Credit (CR/NC) Grading System.) With the exception of study at Duke University, students studying abroad may not receive credit for courses taken on a CR/NC (or Pass/Fail or Satisfactory/Unsatisfactory) basis. Courses taken while a DKU student is studying away at Duke University may be taken on a Duke Satisfactory/Unsatisfactory basis, subject to Duke’s processes, regulations and deadlines – which may differ from those at DKU. Courses taken at Duke on a S/U basis will transfer back to DKU and be recorded using DKU’s CR/NC system."
credit,p00240,Part 6: Academic Procedures and Information,Grading and Grade Requirements,Credit/No Credit (CR/NC) Grading System for the Class of 2025 and Beyond,55,Student Life & Support,"Such courses will be subject to all regulations and limitations stated for the DKU CR/NC policy in the DKU Bulletin, including all restrictions on the number of credits and which courses can be taken on this basis. Students declaring S/U at Duke are required to consult their DKU academic advisor to ensure that they will be using a DKU CR/NC option in an appropriate manner. Students who use S/U on a Duke course that cannot be transferred over as CR/NC at DKU will not earn credits for the course and may be ineligible to retake it at either institution."
credit,p00241,Part 6: Academic Procedures and Information,Grading and Grade Requirements,Credit/No Credit (CR/NC) Grading System for the Class of 2025 and Beyond,55,Academic Procedures — Topic 2,"The change of grading basis to CR/NC can be done through filing a form with the registrar, but students need to get approval from their advisors. Students who receive a NC (by changing a grade of D+ or below) should be mindful of term credit requirements, e.g. that they may be subject to academic warning (see section on Progress Toward Graduation), or that they may have to take an extra course a later term or during the summer in order to ensure that they graduate on time."
credit,p00244,Part 6: Academic Procedures and Information,Progress toward Degree,,56,Academic Procedures — Topic 2,"Students must achieve a satisfactory record of academic performance each term and make satisfactory progress toward graduation each year. Progress is assessed primarily by a student’s grade-point average. (See also the section on Academic Warning, Probation, and Suspension relevant for your class year.) However, other factors including enrollment in an underload, withdrawal to an underload, course repeat, grades of F or NC, D grades beyond 8 credits, leaves of absence, and suspensions may impact the total number of credits and therefore hinder a student’s progress toward graduation. Students should discuss with their academic advisor any factors that might impact their ability to meet term credit requirements."
credit,p00245,Part 6: Academic Procedures and Information,Progress toward Degree,,56,Academic Procedures — Topic 2,Students who fail to meet the minimum credit requirements each term will receive an academic warning.
credit,p00246,Part 6: Academic Procedures and Information,Progress toward Degree,Satisfactory Performance Each Term (Term Credit Requirements),56,Academic Procedures — Topic 2,Students must make satisfactory progress toward fulfillment of curricular requirements and credits each term.
credit,p00247,Part 6: Academic Procedures and Information,Progress toward Degree,Satisfactory Performance Each Term (Term Credit Requirements),56,Academic Procedures — Topic 2,"All students must meet the following minimum requirements at the start of each fall and spring term or receive an academic warning: To be on track for an on-time graduation, at the start of the A student should have earned at least 7 An academic warning will be issued to students who have earned less than 7 2nd term at Duke Kunshan 16 credits 12 credits 3rd term at Duke Kunshan 34 credits 30 credits 4th term at Duke Kunshan 52 credits 46 credits 5th term at Duke Kunshan 68 credits 62 credits 6th term at Duke Kunshan 84 credits 78 credits 7th term at Duke Kunshan 102 credits 96"
credit,p00248,Part 6: Academic Procedures and Information,Progress toward Degree,Satisfactory Performance Each Term (Term Credit Requirements),56,Student Life & Support,credits 8th term at Duke Kunshan 116 credits 112 credits Students may not carry an underload without the permission of their advisors and the Dean of Undergraduate Studies or designee.
credit,p00249,Part 6: Academic Procedures and Information,Progress toward Degree,Satisfactory Performance Each Term (Term Credit Requirements),56,Academic Procedures — Topic 2,"For the purposes of calculating term credit requirements, incomplete work in any course is considered a failure to achieve satisfactory performance in that course and will be counted as 0 credits. 7 A maximum of 8 credits passed with a D grade (D, D+, D-) can be counted."
credit,p00250,Part 6: Academic Procedures and Information,Progress toward Degree,Satisfactory Performance Each Term (Term Credit Requirements),56,Student Life & Support,"The credit count may include (1) no more than 2 credits in physical education activity courses (i.e., four half-credit activity courses)’ (2) no more than 8 credits taken on a CR/NC grading basis (not including courses offered only on that basis); (3) no more than 40 credits combining any allowable transfer credits, including AP/IPC, transfer credits for study abroad, etc.; and (4) no more than the Duke Kunshan University equivalent of 24 credits in graduate and professional school courses not listed in the Duke University Undergraduate Programs Bulletin. (See Section 3, Credits Required for Degrees.)"
credit,p00251,Part 6: Academic Procedures and Information,Progress toward Degree,Satisfactory Performance Each Term (Term Credit Requirements),57,Academic Procedures — Topic 2,"Students who receive an academic warning for failing to meet the term credit requirements may make up additional credits by enrolling in 20 credits in a subsequent term, enrolling in an overload once a positive academic trajectory has been established, or completing summer coursework at Duke or on another approved study away program. (See Section on Study Away.). Alternatively, students might delay their graduation date. (See Section on Time Limit for Completing Undergraduate Degree.)"
credit,p00254,Part 6: Academic Procedures and Information,"Academic Warning, Probation, and Suspension for Students in the Classes of 2022-2024",Academic Warning,57,Academic Procedures — Topic 2,"Failure to meet any of the following standards will result in academic warning by the Office of Undergraduate Studies: 1. A single or more grade of F or NC (excluding PE courses) in a term 2. A second or more grade of D (D, D-, D+) over the student’s tenure at DKU 3. Failure to meet the term credit requirements (See section on Term Credit Requirements All students issued an academic warning are required to meet with the Director for Academic Advising or designee to discuss their academic progress. Students should also consult with their academic advisor."
credit,p00255,Part 6: Academic Procedures and Information,"Academic Warning, Probation, and Suspension for Students in the Classes of 2022-2024",Academic Probation,57,Academic Procedures — Topic 2,"For a student enrolled in 16 or more credits, the following grades will result in academic probation for the succeeding spring or fall term: during the first term of the freshman year, grades including DD, DF, or FF; during any subsequent spring/fall term, grades including DDD, DF or FF (as long as the student has passed at least 12 credits); and during two consecutive spring/fall terms, grades including DDDD, DDDF, or DDFF."
credit,p00256,Part 6: Academic Procedures and Information,"Academic Warning, Probation, and Suspension for Students in the Classes of 2022-2024",Academic Probation,57,Academic Procedures — Topic 2,"For a student enrolled in an authorized underload (i.e., fewer than 16 credits), the following academic performance will result in academic probation: during the first term of the freshman year, grades of DD or F; during any subsequent fall/spring term, grades"
credit,p00257,Part 6: Academic Procedures and Information,"Academic Warning, Probation, and Suspension for Students in the Classes of 2022-2024",Academic Probation,58,Academic Procedures — Topic 2,"including DDD or DF (as long as 12 credits have been passed in that term); and during two consecutive spring/fall terms, grades including DDDD, DDDF, or DDFF. In a case where probation may be in question because of an incomplete grade, the student will be notified by the Office of the Registrar of the need to have the incomplete replaced by a satisfactory grade in order to avoid academic probation. That is, the satisfactory final grade must be sufficient to avoid the combination of D and F grades that would result in academic probation, as described above."
credit,p00259,Part 6: Academic Procedures and Information,"Academic Warning, Probation, and Suspension for Students in the Classes of 2022-2024",Academic Probation,58,Academic Procedures — Topic 2,"In order to do so, they must enroll in 16 credits (plus up to one PE credit), of which no more than 4 credits may be taken on a Credit/No Credit basis. Grades of C, CR, or better must be earned in each course, or a C average must be achieved in that term. Probationary status cannot be cleared in a term in which students seek permission and are allowed to withdraw to an underload. In such cases, the probationary status continues through the next fall or spring term of enrollment."
credit,p00266,Part 6: Academic Procedures and Information,"Academic Warning, Probation, and Suspension for Students in the Class of 2025 and Beyond",Academic Warning,59,Academic Procedures — Topic 2,"Failure to meet any of the following standards will result in academic warning by the Office of Undergraduate Studies: 4. A single or more grade of F or NC (excluding PE courses) in a term 5. A second or more grade of D (D, D-, D+) over the student’s tenure at DKU 6. Failure to meet the term credit requirements (See section on Term Credit Requirements All students issued an academic warning are required to meet with the Director for Academic Advising or designee to discuss their academic progress. Students should also consult with their academic advisor."
credit,p00269,Part 6: Academic Procedures and Information,"Academic Warning, Probation, and Suspension for Students in the Class of 2025 and Beyond",Academic Probation,60,Academic Procedures — Topic 2,"They are also required to meet with the Director for Academic Advising or designee and are expected to seek assistance from campus resources, have their course selection approved by their advisors and meet periodically with a designated academic coach. They may not study away during the probation period. Students are expected to clear their probationary status during the term of probation. In order to do so, they must enroll in 16 credits (plus up to one PE credit), of which no more than 4 credits may be taken on a Credit/No Credit basis, and achieve term and cumulative grade-point averages of at least 2.000."
credit,p00283,Part 6: Academic Procedures and Information,Changes in Status,Leave of Absence,62,Academic Procedures — Topic 2,"If the leave of absence starts from the first term in their freshmen year, students should first complete all the new student registration procedures before applying for a leave of absence. A student may receive transfer credit for no more than two courses, up to a maximum of 8 credits, taken at another accredited four-year institution in the US or similarly accredited institution abroad and with a liberal arts and general education curriculum while on leave of absence for personal or medical reasons."
credit,p00286,Part 6: Academic Procedures and Information,Changes in Status,Leave of Absence,62,Student Life & Support,Students who undertake independent study under Duke Kunshan University supervision and for Duke Kunshan University credit are not on leave of absence even if studying elsewhere.
credit,p00287,Part 6: Academic Procedures and Information,Changes in Status,Full-time and Part-time Degree Status,63,Academic Procedures — Topic 2,"Candidates for degrees must enroll in a normal course load (i.e., at least 16 credits) each term unless they are eligible and have received permission from their academic advisor and the Dean of Undergraduate Studies or designee to be enrolled in fewer than 16 credits. Students who intend to change from full-time to part-time status must request permission from the Office of Undergraduate Studies. Except for extraordinary circumstances, such permission is given only to students for the final term of their senior year. Students must register their intention to be part-time prior to the first day of class of the term in which the part-time status is requested."
credit,p00288,Part 6: Academic Procedures and Information,Changes in Status,Full-time and Part-time Degree Status,63,Academic Procedures — Topic 2,Part-time students may register for no less than 4 credits and no more than 11 credits. Part-time students may be denied university housing. (See section on Progress toward Degree.)
credit,p00291,Part 6: Academic Procedures and Information,Academic Recognition and Honors,Dean's List,63,Academic Procedures — Topic 2,"Dean’s List accords recognition to academic excellence achieved during each term. To be eligible for this honor, undergraduates must earn a grade point average for a term that places them in the highest third of undergraduates in their class year and in addition must (1) complete at least 16 credits for a regularly assigned grade (i.e., no Credit/No Credit courses); and (2) receive no incomplete or failing (F, NC) grades (including PE courses)."
credit,p00298,Part 6: Academic Procedures and Information,Notification of Intention to Graduate,,64,Academic Procedures — Topic 2,"The Diploma Form submitted by students is official notification that they expect to have completed all requirements for the degree and to receive the diploma on a particular graduation date. They will be confirmed for that specific graduation if basic requirements, i.e., general education, one major, number of credits earned through courses taught or co-taught by Duke faculty, and any additional requirements for students from the Chinese mainland, Hong Kong, Macau and Taiwan have been completed. It is the responsibility of students to submit the form on or before established deadlines."
credit,p00300,Part 6: Academic Procedures and Information,Graduation and Commencement,,64,Academic Procedures — Topic 2,Commencement exercises are held once a year in May when degrees are conferred upon and diplomas are issued to those who have completed degree requirements by the end of the spring term. Students who complete requirements by the end of the summer term or by the end of the fall term receive diplomas in May of the following academic year. Students who are within 20 credits of graduation at the end of the spring term may request to participate in the annual commencement exercises.
credit,p00305,Part 6: Academic Procedures and Information,Procedure for Resolution of Students' Academic Concerns,,65,Student Life & Support,"Duke Kunshan University (DKU) is committed to providing a learning environment in which concerns related to academic matters (issues pertaining to a course, academic instruction or other activities that receive academic credit) are resolved promptly and with support to all parties. Because DKU is committed to its students and the implementation of consistent and nondiscriminatory academic policies and processes, the university has created procedures for resolving academic complaints. This policy refers to academic complaints that are not related to grading. Grade complaints are covered by the separate Undergraduate Student Grade Appeal Resolution Process."
credit,p00341,"Part 8: Career Services, Study Away, and Research Opportunities",Student Research Opportunities,,73,Student Life & Support,"Research experience is an important component of the Duke Kunshan University undergraduate program. Students can do research with Duke Kunshan faculty for credit during the academic year. In limited cases, research for pay is an option. Depending on a student’s particular interests, research may also play a role in their signature work project. In addition, the University Summer Research Scholars (SRS) program supports students participating in collaborative research supervised by Duke Kunshan or Duke faculty over the summer. Students interested in either summer or academic year research are encouraged to discuss their interests directly with faculty whose research areas align."
credit,p00343,"Part 8: Career Services, Study Away, and Research Opportunities",Office of Global Education and Study Away,,73,Student Life & Support,Students who are in good standing at Duke Kunshan University will have the opportunity to attend a study away program for one academic term in their junior year and/or summer terms. The Office of Global Education is responsible for vetting and approving all academic study programs undertaken for credit abroad or off campus. The Office also facilitates the course credit transfer request process for students studying in such programs.
credit,p00344,"Part 8: Career Services, Study Away, and Research Opportunities",Office of Global Education and Study Away,Eligibility,73,Student Life & Support,"Students must apply and receive approval to participate in any credit-bearing study away opportunities through the Office of Global Education. Approved programs (either on DKU’s preapproved program list, or approved by individual petition) will be eligible for credit transfer back to DKU. All students who plan to study away must apply through DKU, receive approval to participate, and sign the DKU Participation Agreement before committing or accepting enrollment in any credit-bearing program. Students may study away and transfer credits for one academic term in their junior year, as well as during summers."
credit,p00348,"Part 8: Career Services, Study Away, and Research Opportunities",Office of Global Education and Study Away,Study Away Opportunities,74,Student Life & Support,"DKU maintains a rich network of opportunities for global learning. Programs around the world include the option of studying at Duke University and a wide variety of international exchanges, university direct enrollment programs, and provider-based programs. Regardless of the program type or location, students must first start their search and application process with the DKU Office of Global Education. Students should refer to the Office of Global Education website for the most up-to-date information on advising for global learning experiences, preapproved program lists, application processes, and credit-transfer processes."
credit,p00356,"Part 8: Career Services, Study Away, and Research Opportunities",Office of Global Education and Study Away,Course Approval and Credit Transfer,75,Student Life & Support,"Students may transfer up to a maximum of 40 credits taken outside of the Duke Kunshan University campus, including advanced placement credits. A maximum of 8 credits may be from coursework undertaken while on voluntary leave of absence for personal or medical reasons. No credit will be accepted for coursework taken while a Duke Kunshan University student is withdrawn, suspended, or on involuntary leave of absence. All courses must be pre-approved for transfer credit. Policies and procedures for course approvals are available from the Office of Global Education."
credit,p00358,"Part 8: Career Services, Study Away, and Research Opportunities",Office of Global Education and Study Away,Course Approval and Credit Transfer,76,Student Life & Support,Students who use S/U on a Duke course that cannot be transferred over as CR/NC at DKU will not earn credits for the course and may be ineligible to retake it at either institution. For courses taken at universities other than Duke University: Transfer of academic credit from nonDuke host institutions or programs is neither automatic nor guaranteed. Students should approach course planning carefully and thoroughly familiarize themselves with advising materials and the course approval and transfer process detailed in the Office of Global Education website and Sakai site. Students should complete the course approval process before committing to attend any program.
credit,p00359,"Part 8: Career Services, Study Away, and Research Opportunities",Office of Global Education and Study Away,Course Approval and Credit Transfer,76,Student Life & Support,"Most courses taken on study away programs are eligible to transfer to DKU as general elective credits, although suitable courses may be submitted for review as full equivalencies or thematic area equivalencies that fulfill major requirements. Only courses taken in which grades of Cor better have been earned are acceptable for transfer credit; courses taken at other institutions with CR/NC grading or the equivalent are not accepted for transfer credit. Students must be able to submit an official transcript, with credits and grades provided by the host institution to the Office of Registrar, DKU."
credit,p00398,Part 10: Majors and Courses,Requirements for All Majors,Language Courses (8-16 Credits),84,Majors & Courses — Topic 2,Please see details in Part 3: The Curriculum. Students in the English for academic purposes (EAP) track are required to take eight credits of EAP courses - EAP 101A to EAP 102B; they can also take 200+ level EAP elective courses or WOC courses to further develop their academic English skills. Students in the Chinese as Second Language (CSL) track need to take 8-16 credits of CHINESE courses appropriate to their Chinese skill level. Students in the Third Language track can satisfy their foreign language requirement by taking 8 credits of written and oral communication (WOC) courses or Third Language (TLANG) independent study courses through the Language Learning Studio.
credit,p00401,Part 10: Majors and Courses,Requirements for All Majors,Required Experiential Learning,85,Academic Procedures — Topic 2,1 Non-credit Mini-Term Course (Not required for the Class of 2022)
credit,p00482,Part 10: Majors and Courses,Majors (listed in alphabetical order),And choose one of the fol l owi ng three Modern World History courses,117,Majors & Courses,"HIST 110 Historical Perspectives on Contemporary Global Issues 4 HIST 313 Southeast Asia from the Age of Imperialism to the Global Cold War 4 HIST 410 The Spice Race: How the Spice Trade shaped our World 4 And a third 4-credit World History course (200-400 level) (i.e., history courses among the electives recommended for this major or other history courses listed under pre-modern or modern World History courses) And one 4-credit non-W o rl d Hi story course (100-400 level) (i.e., any history course not listed among the electives recommended for this major) 4"
credit,p00545,Part 10: Majors and Courses,Majors (listed in alphabetical order),"And an additional 4-credit Chinese History course (200-400 level) (i.e., history courses among the electives recommended for this major) 4",142,Majors & Courses — Topic 2,"And one 4-credit non-Chinese History course (1004 0 0 l e ve l) (i .e ., a n y h i st ory course not listed among the electives recommended for this major) 4"
credit,p00565,Part 10: Majors and Courses,Majors (listed in alphabetical order),And c hoose one of the following three Modern World History courses,154,Majors & Courses,"HIST 110 Historical Perspectives on Contemporary Global Issues 4 HIST 313 Southeast Asia from the Age of Imperialism to the Global Cold War 4 HIST 410 The Spice Race: How the Spice Trade shaped our World 4 And a third 4-credit World History course (200-400 level) (i.e., history courses among the electives recommended for this major or other history courses listed under pre-modern or modern World History courses)"
credit,p00685,Part 10: Majors and Courses,Majors (listed in alphabetical order),Course Code Course Name Course Credit,208,Majors & Courses — Topic 3,"HIST 104 American History to 1876 4 HIST 105 American History from Reconstruction to the Present 4 HIST 201 History Methods and Research 4 And an additional 4-credit American History course (200-400 level) (i .e ., h i st ory courses among the electives recommended for this major) 4"
credit,p00700,Part 10: Majors and Courses,Course Descriptions,"ARTS 21 General Art, Studio (4 credits)",217,Academic Procedures — Topic 2,Credit for advanced placement on the basis of the College Board examination in Studio Art.
credit,p00703,Part 10: Majors and Courses,Course Descriptions,Courses with Course Subject: Behavior Science (BEHAVSCI),219,Majors & Courses — Topic 3,"BEHAVSCI 101 Introduction to Behavioral Science (4 credits) This course provides a broad overview of the research methods and applications of behavioral science. It introduces core phenomena of human behavior including but not limited to decision making, perception and action, and group interactions. It also considers how behavior is influenced by institutions (e.g., governmental policies, business, and environment). The course is expressly interdisciplinary, drawing upon theories and empirical research in psychology, behavioral economics, political science, and other social sciences."
credit,p00704,Part 10: Majors and Courses,Course Descriptions,Courses with Course Subject: Behavior Science (BEHAVSCI),219,Majors & Courses — Topic 3,"BEHAVSCI 102 Mechanisms of Human Behavior (4 credits) This course introduces students to the primary empirical approaches in behavioral science through a combination of directed readings and hands-on experience with the primary methods in the field. Students will design, conduct, and analyze experiments that explore perception, action, and decision making in a laboratory setting. Students will also explore complex social behavior by implementing online experiments and analyzing the resulting data."
credit,p00705,Part 10: Majors and Courses,Course Descriptions,Prerequisite(s): BEHAVSCI 101,219,Majors & Courses — Topic 3,"BEHAVSCI 201 Individuals and Their Decisions (4 credits) This course is a team-taught, question-driven introduction to the certificate and the fundamentals of how humans make decisions. The primary goal is to provide hands-on and problem-focused instruction designed to connect students to research as quickly as possible. Substantive topics include behavioral and experimental economics, consumer behavior and marketing research, game theory, medical decision making, neuroeconomics, and political psychology."
credit,p00706,Part 10: Majors and Courses,Course Descriptions,Prerequisite(s): BEHAVSCI 102,219,Curriculum & Degree Requirements,"BEHAVSCI 202 Institutions, Groups, and Society (4 credits) Through this course, students will gain a deeper appreciation of how the behavior of individuals is influenced by macroscopic factors: group memberships and identity, commercial and political institutions, and cultural and societal norms. Sample topics include voting behavior, legal decision making, how diversity shapes group dynamics, cross-cultural differences in perception and decision making, and the rise and fall of cultural memes. The course will also explore the incorporation of behavioral science into public policy through “nudges” that can shape individual behavior."
credit,p00707,Part 10: Majors and Courses,Course Descriptions,Prerequisite(s): BEHAVSCI 102,220,Majors & Courses — Topic 3,"BEHAVSCI 203 Comparative Analysis of Behavior (4 credits) This course explores commonalities and differences in behavior across species, with a particular focus on how behavior has been shaped by evolutionary pressures (e.g., ecological niches). It will identify ways in which human behavior is mirrored in other great ape species, while also considering evidence for and against uniquely human behavioral capacities. The course will draw upon concepts from psychology, evolutionary anthropology, and related disciplines."
credit,p00708,Part 10: Majors and Courses,Course Descriptions,Prerequisite(s): PSYCH 101 or NEUROSCI 102,220,Majors & Courses — Topic 3,"BEHAVSCI 204 Experimental Philosophy (4 credits) This course investigates the interrelations between the experimental methods of the social/neural sciences and the fundamental questions of philosophy. Students will consider whether and how empirical research could influence a range of philosophical ideas; key topics include the nature of free will, questions of personal responsibility, and ethical judgments and decisions. The limitations of empirical methods – and the challenges of integrating theories across disciplines – will also be explored. BEHAVSCI 205 Systems and Circuits (4 credits) This course will focus on how brain mechanisms enable behavior. We will examine the neural basis of homeostatic control, voluntary actions, motivation, emotion, and decision making."
credit,p00710,Part 10: Majors and Courses,Course Descriptions,Prerequisite(s): NEUROSCI 102,220,Majors & Courses — Topic 3,"BEHAVSCI 301 Computational Neuroscience (4 credits) Students will explore a variety of computational models that have been applied to brain physiology and function. The course will emphasize both understanding of the theoretical underpinnings of those models and applying those models within simulations or data analyses. It will span levels of analysis from neural circuits (e.g., computations in local populations of neurons) to high-level cognition and behavior (e.g., coding properties within sensory systems). The course will include hands-on laboratory exercises; thus, prior programming experience is recommended."
credit,p00711,Part 10: Majors and Courses,Course Descriptions,Prerequisite(s): NEUROSCI 102,220,Curriculum & Degree Requirements,"BEHAVSCI 401 Moving Beyond Nudges (4 credits) This capstone course explores the ethical issues associated with the rise of behavioral science, with particular focus on the intersections between individual autonomy and policy. It is organized around a series of case studies that illustrate applications of behavioral science to different domains;"
credit,p00713,Part 10: Majors and Courses,Course Descriptions,"Prerequisite(s): BEHAVSCI 201, BEHAVSCI 202",221,Curriculum & Degree Requirements,"BEHAVSCI 402 Judgement and Decision Making (4 credits) Building upon the foundational courses in this disciplinary track, this course explores how psychological processes shape human judgment and decision making. Core concepts include understanding rational choice models and their limitations; decision variables like probability, ambiguity, and risk; applications of heuristics to decision making; effective and ineffective uses of incentives; decision rules and aids; and types of interventions that can shape choices."
credit,p00714,Part 10: Majors and Courses,Course Descriptions,BIOL 20 General Biology (4 credits),222,Majors & Courses — Topic 4,"Credit for Advanced Placement on the basis of the College Board Examination in Biology. BIOL 110 Integrated Science – Biology (4 credits) Integrated Science-Biology employs five themes that describe properties of life and will be reiterated over again in Integrated Science-Biology: Organization (Structure and Function), Cycling of Energy and Matter, Information (Genetic Variation), Homeostasis (Interactions), and Evolution. These themes will be unified under the organizational principles of the Scientific Methods, formulating hypothesis and testing hypothesis with experiments. Students in Integrated ScienceBiology will develop the understanding of key concepts in the context of cross-talks with chemistry and physics. While no previous knowledge is required, some background is advantageous."
credit,p00715,Part 10: Majors and Courses,Course Descriptions,Prerequisite(s): None,222,Majors & Courses — Topic 4,"BIOL 201 Cell and Molecular Biology (4 credits) Introduces major concepts in eukaryotic cell biology with a focus on molecular biology. A major emphasis is placed on transcription, translation, protein targeting and transport. In addition, the structure and function of organelles and how they function in metabolism and energetics will be examined. The role of the cytoskeleton and extra cellular matrix in governing cell shape and motility will be addressed as well as the genetic regulation of DNA replication and its place in the cell cycle and how disruption of either can lead to cancer."
credit,p00717,Part 10: Majors and Courses,Course Descriptions,"Prerequisite(s): INTGSCI 102; or, BIOL 110 and CHEM 110 or 120",222,Majors & Courses — Topic 4,"BIOL 202 Genetics and Evolution (4 credits) Examines the structure and function of genomics and the flow of genomic information from parent to progeny and through populations. Changes in genetic makeup underlie important biological processes from disease to adaptation and evolution. Topics include classical transmission genetics (inheritance, assortment, and recombination), bacterial and phage genetics, gene regulation, genome structure and stability, mutation and repair, population genomics, complex trait inheritance evaluation and modern genomic techniques. The laboratory portion examines genetic inheritance in common laboratory model systems like yeast and Drosophila with projects that show what can be learned about gene function by the examination of mutants."
credit,p00719,Part 10: Majors and Courses,Course Descriptions,Prerequisite(s): INTGSCI 102 or BIOL 110,223,Majors & Courses — Topic 4,"BIOL 203 Molecular, Behavioral and Social Evolution: Darwin’s Theories Between Science and Culture (4 credits) BIOL 203 examines Darwin’s theories of natural selection and evolution through multiple lenses in scientific and humanistic disciplines. This course covers the key concepts of biological evolution, examines how simple behaviors evolve in animals and humans, and explores current ideas about the evolution of complex social behaviors and societies. The course will also introduce students to the thinkers that influenced Darwin, such as economist Thomas Malthus and geologist Charles Lyell, as well as to Darwin’s influence on later thinkers from political theorist Karl Marx to historian Yuval Noah Harari."
credit,p00721,Part 10: Majors and Courses,Course Descriptions,Prerequisite(s): INTGSCI 101 or BIOL 110 or Consent of the Instructor,223,Majors & Courses — Topic 4,"BIOL 208 General Ecology (4 credits) Humans are the dominant species on Earth and ecology is key to understanding the multiple feedbacks through which their activities affect human health. Fundamental principles of ecology, from population to ecosystem levels, will be examined through the lens of human health. Topics include human population growth and carrying capacity, why we age, infectious disease dynamics, the microbiome and human health, sustainable agriculture and food security, sustainable harvest of wild foods, dynamics of pollutants in food webs, ecosystem services to humans, and human impacts of climate change."
credit,p00722,Part 10: Majors and Courses,Course Descriptions,Prerequisite(s): None,223,Majors & Courses — Topic 4,"BIOL 212 Microbiology (4 credits) This course examines a number of different types of microbes including bacteria, archaea, fungi and viruses. Classical and modern approaches to the study of microorganisms and their roles/applications in everyday life, food, medicine, research and the environment. Topics covered include microbial cell structure/function, growth, genetics, energetics/metabolism, evolution and ecology. Virology topics include structure, life cycle, modes of transmission and host ranges. Additional examination of the role of microorganisms in disease, infection and immunology. The laboratory portion would stress aseptic technique and microbial culture; molecular, cytochemical, and physiological tests for microbial identification; and fermentation and its products for food and industrial production."
credit,p00723,Part 10: Majors and Courses,Course Descriptions,Prerequisite(s): BIOL 201 or Consent of the Instructor,223,Majors & Courses — Topic 4,BIOL 304 Molecular Genetic Analysis (4 credits) A range of genetic traits can be mapped and investigated using molecular approaches. Here we will utilize several model systems to examine different molecular methods to identify genetic traits
credit,p00725,Part 10: Majors and Courses,Course Descriptions,"Prerequisite(s): BIOL 201, BIOL 202",224,Majors & Courses — Topic 4,"BIOL 305 Introduction to Biochemistry (4 credits) Provides an introduction to the chemistry of biological macromolecules from the single molecule to cellular metabolism to the whole organism level. Protein biochemistry topics include protein synthesis, folding and structure, enzyme catalysis and kinetics, and analysis methods. Cellular metabolism topics include glycolysis, gluconeogenesis, the Krebs cycle, oxidative phosphorylation, and fatty acid and amino acid metabolism. Whole organism biochemistry/physiology topics include glycogen storage, insulin signaling and diabetes."
credit,p00726,Part 10: Majors and Courses,Course Descriptions,Prerequisite(s): CHEM 201,224,Majors & Courses — Topic 4,"BIOL 306 Cell Signaling and Diseases (4 credits) During the past several decades, exploration in basic research has yielded extensive knowledge about the numerous and intricate signaling processes involved in the development and maintenance of a functional organism. In order to demonstrate the importance and processes of cellular communication, this course will focus on cell signaling mechanisms and diseases resulting from their malfunction, such as cancer, stroke, and neuron degeneration (including Parkinson's disease, Alzheimer's disease, Huntington's disease, and Amyotrophic lateral sclerosis). Students will be exposed to current literature and cutting edge knowledge."
credit,p00727,Part 10: Majors and Courses,Course Descriptions,Prerequisite(s): BIOL 201,224,Majors & Courses — Topic 4,"BIOL 307 Cancer Genetics (4 credits) Overview of the genetic changes associated with cancer and the molecular events that transform normal cellular processes into tumor-promoting conditions. Topics include: tumor viruses, oncogenes, growth factors, signal transduction pathways, tumor suppressors, cell cycle control, apoptosis, genome instability, stem cells, metastasis, and current therapeutic approaches."
credit,p00728,Part 10: Majors and Courses,Course Descriptions,"Prerequisite(s): BIOL 201, BIOL 202",224,Majors & Courses — Topic 4,"BIOL 308 Evolution of Infectious Diseases (4 credits) Covers the physiology and the ecological and evolutionary dynamics of a suite of infectious diseases. Case studies include influenza, cholera, HIV, and myxomatosis, among others, with an emphasis on pathogens infecting humans. Topics include: basic immunology, the physiology of different disease processes and transmission, the role of population size on disease transmission, the effects of climate and behavioral changes on disease dynamics, networks of disease spread, spatial spread of disease, evolution of virulence, antigenic evolution, emerging infectious diseases."
credit,p00729,Part 10: Majors and Courses,Course Descriptions,"Prerequisite(s): BIOL 201, BIOL 202",225,Majors & Courses — Topic 4,"BIOL 309 Comparative Vertebrate Anatomy (4 credits) The structure, function and evolution of the vertebrate body systems including skeletal, digestive, circulatory, respiratory and nervous systems. Emphasis on understanding the functional, evolutionary and developmental basis for the similarities and difference observed among living vertebrates. In addition, examination of the physiological principles that function within these systems using examples like neural control, gas exchange, movement, excretion and metabolism. The laboratory portion will examine the various systems (muscular, skeletal, nervous, etc.) of human and non-human anatomical specimens. It will also include experiments examining the physiological aspects of the nervous, and respiratory systems."
credit,p00730,Part 10: Majors and Courses,Course Descriptions,Prerequisite(s): Consent of the instructor,225,Majors & Courses — Topic 4,"BIOL 310 Developmental Biology: Development, Stem Cells, and Regeneration (4 credits) Mechanisms of fertilization, control of cell divisions, diversification of cell types, organization and differentiation of cells and tissues of the organism, and patterning necessary to establish the body plan of many organisms including vertebrates, invertebrates and plants. Included among these mechanisms are the roles of transcription factors in controlling the trajectories toward tissues, signal transduction, morphogenetic movements, and other mechanisms used by different plants and animals to build a functional adult. Also includes stem cell biology, regeneration of tissues, sex determination, and evolutionary mechanisms of diversification."
credit,p00731,Part 10: Majors and Courses,Course Descriptions,Prerequisite(s): BIOL 201,225,Majors & Courses — Topic 4,"BIOL 311 Biogeochemistry (4 credits) Biogeochemistry is the study of how chemical elements flow through living systems and their physical environments. This course will investigate the factors that influence the cycling of those elements that are essential to life as well as the liberation, transport and exposure pathways of toxic trace elements. Concepts of nutrient limitation, element stoichiometry, primary productivity and carbon sequestration will be covered in depth, and will be applied to the study of human impacts on the global biogeochemical cycles of water, carbon, nutrients and trace metals."
credit,p00732,Part 10: Majors and Courses,Course Descriptions,"Prerequisite(s): INTGSCI 102; or, BIOL 110, and CHEM 110 or 120",225,Majors & Courses — Topic 4,"BIOL 312 Ecophysiology (4 credits) This course examines how plants sense and react to environmental change in both an organismal and evolutionary context and how those reactions are scaled to the specific change. The environmental changes examined include light, temperature, water, CO2, and nutrient availability. To examine these changes at the molecular level, a detailed review of plant development, growth, and physiology is also covered."
credit,p00733,Part 10: Majors and Courses,Course Descriptions,Prerequisite(s): BIOL 208 or Consent of the Instructor,226,Majors & Courses — Topic 4,"BIOL 313 Ecosystem Service (4 credits) Ecosystem services are the benefits that people obtain from ecosystems and utilizes a system level approach to examine the interactions between four services. The course will include discussion of nutrient recycling as a supporting service, food production as a provisioning service, carbon sequestration as a regulating service and education as a cultural service as well as how they fit together in a sustainable system. Students will learn through case studies of the application of conservation, restoration and market valuation approaches to protecting critical ecosystem processes."
credit,p00734,Part 10: Majors and Courses,Course Descriptions,Prerequisite(s): BIOL 208 or Consent of the Instructor,226,Majors & Courses — Topic 4,"BIOL 314 Computational Biology and Bioinformatics (4 credits) This course focuses on the analysis of genomic and genome-related biological data sets using computational methods. The course will cover not only the identification, retrieval and exploration of specific values from a large, genomic data set, but will also include the genome-scale comparison of data sets. Topics discussed will include genome sequence assembly, alignments, RNAseq analysis, motif finding, and gene classifications."
credit,p00735,Part 10: Majors and Courses,Course Descriptions,Prerequisite(s): BIOL 201 or 202; and MATH 205 or STATS 101,226,Majors & Courses — Topic 4,"BIOL 315 Experimental Molecular Biology (4 credits) Progress in laboratory molecular biology and biotechnology have yielded phenomenal advancements in research, medicine, and diagnostics. In this hands-on laboratory course, students will perform many of the most common experimental methods in molecular biology: PCR, protein purification, site-directed mutagenesis, CRISPR and gene synthesis in one continuous project involving regulated protein localization."
credit,p00736,Part 10: Majors and Courses,Course Descriptions,Prerequisite(s): BIOL 201,226,Majors & Courses — Topic 4,"BIOL 316 Quantitative Physiology (4 credits) This course is a mathematical examination of processes in human physiological systems including pressure and electrical forces, concentration, kinetics and diffusion and mechanical forces. Examples of each will be discussed in the nervous, cardiovascular, renal, gastrointestinal, respiratory, and endocrine systems. The laboratory portion will complement the lecture topics and use detailed statistical analysis of data."
credit,p00737,Part 10: Majors and Courses,Course Descriptions,Prerequisite(s): MATH 101 or MATH 105; BIOL 110; MATH 205 or STATS 101,226,Majors & Courses — Topic 4,BIOL 317 Systems Biology (4 credits) Introduction to concepts and applications of Systems Biology. Identification of molecular interactions that underlie cellular function using data acquired through high-throughput
credit,p00739,Part 10: Majors and Courses,Course Descriptions,Prerequisite(s): BIOL 201; and MATH 205 or STATS 101,227,Majors & Courses — Topic 4,"BIOL 318 Food Web Ecology (4 credits) This course examines the movement of food energy through a community and ecosystem. After examining species diversity and abundance in ecosystems, the course will look at the species interactions within that ecosystem, including the role of keystone species. The roles of primary and secondary producers in a community and the role of decomposers will be examined to bring the cycle to a close."
credit,p00740,Part 10: Majors and Courses,Course Descriptions,Prerequisite(s): BIOL 208 or Consent of the Instructor,227,Majors & Courses — Topic 4,"BIOL 319 Global Change Biology (4 credits) The rapid change in Earth’s climate has distinct biological causes and effects and in this course, both will be addressed. Beginning with a review of the Earth’s climate system and how it has evolved over time to its current state, students will then examine the human-driven causes of its rapid CO2 and temperature changes. These changes have consequences and detailed examinations of examples such as species range shifts, extinctions, and changes in biological event timing will be discussed."
credit,p00741,Part 10: Majors and Courses,Course Descriptions,Prerequisite(s): BIOL 208 or Consent of the Instructor,227,Majors & Courses — Topic 4,"BIOL 320 Bioethics (4 credits) This course examines the study of ethical issues emerging from technological advancements in biomedical research using a combination of disciplines including biology, philosophy, and law. Topics discussed may include disease diagnostics quandaries (pre-natal as well as elderly); genetic modification of animals and plants for agriculture, and of humans for disease relief; and animal rights with regard to research, farm, and home. The legal aspects of genomics, cloning and diagnostics will also be discussed."
credit,p00742,Part 10: Majors and Courses,Course Descriptions,Prerequisite(s): INTGSCI 101 or BIOL 110,227,Majors & Courses — Topic 4,"BIOL 401 Advanced Biochemistry: Cell Metabolism (4 credits) Builds on and extends the core metabolism concepts introduced in BIOL305: Introduction to Biochemistry. Detailed examination of additional cellular anabolic and catabolic pathways including nucleotides, lipids, cholesterol, and others. This course had an increased focus on the metabolic similarities and differences between humans, bacteria, and plants."
credit,p00743,Part 10: Majors and Courses,Course Descriptions,Prerequisite(s): BIOL 305,228,Majors & Courses — Topic 4,"BIOL 403 Experimental Methods in Functional Genomics (4 credits) Functional genomics aims to identify a function for every gene in a genome. Using model systems like yeast, fruit flies and human cell lines, scientists can work toward this goal using a variety of methods. Approaches discussed will include a genetic approach by systematically reducing gene function by mutation or RNAi and examining a phenotype. Cellular location approaches using GFP fusions, yeast two-hybrid, and proteomics approaches will also be reviewed."
credit,p00744,Part 10: Majors and Courses,Course Descriptions,"Prerequisite(s): BIOL 201, BIOL 202",228,Majors & Courses — Topic 4,"BIOL 404 Genomics of Adaptation (4 credits) Contemporary studies of how populations and species evolved adaptations to their ecological habitats. Focus on modern methods of genome mapping and sequence data and analysis in wild populations that can identify genetic changes that contributed to ecological adaptations. Emphasis on case studies of genomics of adaptation in plant and animal systems, including humans and our adaptations to environments that our ancestors encountered as they colonized diverse habitats throughout the world. Examples will also illustrate how speciation and hybridization can contribute to adaptive biodiversity."
credit,p00745,Part 10: Majors and Courses,Course Descriptions,Prerequisite(s): BIOL 202,228,Majors & Courses — Topic 4,"BIOL 405 Microbial Ecology (4 credits) Microorganisms represent the greatest diversity of life on Earth and couple the geochemical world to the living one across many ecosystems. This course will examine the role of microorganisms in biogeochemical cycles in terrestrial and aquatic ecosystems. Other topics discussed will include the symbiosis of microbes with plants, animals and other microbes to form communities. Finally, the role of microorganisms in converting or decomposing biological or geochemical materials will be addressed."
credit,p00746,Part 10: Majors and Courses,Course Descriptions,"Prerequisite(s): INTGSCI 102; or, BIOL 110, and CHEM 110 or 120",228,Majors & Courses — Topic 4,"BIOL 406 Population Ecology (4 credits) This course examines a species population and its interactions within their ecosystem. Topics covered include demography and dynamics of structured populations, population regulation, population dynamics, metapopulations, and life history strategies. Interspecific interaction topics covered include competition, mutualism, host-parasite and predator/prey interactions."
credit,p00747,Part 10: Majors and Courses,Course Descriptions,Prerequisite(s): BIOL 208 or Consent of the Instructor,229,Majors & Courses — Topic 4,"BIOL 407 Population Genomics and Molecular Evolution (4 credits) This course examines the genetic mechanisms of evolutionary change at the DNA sequence level in populations. Topics covered will include models of nucleotide and amino acid substitution, linkage disequilibrium and joint evolution of multiple loci. Evolutionary topics include neutrality, adaptive selection and hitchhiking. Case histories of molecular evolution as well as hypothesis testing and estimation of evolutionary parameters will be discussed."
credit,p00748,Part 10: Majors and Courses,Course Descriptions,Courses with Course Subject: Capstone (CAPSTONE),230,Academic Procedures — Topic 2,CAPSTONE 495 Signature Work Capstone I (4 credits)
credit,p00749,Part 10: Majors and Courses,Course Descriptions,Prerequisite(s): Senior Standing,230,Academic Procedures — Topic 2,CAPSTONE 496 Signature Work Capstone II (4 credits)
credit,p00750,Part 10: Majors and Courses,Course Descriptions,CHEM 20 General Chemistry (4 credits),231,Academic Procedures — Topic 2,Credit for Advanced Placement on the basis of the College Board Examination in Chemistry.
credit,p00751,Part 10: Majors and Courses,Course Descriptions,CHEM 105: Chemistry in Context (4 credits),231,Majors & Courses — Topic 4,"This course is a chemistry course aimed at students of non-science majors. Through the lenses of topical issues, this course allows students majoring in a non-science field to experience the process of science, investigating how science works, its potential and limitations, and how science and society influence/impact each other. Topics are variable but will seek to engage students in concepts that illuminate their everyday lives. Inquiry-based laboratory exercises will support the theoretical framework of the course. Prerequisite: None. Not open to students who have credits for INTGSCI 101 or CHEM 110."
credit,p00752,Part 10: Majors and Courses,Course Descriptions,CHEM 105: Chemistry in Context (4 credits),231,Majors & Courses — Topic 4,"CHEM 110 Integrated Science – Chemistry (4 credits) With an integrated approach, this course examines basic concepts and fundamental principles in chemistry based on the laws of physics. The course starts with an introduction to the static structures of atoms, molecules and matter including life itself, followed by an exploration of the dynamical and collective processes during chemical reactions. It explains how atoms, the basic building blocks of matter, interact with each other and construct the world around us, how subatomic electrons modulate the chemical properties of elements, and how the rearrangement of atoms during chemical reactions gives rise to astonishing phenomena in nature."
credit,p00753,Part 10: Majors and Courses,Course Descriptions,CHEM 105: Chemistry in Context (4 credits),231,Majors & Courses — Topic 4,"Centered on topics in chemistry, this course not only prepares students for upper-level disciplinary courses, but also helps students develop an interdisciplinary molecular perspective, which allows them to tackle problems in various fields such as condensed matter physics, molecular biology, medicine, materials science and environmental science. While no previous knowledge is required, some background is advantageous. Not open to students who have credits for both INTGSCI 101 and 102 or CHEM 120"
credit,p00754,Part 10: Majors and Courses,Course Descriptions,Prerequisite(s): None,231,Majors & Courses — Topic 4,"CHEM 120 Core Concepts in Chemistry: An Environmental Perspective (4 credits) Current challenges and opportunities in environmental science require a foundational knowledge of core concepts in chemistry. In this course, students will learn core chemical concepts including properties of gases and solutions, thermodynamics, kinetics, equilibrium, electrochemistry and nuclear chemistry as they apply to the understanding of ozone depletion, photochemical smog, climate change, acid deposition, dissolved oxygen, pH, alkalinity and alternative energy sources."
credit,p00755,Part 10: Majors and Courses,Course Descriptions,Prerequisite(s): INTGSCI 101; MATH 101 or 105,232,Majors & Courses — Topic 4,"CHEM 130 Science of Cooking (4 credits) Course material includes an introduction to the structure of molecules as well as their interand intramolecular interactions, with an emphasis on those species of importance to food and cooking. Additional science topics include cell structure of plants and meats and methods of heat transfer. Chemical reactivity as it relates to cooking, fermentation, food preservation and spoilage will also be discussed."
credit,p00756,Part 10: Majors and Courses,Course Descriptions,Prerequisite(s): None,232,Majors & Courses — Topic 4,"CHEM 150 General Chemistry II (4 credits) This course is the continuation of the Integrated Science - Chemistry continuum, including intermolecular forces, states of matter, aqueous ionic equilibrium and solubility equilibrium, dynamics (kinetics and thermodynamics), electrochemistry, and nuclear chemistry. Lab experiments verifying related theories and utilizing data analysis are also part of the course."
credit,p00757,Part 10: Majors and Courses,Course Descriptions,Prerequisite(s): INTGSCI 102 or CHEM 110 or CHEM 120,232,Majors & Courses — Topic 4,"CHEM 201 Organic Chemistry I (4 credits) In this course students will learn to recognize organic chemical structures and reactions that are akin to those found in living cells, as well as learn the molecular underpinnings for the many consumer goods and products we encounter and use in daily life. In addition to covering the scientific principles and applications of organic chemistry, this course will also explore how a variety of organic molecules have had an impact on history, society, and global economics."
credit,p00759,Part 10: Majors and Courses,Course Descriptions,Prerequisite(s): INTGSCI 102 or CHEM 110 or CHEM 120,232,Majors & Courses — Topic 4,CHEM 202 Organic Chemistry II (4 credits) Continuation of CHEM 201.
credit,p00760,Part 10: Majors and Courses,Course Descriptions,Prerequisite(s): CHEM 201,233,Majors & Courses — Topic 3,"CHEM 301 Elements of Physical Chemistry (4 credits) The course introduces students to core concepts in physical chemistry including quantum chemistry, molecular structure, molecular spectroscopy, thermodynamics, and kinetics. The course also includes laboratory experiments illustrative of these topics, as well as instruction and practice in writing the laboratory notebook and formal laboratory reports."
credit,p00761,Part 10: Majors and Courses,Course Descriptions,Prerequisite(s): CHEM 150 and PHYS 122,233,Majors & Courses — Topic 4,"CHEM 315 Aqueous Geochemistry (4 credits) This course is designed to provide the student with an understanding of the fundamentals of aqueous geochemistry. This course focuses on the fundamental aquatic geochemical processes (e.g. mineral precipitation/dissolution, solution complexation, acid-base chemistry) that shape and transform the Earth's surface as a result of rock-water interactions, and associated impacts on the fate and transport of inorganic and organic contaminants in aqueous and geochemical environments."
credit,p00763,Part 10: Majors and Courses,Course Descriptions,Prerequisite(s): INTGSCI 102 or CHEM 110 or CHEM 120,233,Majors & Courses — Topic 4,"CHEM 401 Analytical Chemistry (4 credits) Fundamentals of qualitative and quantitative measurement with emphasis on chemometrics, quantitative spectrometry, electrochemical methods, and common separation techniques, including laboratory experiments that illustrate various of these techniques."
credit,p00764,Part 10: Majors and Courses,Course Descriptions,Prerequisite(s): CHEM 150 and CHEM 201,233,Majors & Courses — Topic 4,"CHEM 402 - Inorganic Chemistry (4 credits) Bonding, structures, and reactions of inorganic compounds studied through physical chemical concepts."
credit,p00765,Part 10: Majors and Courses,Course Descriptions,Prerequisite(s): CHEM 301,233,Majors & Courses — Topic 4,CHEM 403 Advanced Topics in Physical Chemistry (4 credits) Builds on and extends the core concepts introduced in Elements of Physical chemistry. Advanced topics and recent developments in physical chemistry.
credit,p00766,Part 10: Majors and Courses,Course Descriptions,Prerequisite(s): CHEM 301,234,Majors & Courses — Topic 4,"CHEM 404 Physical Biochemistry (4 credits) This course examines the theory and methods used to characterize the physical properties of biological macromolecules like DNA, RNA, and protein. A portion of the course will cover thermodynamics of biological macromolecules including both molecular measurements and statistical thermodynamic modeling. A second portion of the course will examine analysis methods including X-Ray diffraction, Spectroscopy, NMR, and Mass Spectrometry."
credit,p00767,Part 10: Majors and Courses,Course Descriptions,Prerequisite(s): PHYS 122; BIOL 305,234,Majors & Courses — Topic 3,"CHEM 410 Introduction to Materials Chemistry (4 credits) This course will cover a variety of different types of materials and their properties including solids (insulators, semiconductors, conductors, superconductors, magnetic materials), soft materials (polymers, gels, liquid crystals), nanoscale structures, and organic electronics. The application of basic chemical principles to problems in materials discovery, design, and characterization will be discussed. Topics covered will include inorganic solids, nanoscale materials, polymers, and biological materials, with specific focus on the ways in which atomic-level interactions dictate the bulk properties of matter. Prerequisite(s): CHEM 402"
credit,p00768,Part 10: Majors and Courses,Course Descriptions,Chinese as Second Language Courses,235,Majors & Courses — Topic 2,"CHINESE 101A Beginning Chinese 1 – A (2 credits) This course is for students with little or no knowledge of the Chinese language, and is designed for building basic communicative proficiency in Mandarin Chinese. The course teaches speaking, listening, reading, and writing skills, but it places special emphasis on the oral communication skills needed for daily life interactions in Chinese, and students will be required to practice using Chinese for daily life tasks outside class. Students will begin learning to read basic high-frequency characters, and learn how to write characters properly with correct stroke order."
credit,p00770,Part 10: Majors and Courses,Course Descriptions,Prerequisite(s): None,235,Majors & Courses — Topic 2,CHINESE 101B Beginning Chinese 1 – B (2 credits) Continuation of CHINESE 101A.
credit,p00771,Part 10: Majors and Courses,Course Descriptions,Prerequisite(s): CHINESE 101A,235,Majors & Courses — Topic 2,"CHINESE 102A Beginning Chinese 2 – A (2 credits) This course continues teaching basic communicative proficiency in Mandarin Chinese. As with CHINESE 101, the course teaches speaking, listening, reading, and writing skills. Special emphasis will be placed on learning the oral communication skills needed for daily life interactions in Chinese, and students will be expected to practice using Chinese for daily life tasks outside class. Students will learn to read high-frequency characters and learn how to write characters properly with correct stroke order. Additionally students will learn about Chinese culture, especially as it relates to managing the daily tasks of life in China. Prerequisite(s): CHINESE 101B or the equivalent."
credit,p00772,Part 10: Majors and Courses,Course Descriptions,Prerequisite(s): CHINESE 101A,235,Majors & Courses — Topic 2,CHINESE 102B Beginning Chinese 2 - B (2 credits) Continuation of CHINESE 102A
credit,p00773,Part 10: Majors and Courses,Course Descriptions,Prerequisite(s): CHINESE 102A,236,Majors & Courses — Topic 2,"CHINESE 131A First Year Chinese for Heritage Learners 1 – A (2 credits) This course is designed for CSL track students who were raised in a Chinese-speaking environment and who are proficient in speaking and listening to Chinese in daily and social conversation, but who have little or no ability to read or write in Chinese. This course will focus on teaching these students to read and write in Chinese, improve their pronunciation and grammatical structures of Mandarin, and expand vocabulary beyond daily life."
credit,p00775,Part 10: Majors and Courses,Course Descriptions,Prerequisite(s): None,236,Majors & Courses — Topic 2,CHINESE 131B First Year Chinese for Heritage Learners 1 - B (2 credits) Continuation of CHINESE 131A
credit,p00776,Part 10: Majors and Courses,Course Descriptions,Prerequisite(s): CHINESE 131A,236,Majors & Courses — Topic 2,"CHINESE 132A First Year Chinese for Heritage Learners 2 – A (2 credits) This course is a continuation of CHINESE 131. This course will continue developing students’ reading and writing ability in Chinese, improving their pronunciation and their grasp of the grammatical structures of Mandarin, and expanding vocabulary beyond daily life. Students will develop these skills both through curricular activities (such as pair work, writing essays and diaries, and group work) and extracurricular activities (such as Chinese Table and Language Partners). Topics of the course will vary from home and social life to cultural and social issues. Prerequisite(s): CHINESE 131B or equivalent."
credit,p00777,Part 10: Majors and Courses,Course Descriptions,Prerequisite(s): CHINESE 131A,236,Majors & Courses — Topic 2,CHINESE 132B First Year Chinese for Heritage Learners 2 – B (2 credits) Continuation of CHINESE 132A
credit,p00779,Part 10: Majors and Courses,Course Descriptions,Prerequisite(s): CHINESE 102B or equivalent,237,Majors & Courses — Topic 2,CHINESE 201B Intermediate Chinese 1 – B (2 credits) Continuation of CHINESE 201A
credit,p00780,Part 10: Majors and Courses,Course Descriptions,Prerequisite(s): CHINESE 201A,237,Majors & Courses — Topic 2,"CHINESE 202A Intermediate Chinese 2 – A (2 credits) This course is designed to help students continue building basic communicative proficiency in Mandarin Chinese. The primary emphasis is on oral communication skills, with a focus on social conversations in Chinese, and the course includes assignments in which students will find opportunities outside class to practice using their Chinese for social interaction. Students will also continue building their ability to read dialogues that provide good models of social interaction in Chinese, and practice writing simple texts. Additionally students will learn about Chinese culture, especially as it relates to Chinese life and society."
credit,p00781,Part 10: Majors and Courses,Course Descriptions,Prerequisite(s): CHINESE 201B or equivalent,237,Majors & Courses — Topic 2,CHINESE 202B Intermediate Chinese 2 – B (2 credits) Continuation of CHINESE 202A
credit,p00782,Part 10: Majors and Courses,Course Descriptions,Prerequisite(s): CHINESE 202A,237,Majors & Courses — Topic 2,"CHINESE 231A Second Year Chinese for Heritage Learners 1 – A (2 credits) This course, a continuation of CHINESE 132, is designed to help Chinese heritage students continue improving their formal and informal discourse in speaking and writing. This course aims to further expand and refine students’ language skills by studying a variety of texts that are written with advanced intermediate-level vocabulary (including vocabulary denoting abstract concepts), complex grammatical structures, and formal language uses. Students will develop these skills both through curricular activities (such as pair work, writing essays and diaries, and group work) and extracurricular activities (such as Chinese Table and Language Partners)."
credit,p00784,Part 10: Majors and Courses,Course Descriptions,Prerequisite(s): CHINESE 132B or equivalent,237,Majors & Courses — Topic 2,CHINESE 231B Second Year Chinese for Heritage Learners 1 – B (2 credits) Continuation of CHINESE 231A
credit,p00785,Part 10: Majors and Courses,Course Descriptions,Prerequisite(s): CHINESE 231A,238,Majors & Courses — Topic 2,"CHINESE 232A Second Year Chinese for Heritage Learners 2 – A (2 credits) This course, a continuation of CHINESE 231, is designed to help Chinese heritage students continue improving their formal and informal discourse in speaking and writing. This course aims to further expand and refine students’ language skills by studying a variety of texts that are written with advanced intermediate-level vocabulary (including vocabulary denoting abstract concepts), complex grammatical structures, and formal language uses. Students will develop these skills both through curricular activities (such as pair work, writing essays and diaries, and group work) and extracurricular activities (such as Chinese Table and Language Partners)."
credit,p00787,Part 10: Majors and Courses,Course Descriptions,Prerequisite(s): CHINESE 231B or equivalent,238,Majors & Courses — Topic 2,CHINESE 232B Second Year Chinese for Heritage Learners 2 - B (2 credits) Continuation of CHINESE 232A
credit,p00788,Part 10: Majors and Courses,Course Descriptions,Prerequisite(s): CHINESE 232A,238,Majors & Courses — Topic 2,"CHINESE 301A Advanced Intermediate Chinese 1 – A (2 credits) This course reinforces what students have learned in the Intermediate Chinese courses, and continues to expand and refine their skills in listening, speaking, reading, and writing by learning a variety of texts that are written with advanced vocabulary (including academic vocabulary and vocabulary denoting abstract concepts), complex grammatical structures, and formal language uses. In addition, students will be introduced to current social issues in China (such as parenting, demographics, marriage, etc.) and different aspects of Chinese culture (such as courtesy, family relationships, ethics, etc.)."
credit,p00790,Part 10: Majors and Courses,Course Descriptions,Prerequisite(s): CHINESE 202B or equivalent,238,Majors & Courses — Topic 2,CHINESE 301B Advanced Intermediate Chinese 1 – B (2 credits) Continuation of CHINESE 301A
credit,p00791,Part 10: Majors and Courses,Course Descriptions,Prerequisite(s): CHINESE 301A,239,Majors & Courses — Topic 2,"CHINESE 302A Advanced Intermediate Chinese 2 – A (2 credits) This course transitions students toward reading authentic texts relating to Chinese society (e.g. newspaper and magazine articles), with emphasis on learning relevant vocabulary. It also builds students’ ability to comprehend authentic media resources (e.g. television programs, documentaries, etc.) on similar topics. Oral skills will be built through discussion of these topics, and students will also be expected to practice their spoken Chinese outside class by conversing with Chinese speakers about the topics studied in class. Students will also continue to build their writing skills by writing short papers in Chinese relating to the topics studied."
credit,p00792,Part 10: Majors and Courses,Course Descriptions,Prerequisite(s): CHINESE 301B or equivalent,239,Majors & Courses — Topic 2,CHINESE 302B Advanced Intermediate Chinese 2 – B (2 credits) Continuation of CHINESE 302A
credit,p00793,Part 10: Majors and Courses,Course Descriptions,Prerequisite(s): CHINESE 302A,239,Majors & Courses — Topic 2,"CHINESE 401A Advanced Chinese – Issues in Modern China 1 – A (2 credits) In this course students will learn about social and cultural issues in China through study of authentic texts in Chinese and authentic media resources (e.g. television programs, documentaries, etc.). Oral skills will be built through discussion of these topics, and students will also be expected to practice their spoken Chinese outside class by talking with Chinese speakers about the topics studied in class. Students will also continue to build their writing skills by writing short papers in Chinese relating to the topics studied."
credit,p00794,Part 10: Majors and Courses,Course Descriptions,Prerequisite(s): CHINESE 302B or equivalent,239,Majors & Courses — Topic 2,CHINESE 401B Advanced Chinese – Issues in Modern China 1 – B (2 credits) Continuation of CHINESE 401A
credit,p00795,Part 10: Majors and Courses,Course Descriptions,Prerequisite(s): CHINESE 401A,239,Majors & Courses — Topic 2,"CHINESE 402A Advanced Chinese – Issues in Modern China 2 – A (2 credits) The Advanced Chinese course sequence is designed to build students' ability to read authentic texts in Chinese, such as newspaper texts; it also builds students' ability to watch and listen to authentic media programs (e.g. television programs, documentaries, etc.). Students will be introduced to the following themes: popular culture, social change, cultural traditions, history and politics. Through study and discussion, students will be able to better understand the social and cultural issues in China, improve reading and listening abilities, and deliver detailed and organized presentations on these topics."
credit,p00796,Part 10: Majors and Courses,Course Descriptions,Prerequisite(s): CHINESE 401B or equivalent,240,Majors & Courses — Topic 2,CHINESE 402B Advanced Chinese – Issues in Modern China 2 – B (2 credits) Continuation of CHINESE 402A
credit,p00797,Part 10: Majors and Courses,Course Descriptions,Prerequisite(s): CHINESE 402A,240,Majors & Courses — Topic 2,"CHINESE 403 Readings in Pre-Modern Chinese (4 credits) This course builds students ability to read and interpret pre-modern bai hua texts. The course will focus on stories from Feng Menglong’s Sanyan, the most popular and well-known collection of vernacular Chinese short stories published in the late Ming period (late sixteenth and early seventeenth centuries); also included will be excerpts from late Ming plays/operas (xiqu). This course will also introduce and lecture on the culture and urban life of the late Ming Dynasty, aiming to enhance students’ understanding of pre-modern Chinese literature and social life."
credit,p00798,Part 10: Majors and Courses,Course Descriptions,Prerequisite(s): CHINESE 402B or equivalent,240,Majors & Courses — Topic 2,"CHINESE 404 Readings in Modern Chinese Fiction (4 credits) In this course students will read selections from the works of important modern Chinese writers. Students will learn about important modern Chinese authors and fiction, and also build reading vocabulary and extensive reading skills, as well as presentation skills and ability to write reviews of works of fiction."
credit,p00799,Part 10: Majors and Courses,Course Descriptions,Prerequisite(s): CHINESE 402B or equivalent,240,Majors & Courses — Topic 2,"CHINESE 405 Readings in Contemporary Chinese Fiction (4 credits) In this course students will read short stories and novels by contemporary Chinese authors. Students will build their extensive reading skills and reading speed, and also discussion skills and ability to write reviews."
credit,p00800,Part 10: Majors and Courses,Course Descriptions,Prerequisite(s): CHINESE 402B or equivalent,240,Majors & Courses — Topic 2,"CHINESE 406A Debating Issues in Contemporary China – A (4 credits) In this course students will read research issues in contemporary China, primarily using Chinese language resources, and develop advanced speaking skills through debating these issues."
credit,p00801,Part 10: Majors and Courses,Course Descriptions,Prerequisite(s): CHINESE 402B or equivalent,240,Majors & Courses — Topic 2,CHINESE 406B Debating Issues in Contemporary China – B (4 credits) Continuation of CHINESE 406A.
credit,p00802,Part 10: Majors and Courses,Course Descriptions,Prerequisite(s): CHINESE 406A or equivalent,241,Majors & Courses — Topic 2,"CHINESE 407 Readings in Classical Chinese (4 credits) This course teaches students how to read basic texts in Classical Chinese, with an emphasis on understanding the distinctive grammar of Classical Chinese and especially the use of particles. Oral skills will be built through discussion of the ideas in the texts."
credit,p00803,Part 10: Majors and Courses,Course Descriptions,Prerequisite(s): CHINESE 402B or equivalent,241,Majors & Courses — Topic 2,"CHINESE 409 Chinese Book Club (4 credits) This course is designed for learners of Chinese who already have read authentic texts in textbooks, but have read few or no Chinese books for native speaker audiences. The goal is to help students develop stronger extensive reading skills, more specifically, to improve the reading speed, build the ability to guess the meaning of sentences and paragraphs even when students don’t know all the words in them, and increase the comfort level when reading authentic texts."
credit,p00804,Part 10: Majors and Courses,Course Descriptions,Prerequisite(s): CHINESE 402B or equivalent,241,Majors & Courses — Topic 2,"CHINESE 410A Public Speaking in Chinese (2 credits) Public Speaking in Chinese is designed to improve your advanced communication skills in Chinese. It is a performance-based course, with the primary emphasis on practical experience in developing speaking and listening abilities in Chinese to enable you to communicate orally in clear, coherent Chinese appropriate to the purpose, occasion, and audience. You will also learn and apply the basics of public speaking: speech study, audience analysis, outlining, organizational skills, word choice, and presentation. Furthermore through discussing contemporary issues, you will build your command of vocabulary relevant to these important social topics and issues."
credit,p00805,Part 10: Majors and Courses,Course Descriptions,Prerequisite(s): CHINESE 402B or equivalent,241,Majors & Courses — Topic 2,"This course is for the students whose Chinese language level reaches at least an Advanced-Low level as defined by ACTFL’s Proficiency Guidelines for Speaking. Prerequisite(s): CHINESE 402B or equivalent CHINESE 410B Public Speaking in Chinese (2 credits) Public Speaking in Chinese is designed to improve your advanced communication skills in Chinese. It is a performance-based course, with the primary emphasis on practical experience in developing speaking and listening abilities in Chinese to enable you to communicate orally in clear, coherent Chinese appropriate to the purpose, occasion, and audience. You will also learn and apply the basics of public speaking: speech study, audience analysis, outlining, organizational skills, word choice, and presentation."
credit,p00807,Part 10: Majors and Courses,Course Descriptions,Prerequisite(s): CHINESE 402B or equivalent,242,Majors & Courses — Topic 2,"CHINESE 411 Professional Networking in China (2 credits) This performance-oriented course introduces key concepts and practices in networking within Chinese professional contexts to learners of Chinese as a Second Language. Through critical analysis and enactment of observable model behaviors, students develop awareness and basic skills necessary in building effective personal and professional relationship in China. By constantly engaging in a domain-specific online community, students will start to (1)build real-life connections with native Chinese speakers who share their interests in a particular academic or professional domain and (2) acquire learning strategies to exploited authentic Chinese resources and opportunities to sustain Chinese learning as a self-managed learner."
credit,p00808,Part 10: Majors and Courses,Course Descriptions,Prerequisite(s): CHINESE 402B or equivalent,242,Majors & Courses — Topic 2,"CHINESE 412 Chinese Across the Curriculum: Independent Research (2 credits) This course aims to train advanced Chinese learners in developing independent research projects on current issues and allow students to put their knowledge and skills to use in Chinese speaking contexts. Learners will choose their own research topics and learning materials, such as news reports, editorials, research papers, books, and documentaries. The materials must be authentic pieces produced for native Chinese speakers, and learners will work with the instructor to interpret and digest the texts and multimedia materials."
credit,p00810,Part 10: Majors and Courses,Course Descriptions,Prerequisite(s): CHINESE 402B or equivalent,242,Majors & Courses — Topic 2,"CHINESE 491 Independent Study in Chinese (4 credits) This independent study course, offered by the Language and Culture Center through the Language Learning Studio, gives students an opportunity to build advanced Chinese skills in areas for which regular courses are not offered at Duke Kunshan University. In this course students will work with one of the Chinese language faculty members in the Language Learning Studio to design a language learning plan, and will then work with that faculty member to carry it out for one term. Students may repeat independent study courses."
credit,p00811,Part 10: Majors and Courses,Course Descriptions,Courses with Course Subject: Chinese Society and Culture (CHSC),243,Majors & Courses — Topic 2,"These credits cannot be counted toward the 136 credit requirement, but they may be counted toward the additional credit requirements for students from the Chinese mainland, Hong Kong, Macau, and Taiwan. (See section on Credits Required for Degrees in Part 3.) CHSC 101 Chinese Humanistic Spirit and Institutions (6 credits) This course explores the humanistic spirit inherent in Chinese culture and the forms and changes of historically influential political systems. Topics will be closely linked to two aspects of the humanistic spirit and social institutions."
credit,p00812,Part 10: Majors and Courses,Course Descriptions,Courses with Course Subject: Chinese Society and Culture (CHSC),243,Majors & Courses — Topic 2,"On the one hand, it allows students to understand the philosophical spirit and moral reasoning characteristic of Chinese culture, as well as the Chinese political system along with its changes. On the other hand, it enables students to appreciate the intrinsic spirit of Chinese culture featuring introspection, learning, tolerance and constant change, therefore revealing the internal spiritual forces for China’s social institution reforms as well as the universality and uniqueness of contemporary China’s social, political and legal institutions. This course requires class attendance and a final exam (4 credits), as well as a 5000-word social practice report in Chinese (2 credits)."
credit,p00813,Part 10: Majors and Courses,Course Descriptions,Courses with Course Subject: Chinese Society and Culture (CHSC),243,Majors & Courses — Topic 2,"Note that this is a compulsory course for all Chinese mainland and HMT students. CHSC 102 Social Changes in China (6 credits) This course reviews the history in which how China, as an ancient civilization, has revived from the fallen state in modern times to a mighty power in today’s world, helping students to understand and perceive Chinese society along with its changing trends with longer-term vision, the connotation of the Chinese national spirit, and the reason why today's China cherishes independence while vigorously promoting opening up. This course requires class attendance and participation in discussion (4 credits), as well as a 7000-word themed paper (2 credits) in Chinese."
credit,p00814,Part 10: Majors and Courses,Course Descriptions,Courses with Course Subject: Chinese Society and Culture (CHSC),243,Majors & Courses,"Note that this is a compulsory course for all Chinese mainland and HMT students. CHSC 103 Selected Readings of Chinese Classics (2 credits) This course introduces a series of readings of Chinese classics, including the Four Books that illustrate the core value and belief system of Confucianism, Taoist classics of Lao Tzu and Chuang Tzu, Zen classic of the Sixth Patriarch (Liuzu tanjing), and Sun Tzu's The Art of War. Selected chapters will be covered by combining the readings with the challenges faced by people today, with an emphasis on uncovering the enduring spirit in the books that transcends time."
credit,p00815,Part 10: Majors and Courses,Course Descriptions,Courses with Course Subject: Chinese Society and Culture (CHSC),243,Academic Procedures — Topic 2,Note that this is an elective course offered for HMT students who need to take extra CHSC courses to replace the military training credits.
credit,p00816,Part 10: Majors and Courses,Course Descriptions,Courses with Course Subject: Chinese Society and Culture (CHSC),244,Majors & Courses — Topic 2,"CHSC 104 Trends and Policies (2 credits) This course mainly consists of a series of 8 lectures on domestic and global challenges and issues, as well as the latest developing trends and policies. Students are required to attend 8 lectures from a defined list of lecture series. Students will earn 2 credits after they complete this requirement. The course will be graded on CR/NC basis. Note that this is a compulsory course for all Chinese mainland and HMT students. CHSC 105 An Introduction to the Basic Principles of Marxism (2 credits) This course is a compulsory course for for all Chinese mainland and HMT students."
credit,p00818,Part 10: Majors and Courses,Course Descriptions,Courses with Course Subject: Chinese Society and Culture (CHSC),244,Majors & Courses,CHSC 106 Appreciation of World Chinese Literature Classics (2 credits) Appreciation of World Chinese Literature Classics is a course that explores the beauty of world Chinese literature and the general rules of people's feelings about its beauty.
credit,p00820,Part 10: Majors and Courses,Course Descriptions,Courses with Course Subject: Chinese Society and Culture (CHSC),244,Majors & Courses,"CHSC 107 An Introduction to Chinese Culture (2 credits) Learning Chinese culture is like drinking sweet tea: you will taste the wisdom of philosophy and culture, the depth of political culture, the profoundness of academic culture, the elegance of aesthetic culture, the freshness of folk culture, the weight of science and technology and the dazzling array of utensils culture. There is a huge space for interpretation between modern MOOC and traditional culture: you will appreciate the spiritual charm of Chinese culture, and finally get the nourishment of personality self-shaping, the wisdom of life journey and the oasis of spiritual habitation."
credit,p00821,Part 10: Majors and Courses,Course Descriptions,Courses with Course Subject: Computer Design (COMPDSGN),245,Majors & Courses — Topic 3,COMPDSGN 490 Senior Seminar (4 credits) This seminar is a core component of the interdisciplinary major in Computation and Design. Students will apply to interdisciplinary topics the knowledge and methods of analysis that they have gained in different disciplines. Students will re-connect with the broader community of faculty and students in their major and further develop their capacities to translate between their areas of expertise and the larger questions and issues that apply across a variety of disciplines. The seminar will foster the ability to see their disciplinary knowledge from a wider perspective and to apply it flexibly. Specific topics will vary.
credit,p00823,Part 10: Majors and Courses,Course Descriptions,COMPSCI 20 Computer Science Principles (4 credits),245,Majors & Courses — Topic 3,"Credit for Advanced Placement on the basis of the College Board Examination in Computer Science Principles. COMPSCI 101 Introduction to Computer Science (4 credits) As an introductory course for computer science, this course will bring you not only the fundamental knowledge on a variety of CS topics, but also the essential computational problem-solving skills with hands on programming experience. Successfully completing this course will serve a solid foundation for other courses in the computer science or data science major. It can also bring new concepts and tools to other domains in social science, arts humanities and natural science."
credit,p00824,Part 10: Majors and Courses,Course Descriptions,COMPSCI 20 Computer Science Principles (4 credits),245,Majors & Courses — Topic 3,"This course is an elective course open to everyone, and no specific prerequisite required. Prerequisite(s): None. Not open to students who have credit for STATS 102. COMPSCI 201 Introduction to Programming and Data Structures (4 credits) This course covers data and representations, functions, conditions, loops, strings, lists, sets, maps, hash tables, trees, stacks, graphs, object-oriented programming, programming interface and software engineering. While no previous knowledge is required, some background is advantageous."
credit,p00825,Part 10: Majors and Courses,Course Descriptions,Prerequisite(s): None,246,Majors & Courses — Topic 3,"COMPSCI 203 Discrete Math for Computer Science (4 credits) This course focuses on the following: mathematical notations, logic, and proof; linear and matrix algebra; graphs, digraphs, trees, representations, and algorithms; counting, permutations, combinations, discrete probability, Markov models; advanced topics from algebraic structures, geometric structures, combinatorial optimization, and number theory."
credit,p00827,Part 10: Majors and Courses,Course Descriptions,Prerequisite(s): COMPSCI 201,246,Majors & Courses — Topic 3,"COMPSCI 205 Computer Organization and Programming (4 credits) This course focuses on the following: computer structure, assembly language, instruction execution, addressing techniques, and digital representation of data. Computer system organization, logic design, microprogramming, cache and memory systems, and input/output interfaces are also central."
credit,p00828,Part 10: Majors and Courses,Course Descriptions,Prerequisite(s): COMPSCI 201,246,Majors & Courses — Topic 3,"COMPSCI 206 Computational Microeconomics (4 credits) Use of computational techniques to operationalize basic concepts from economics. Expressive marketplaces: combinatorial auctions and exchanges, winner determination problem. Game theory: normal and extensive-form games, equilibrium notions, computing equilibria. Mechanism design: auction theory, automated mechanism design."
credit,p00829,Part 10: Majors and Courses,Course Descriptions,"Prerequisite(s): MATH 101 or 105, and STATS 101",246,Majors & Courses — Topic 3,"COMPSCI 207 Image Data Science (4 credits) This course introduces the logical structure of digital media and explores computational media manipulation. The course uses the Python programming language to explore media manipulation and transformation. Topics include spatial and temporal resolution, color, texture, filtering, compression and feature detection."
credit,p00830,Part 10: Majors and Courses,Course Descriptions,"Prerequisite(s): MATH 101 or 105, and STATS 101",247,Majors & Courses — Topic 3,"COMPSCI 208 Computer Graphics (4 credits) This course offers an overview and history of computer graphics as well as an introduction to key software technologies and concepts. These include: coordinate systems and geometric transforms; drawing routines, antialiasing, supersampling; 3D object representation, spatial data structures, constructive solid geometry; hidden-surface-removal algorithms, z-buffer, A-buffer; illumination and shading models, surface details, radiosity; achromatic light, color specification, colorimetry, different color models; graphics pipeline; animation, levels of detail."
credit,p00831,Part 10: Majors and Courses,Course Descriptions,Prerequisite(s): COMPSCI 201 or INFOSCI 201 or consent of the Instructor,247,Majors & Courses — Topic 3,"COMPSCI 301 Algorithms and Databases (4 credits) This course covers sorting, order statistics, binary search, dynamic programming, greedy algorithms, graph algorithms, minimum spanning trees, shortest paths, SQL, file organization, hashing, sorting, query, schema, transaction management, concurrency control, rash recovery, distributed database, and database as a service."
credit,p00832,Part 10: Majors and Courses,Course Descriptions,Prerequisite(s): COMPSCI 201,247,Majors & Courses — Topic 3,"COMPSCI 302 Computer Vision (4 credits) This course covers image formation and representation, camera geometry and calibration, multiview geometry, stereo, 3D reconstruction from images, motion analysis, image segmentation, and object recognition."
credit,p00833,Part 10: Majors and Courses,Course Descriptions,Prerequisite(s): STATS 302,247,Majors & Courses — Topic 3,"COMPSCI 303 Search Engines (4 credits) This course covers Boolean retrieval, dictionary, index, vector space model, score, query, XML, language model, text classification, clustering, and web search."
credit,p00834,Part 10: Majors and Courses,Course Descriptions,"Prerequisite(s): COMPSCI 201, MATH 205, and MATH 202",247,Majors & Courses — Topic 3,"COMPSCI 304 Speech Recognition (4 credits) This course covers speech production and perception, feature extraction, template-based recognition, hidden Markov modeling, language model, sub-word units, robust recognition and applications."
credit,p00835,Part 10: Majors and Courses,Course Descriptions,Prerequisite(s): STATS 302,248,Majors & Courses — Topic 3,"COMPSCI 306 Introduction to Operating Systems (4 credits) This course focuses on basic concepts and principles of multiprogrammed operating systems. Topics covered include: processes, interprocess communication, CPU scheduling, mutual exclusion, deadlocks, memory management, I/O devices, file systems, protection mechanisms.."
credit,p00836,Part 10: Majors and Courses,Course Descriptions,Prerequisite(s): COMPSCI 201; and COMPSCI 205 as the prerequisite or co-requisite,248,Majors & Courses — Topic 3,"COMPSCI 308 Design and Analysis of Algorithms (4 credits) This course focuses on the design and analysis of efficient algorithms including sorting, searching, dynamic programming, graph algorithms, fast multiplication, and others. It also includes nondeterministic algorithms and computationally hard problems."
credit,p00837,Part 10: Majors and Courses,Course Descriptions,Prerequisite(s): COMPSCI 201 and COMPSCI 203,248,Majors & Courses — Topic 3,"COMPSCI 310 Introduction to Databases (4 credits) Databases and relational database management systems. Data modeling, database design theory, data definition and manipulation languages, storaging and indexing techniques, query processing and optimization, concurrency control and recovery, database programming interfaces. Current research issues including XML, web data management, data integration and dissemination, data mining. Hands-on programming projects and a term project. Prerequisite(s): COMPSCI 201 COMPSCI 311 Computer Network Architecture (4 credits) Introduces students to the fundamentals of computer networks. Focuses on layered architecture of the network protocol stack. Case studies will be drawn from the internet, combined with practical programming exercises."
credit,p00839,Part 10: Majors and Courses,Course Descriptions,Prerequisite(s): COMPSCI 205,249,Majors & Courses — Topic 3,"COMPSCI 320 Software Reliability (4 credits) Topics to be covered: software reliability growth models, software failure data analytics, classical software fault tolerance techniques based on design diversity, novel software fault tolerance techniques based on environmental diversity, classification of software faults, software aging and rejuvenation, and software safety, security and survivability. Statistical methods used in this context, methods of predicting software availability during operation, prediction of time to failure and optimal times to rejuvenate will be discussed. Practical application of these ideas will also be presented via case studies of SDN open source software ONOS and ODL, NASA Satellite on-board software, Apache Webserver and Android operating system."
credit,p00840,Part 10: Majors and Courses,Course Descriptions,Prerequisite(s): COMPSCI 101 or 201,249,Majors & Courses — Topic 3,"COMPSCI 401 Cloud Computing (4 credits) This course covers cloud infrastructures, virtualization, distributed file system, software defined networks and storage, cloud storage, and programming models such as MapReduce and Spark."
credit,p00841,Part 10: Majors and Courses,Course Descriptions,Prerequisite(s): COMPSCI 301,249,Majors & Courses — Topic 3,"COMPSCI 402 Artificial Intelligence (4 credits) This course covers uninformed search, informed search, constraint satisfaction, classical planning, neural network, deep learning, hidden Markov model, Bayesian network, Markov decision process, reinforcement learning, active learning and game theory."
credit,p00842,Part 10: Majors and Courses,Course Descriptions,CULANTH 20 Topics in Cultural Anthropology Studies (4 credits),250,Academic Procedures,"Credit for International Baccalaureate (IB) Diploma in Cultural Anthropology or equivalent. CULANTH 101 Introduction to Cultural Anthropology (4 credits) This course introduces the key concepts and debates within Cultural Anthropology with topics such as racism and essentialism, kinship, gender and sexuality, globalization, etc. In an age where debates addressing migration, robotics, genetic engineering, and ecological crises abound, questions about how humanity is experienced and defined have become more pertinent than ever before. CULANTH 105 Sound in Everyday Life: Anthropological Perspectives (4 credits) This course introduces students to the study of sound and sonic environments in urban spaces."
credit,p00844,Part 10: Majors and Courses,Course Descriptions,CULANTH 20 Topics in Cultural Anthropology Studies (4 credits),250,Academic Procedures,"Students in this course will conduct their own fieldwork on urban soundscapes. CULANTH 106 Home, House, and Housing: An Anthropological Exploration of Human Dwellings (4 credits) This course will explore the home as a site of attachment, the house as a place that emerged from social relationships, and housing an infrastructure whose construction is shaped by politicoeconomic forces. The interrelationship between the home, the house, and housing will be discussed. The course will cover contemporary issues of housing such as gentrification, segregation, and eviction. The course will provide broader and deeper understandings of the meanings of home and our relationship to the built environment."
credit,p00845,Part 10: Majors and Courses,Course Descriptions,CULANTH 20 Topics in Cultural Anthropology Studies (4 credits),250,Majors & Courses,"CULANTH 201 New Media and Society (4 credits) New media – ranging from the Internet to Twitter and Facebook, from informational networks to handheld devices – have in recent years drastically influenced the social relations for individual and communities, and have exerted profound influence on social, economic and political life. The course traces the development of new media, their relationship to previous modes of"
credit,p00846,Part 10: Majors and Courses,Course Descriptions,CULANTH 20 Topics in Cultural Anthropology Studies (4 credits),251,Majors & Courses,"communication and transmission, and how digital technologies influence emerging and changing spheres of economic, political and social exchanges. CULANTH 206 The Ethnography of China: New Directions (4 credits) The course provides a critical overview to the anthropology and ethnography of contemporary China. Beginning with the emergence of ethnology in China in the 1920s and 1930s, students will be introduced to some of the key figures in the pre-revolutionary period of China, and the key concepts, theories, and frameworks that emerged during this period in dialogue both with Soviet and British anthropology."
credit,p00848,Part 10: Majors and Courses,Course Descriptions,CULANTH 20 Topics in Cultural Anthropology Studies (4 credits),251,Majors & Courses,"CULANTH 207 Cultures of New Media (4 credits) This course is an anthropological examination of 'new media' - their varied forms and histories, how they are used and understood, and their meanings and effects within different communities of users. We will chart a number of technologies deemed 'new' in their day and the social meanings and communities that such technologies generated. We will also explore new media in domains of art and literature, as well as issues of race, gender, sexuality and how other indices of difference come to bear on new media and its use."
credit,p00849,Part 10: Majors and Courses,Course Descriptions,CULANTH 20 Topics in Cultural Anthropology Studies (4 credits),251,Majors & Courses,"Most course material will be drawn from anthropology, but will also draw on media studies, visual studies, cultural studies and critical theory, queer and gender theory, history and geography. Students will make use of the Duke library resource page for this class: http://guides.library.duke.edu/new_media . CULANTH 208 Global Migration and Ethics (4 credits) This course examines the current scholarship on the anthropology and interdisciplinary study of global migration, and the ethical predicaments at center of contemporary forms of human mobility."
credit,p00851,Part 10: Majors and Courses,Course Descriptions,CULANTH 20 Topics in Cultural Anthropology Studies (4 credits),251,Majors & Courses,"CULANTH 209 Globalization and Alternative-Globalizations (4 credits) The course explores the culture, politics and process of globalization in light of the responses, ideologies, and practices of the anti-globalization movement. We will focus on the interrelationship"
credit,p00852,Part 10: Majors and Courses,Course Descriptions,CULANTH 20 Topics in Cultural Anthropology Studies (4 credits),252,Majors & Courses,"between the analysis of globalization and policy formulation on such topics as social justice, radical environmentalism, animal rights, labor, migration, poverty, natural resource management, religion and citizenship. Special attention will be focused on the role of social media, film, and photography in antiand alternative globalization movements. Case studies from the United States, Latin America, South and East Asia, Africa, and Europe will be explored. CULANTH 211 Gender, Mobility and Labor (4 credits) This course takes students on a journey into the worlds of gender, labor, and mobility as they intersect in dynamic and intimate ways."
credit,p00854,Part 10: Majors and Courses,Course Descriptions,CULANTH 20 Topics in Cultural Anthropology Studies (4 credits),252,Curriculum & Degree Requirements,"CULANTH 214 Authoritarianism and the Struggle for Democracy in Latin America (4 credits) This subject explores the precarious balance between the ideal of democracy and histories of authoritarianism in Latin America. Using case studies from different historical contexts, the class examines continuities and ruptures in Latin American political history, and the cultural contexts in which populisms of the left or right, and authoritarian regimes, emerge or recede. This subject encourages students to consider political theory in relation to historical and cultural specificity. Key questions addressed include; what political cultures are associated with democratic, authoritarian and populist forms of rule?"
credit,p00855,Part 10: Majors and Courses,Course Descriptions,CULANTH 20 Topics in Cultural Anthropology Studies (4 credits),252,Majors & Courses,"What role do struggles over memories of authoritarian pasts play in contemporary democracies? How do democracies evolve into dictatorships, and dictatorships into democracies? Previous study of international relations is helpful, but not required. CULANTH 302 Field Methods (4 credits) This course explores the history and practice of ethnographic field research and engages central debates about ethnographic method. The readings prompt deeper reflection on doing field research, and challenges students to think about anthropological ways of knowing. Students will be required to carry out field research, define and design a project, recording (through field notes or other methods) every step of the way. This is thus a writingand field research-intensive course."
credit,p00857,Part 10: Majors and Courses,Course Descriptions,CULANTH 20 Topics in Cultural Anthropology Studies (4 credits),253,Curriculum & Degree Requirements,"CULANTH 303 Politics of Food: Land, Labor, Health, and Economics (4 credits) Explores the food system through fieldwork, study, and guest lectures that include farmers, nutritionists, sustainable agriculture advocates, rural organizers, and farmworker activists. Examines how food is produced, seeks to identify and understand its workers and working conditions in fields and factories, and, using documentary research conducted in the field and other means, unpacks the major current issues in the food justice arena globally and locally. Fieldwork required, but no advanced technological experience necessary. At least one group field trip, perhaps to a local farm or farmers market, required."
credit,p00858,Part 10: Majors and Courses,Course Descriptions,CULANTH 20 Topics in Cultural Anthropology Studies (4 credits),253,Majors & Courses,"CULANTH 304 The Anthropology of Doing Good: China and Beyond (4 credits) This course explores the intersection of neoliberalism, development and humanitarianism, largely from the perspective of cultural anthropology and the social studies of development. We often think of development as the betterment of mankind and as overall progress. Personal, economic, or otherwise, we tend to view development as a positive process. This course is meant to question widespread assumptions about development. How has development become a discourse and a practice of power since the 1940s? Why do many observers see development as a neocolonial phenomenon?"
credit,p00860,Part 10: Majors and Courses,Course Descriptions,CULANTH 20 Topics in Cultural Anthropology Studies (4 credits),253,Majors & Courses,"CULANTH 305 The Culture of Development: Africa (4 credits) This course takes up the vexed issue of economic development in Africa – its failures and its successes – from the early colonial period to the present, focusing especially on the transition from the 1960s “modernizing” moment to the Millennium projects and the humanitarian aid of the present. We will read the works of development experts, World Bank executives, anthropologists and historians, exploring the challenges of these projects and what might be done in the future."
credit,p00861,Part 10: Majors and Courses,Course Descriptions,CULANTH 20 Topics in Cultural Anthropology Studies (4 credits),253,Majors & Courses,"CULANTH 306 Borders, Boundaries and Ethnic Peoples in China (4 credits) Ethnic groups in China can be found in both remote border regions and metropolitan areas. None of them live in complete isolation, or in “primitive” society. On the contrary, most of them have always lived in conditions of diversity through interactions with neighboring groups, dominant ethnic groups as well as various states. This course will explore the intersections of ethnicity, religion, gender, health, media and politics through case studies of ethnic peoples in both China’s borders and cities. Highlighting how and why people construct and cross boundaries, this course sheds new light on being a global citizen."
credit,p00862,Part 10: Majors and Courses,Course Descriptions,CULANTH 20 Topics in Cultural Anthropology Studies (4 credits),254,Curriculum & Degree Requirements,"CULANTH 314 Refugees and the Biopolitics of Citizenship (4 credits) The refugee is caught between national and international political logics. Each country applies its own calculus for deciding which asylum seekers should be granted the status of refugee, and how refugees should be accommodated or denied access to public goods, rights and residency. This course examines the politics of national responses to record numbers of people seeking asylum, including bureaucracies of (in)validation, xenophobia, the construction of walls and detention centers, international accords, multicultural solidarity, and novel categories of citizenship."
credit,p00863,Part 10: Majors and Courses,Course Descriptions,CULANTH 20 Topics in Cultural Anthropology Studies (4 credits),254,Majors & Courses,"Contemporary responses to refugees reveal the interconnectedness of political and structural violence, the limits of humanitarianism and hope for new forms of international cooperation. CULANTH 315 Why Be a Bandit? (4 credits) Bandits and outlaws have historically played a unique role in popular imagination. In the Chinese classic Water Margin, outlaws flee tyrannical administrators but eventually make their peace with the emperor. Robin Hood occupies an equally ambivalent position between outlaw and elite roles. Seventeenth and 18th-century Atlantic pirates were feared, but their ships are viewed by scholars as laboratories for democratic experiment. Pirates, bandits and insurgents often occupy similar marginal spaces between illegality and social legitimacy today."
credit,p00864,Part 10: Majors and Courses,Course Descriptions,CULANTH 20 Topics in Cultural Anthropology Studies (4 credits),254,Majors & Courses,"This course will study this ambiguous status, through historical cases and ending with banditry and border violence in Central Africa and in North America. CULANTH 405 Medical Anthropology (4 credits) Illness and healing fundamentally shape our sense of the boundaries between nature and culture, life and death, mind and body, self and environment, and human and machine. The central goal of this course is to examine where, how, and why we encounter, challenge, bridge, or sustain these divisions. To pursue this goal, we examine the cultural, social, and political dimensions of biomedicine globally and cross-culturally. We study ethnographic writing as unique methodological and theoretical inroads into these perspectives."
credit,p00866,Part 10: Majors and Courses,Course Descriptions,Courses with Course Subject: Cultures and Movements (CULMOVE),255,Majors & Courses,"CULMOVE 101 Cultures of Globalization (4 credits) This course traces the histories of global exchange and explores how they intersect with various cultures of globalization in the present-day. This course analyzes how early exploration and colonial trade relate to global connections in the contemporary period. This course shows how historical and anthropological approaches have shed light on the importance of border-crossings and cross-cultural encounters in shaping social identities and differences; spatial cores and peripheries; and hierarchies and societal transformations. Attention to global encounters allows us to deepen our understanding of trade, civilization, state-building, labor, and global food chains."
credit,p00867,Part 10: Majors and Courses,Course Descriptions,Courses with Course Subject: Cultures and Movements (CULMOVE),255,Majors & Courses,"Together, these aspects of everyday life and social organization reveal the diversity and dynamism of globalization. CULMOVE 115 Displacement and Identity: Stories of Diasporic Migration in China and the World (2 credits) This course explores diasporic cultures across Asia, Africa, and the Americas from historical and anthropological perspectives. We begin by exploring the rise of Chinatowns across the world, with an emphasis on the Chinese-American experience, particularly during the U.S. Civil Rights period. We then examine how transnational migration has historically shaped the worlds of indentured labor, colonial trade, and hybrid food cultures."
credit,p00868,Part 10: Majors and Courses,Course Descriptions,Courses with Course Subject: Cultures and Movements (CULMOVE),255,Majors & Courses,"From narratives of turtle soup and beer to the personal accounts of female Chinese scholars, African traders, and coolie laborers, we examine how stories of transnational mobility color our understandings of migration, race, gender, and global connection. CULMOVE 201 Migration, Inequality and Culture (4 credits) This course introduces you to the major episodes and patterns in the history of human migration over the last millennium. We will examine how people on the move have shaped various institutions and cultural forms which illuminate global structures of power and inequality."
credit,p00870,Part 10: Majors and Courses,Course Descriptions,Courses with Course Subject: Cultures and Movements (CULMOVE),255,Curriculum & Degree Requirements,"CULMOVE 202 Culture and Social Movements (4 credits) This course focuses on the culture and politics of social movements, interest groups, NGOs, and collective protest activity. This course explores theoretical approaches to understand the"
credit,p00872,Part 10: Majors and Courses,Course Descriptions,Courses with Course Subject: Cultures and Movements (CULMOVE),256,Curriculum & Degree Requirements,"CULMOVE 203 Wealth, Inequality and Power (4 credits) This course is about how some people get ahead and have income, wealth, and power while others stay poor. People generally agree that having some wealth is better than having none, but wealth – and the processes that create wealth – are perhaps more important than we usually acknowledge. In the course, we will distinguish wealth (ownership of houses, savings, and investments) from income (wages and salaries) and discuss why this difference matters. We will discuss how wealth, income, and other material benefits are distributed across people and families."
credit,p00873,Part 10: Majors and Courses,Course Descriptions,Courses with Course Subject: Cultures and Movements (CULMOVE),256,Majors & Courses,"Then we will spend the bulk of the term exploring the origins and consequences of wealth ownership and inequality. CULMOVE 206 Ethnic and Religious Diversity in the Middle East (4 credits) What is the Middle East and how can we understand its diverse ethnic and religious groups from a political perspective? To answer these questions, this course will explore the topics of knowledge production, Orientalism, ethnicity, religion, and gender with ethnographic research conducted in the region. The Middle East has largely been mistaken as a homogeneous and timeless place."
credit,p00874,Part 10: Majors and Courses,Course Descriptions,Courses with Course Subject: Cultures and Movements (CULMOVE),256,Majors & Courses,"We will examine how diverse and dynamic the region is and how national politics (often with Western intervention) has empowered or marginalized certain ethnic and religious groups in such countries, including Egypt, Turkey, Lebanon, Palestine, and Israel. CULMOVE 301 Social Science Perspectives on China: From the Socialist Past to the Global Present (4 credits) This is an advanced course on social science approaches to the study of China. We will read social science research from a range of disciplines such as Geography, Anthropology, and Sociology. We will study how social science research informs our understandings of China, and how China challenges existing social science paradigms."
credit,p00875,Part 10: Majors and Courses,Course Descriptions,Courses with Course Subject: Cultures and Movements (CULMOVE),256,Majors & Courses,"We will cover issues that are particularly salient in the field of China studies, including the dynamics between the rural and the urban, theories of “guanxi” (social exchange), etc. Finally, we will add a comparative dimension by bringing in scholarly works that focus on other socialist and post-socialist countries such as Romania and Russia.. CULMOVE 390 Junior Seminar: Advanced Topics (4 credits) This seminar is a core component of the interdisciplinary major in Cultures and Movements. Students will apply to interdisciplinary topics the knowledge and methods of analysis that they"
credit,p00876,Part 10: Majors and Courses,Course Descriptions,Courses with Course Subject: Cultures and Movements (CULMOVE),257,Academic Procedures,have gained in different disciplines. Students will re-connect with the broader community of faculty and students in their major and further develop their capacities to translate between their areas of expertise and the larger questions and issues that apply across a variety of disciplines. The seminar will foster the ability to see their disciplinary knowledge from a wider perspective and to apply it flexibly. Specific topics will vary. This seminar is required for all juniors in the major. Other students may enroll with the permission of the instructor. CULMOVE 490 Senior Seminar: Advanced Topics (4 credits) This seminar is a core component of the interdisciplinary major in Cultures and Movements.
credit,p00878,Part 10: Majors and Courses,Course Descriptions,ECON 21 Introduction to Microeconomics (4 credits),258,Student Life & Support,"This is the equivalent for Principles of Microeconomics from Advanced Placement on the basis of a score of 4 or 5 on the Advanced Placement Microeconomics exam, or credit for a sufficient score on a Duke Kunshan University -recognized international examination such as the International Baccalaureate."
credit,p00879,Part 10: Majors and Courses,Course Descriptions,ECON 22 Introduction to Macroeconomics (4 credits),258,Majors & Courses — Topic 3,"This is the equivalent for Principles of Macroeconomics from Advanced Placement on the basis of a score of 4 or 5 on the Advanced Placement Macroeconomics exam, or credit for a sufficient score on a Duke Kunshan University-recognized international examination such as the International Baccalaureate. ECON 101 Economics Principles (4 credits) Basic microeconomic concepts such as demand and supply, market structures and pricing, market efficiency and equilibrium. Macroeconomic concepts such as inflation, unemployment, trade, economic growth and development. Different perspectives on issues of monetary and fiscal policy. Emphasis on public policy issues and the logic behind the economic way of thinking."
credit,p00880,Part 10: Majors and Courses,Course Descriptions,ECON 22 Introduction to Macroeconomics (4 credits),258,Curriculum & Degree Requirements,"ECON 201 Intermediate Microeconomics I (4 credits) Introduction of the concepts of preferences and technologies. Intermediate development of the theory of demand, supply and competitive equilibrium from individual preferences and technologies. Income and substitution effects, uncompensated demand and marginal willingness to pay. Conditions under which competitive markets result in efficient outcomes. Conditions under which government policy has the potential to increase efficiency. Tension between economic efficiency and different notions of equity."
credit,p00881,Part 10: Majors and Courses,Course Descriptions,Prerequisite(s): ECON 101. Anti-requisite: PUBPOL 304,258,Curriculum & Degree Requirements,"ECON 202 Intermediate Microeconomics II (4 credits) Calculus-based generalization of the theory of demand and supply developed in Intermediate Microeconomics I. Individual behavior in environments of risk and uncertainty. Introduction to game theory and strategic interaction. Adverse selection, moral hazard, non-competitive market structures, externalities, public goods."
credit,p00882,Part 10: Majors and Courses,Course Descriptions,Prerequisite(s): ECON 201; MATH 101 or 105,259,Curriculum & Degree Requirements,"ECON 203 Introduction to Econometrics (4 credits) Introduction to the theory and practice of econometrics. Estimation, hypothesis testing and model evaluation in the linear regression model. Observational and experimental methods to identify causal effects including instrumental variable and panel data methods. Lectures are supplemented by labs that use STATA."
credit,p00883,Part 10: Majors and Courses,Course Descriptions,Prerequisite(s): ECON 101 or SOSC 101; STATS 101,259,Curriculum & Degree Requirements,"ECON 204 Intermediate Macroeconomics (4 credits) Intermediate level treatment of macroeconomic models, fiscal and monetary policy, inflation, unemployment, economic growth."
credit,p00884,Part 10: Majors and Courses,Course Descriptions,Prerequisite(s): ECON 201,259,Majors & Courses — Topic 3,"ECON 206 Computational Microeconomics (4 credits) Use of computational techniques to operationalize basic concepts from economics. Expressive marketplaces: combinatorial auctions and exchanges, winner determination problem. Game theory: normal and extensive-form games, equilibrium notions, computing equilibria. Mechanism design: auction theory, automated mechanism design."
credit,p00885,Part 10: Majors and Courses,Course Descriptions,"Prerequisite(s): MATH 101 or 105, and STATS 101",259,Majors & Courses — Topic 3,"ECON 211 Intelligent Economics: An Explainable AI approach (4 credits) This course explores the interdisciplinary conversation between economics and artificial intelligence (AI). In experiential education, this course shows how the two disciplines advance each other by an explainable AI approach: economics makes AI more explainable by clarifying causal relationship and AI empowers economic applications by increasing efficiency. Advanced research in Microeconomics, Macroeconomics, and Behavioral and Experimental Economics is covered with both general literature review and a case study. The course concludes with a capstone project where students produce academic research and automated products collaboratively in a team of Economist, Data Scientist, and Data Engineer."
credit,p00886,Part 10: Majors and Courses,Course Descriptions,"Prerequisite(s): MATH 101 or 105, and STATS 101",259,Majors & Courses — Topic 3,"Prerequisite(s): MATH 101 or 105; and COMPSCI 101 or 201 or MATH 205 or STATS 101 or 102. ECON 301 Health Economics (4 credits) Economic aspects of the production, distribution, and organization of health care services, such as measuring output, structure of markets, demand for services, pricing of services, cost of care, financing, mechanisms, and their impact on the relevant markets."
credit,p00887,Part 10: Majors and Courses,Course Descriptions,Prerequisite(s): ECON 201,260,Curriculum & Degree Requirements,"ECON 302 Environmental Economics & Policy (4 credits) The role of the environment in the theory and practice of economics. Topics include ways in which markets fail to efficiently allocate resources in the presence of pollution, along with the array of policies regulators used to correct those failures; the empirical techniques used by economists to put values on environmental commodities; and an examination of questions related to everyday environmental issues, particularly those confronting China, and the developing world."
credit,p00888,Part 10: Majors and Courses,Course Descriptions,Prerequisite(s): ECON 201,260,Majors & Courses — Topic 3,"ECON 303 Financial Institutions (4 credits) The operations of commercial and central banking and non-banking financial institutions and instruments in the United States, determination of monetary aggregates and interest rates, the financial impacts of Treasury operations, and the linkages from Federal Reserve actions to price level, employment, economic growth, and balance of payments objectives. Coverage of models of monetary economics (for example the Cagan money demand function, cash in advance models). The dynamics and real effects of inflation."
credit,p00889,Part 10: Majors and Courses,Course Descriptions,Prerequisite(s): ECON 204,260,Curriculum & Degree Requirements,"ECON 304 Economic Growth (4 credits) Examination of the enormous differences in living standards across countries, which reflect differences in growth experiences. Course studies both analytical foundations of modern growth theory and the most recent advances in modeling to shed light on old and new questions about such experiences."
credit,p00890,Part 10: Majors and Courses,Course Descriptions,"Prerequisite(s): ECON 203, ECON 204",260,Curriculum & Degree Requirements,"ECON 307 History of Monetary & International Crises (4 credits) Course examines monetary/financial crises plaguing the world since the 16th century. Analyzes origin, unfolding, and impact of crises, debates generated by them, and formulation/implementation of policy measures. Attention is paid to international implications/connections on European/Asian money supply, banking/credit systems; reaction to South Sea Bubble and John Law Credit Systems in numerous European nations; experiments with paper money in America; rise/demise of gold standard in 19th/20th century; currency and exchange rate problems of last three decades. Case studies will be selected and assigned according to participants' interests."
credit,p00891,Part 10: Majors and Courses,Course Descriptions,Prerequisite(s): ECON 204,261,Curriculum & Degree Requirements,"ECON 308 Economic History and Modernization of the Islamic Middle East (4 credits) Economic development of the Middle East from the rise of Islam to the present. Transformation of the region from an economically advanced area into part of the underdeveloped world. Role of religion in economic successes and failures. Obstacles to development today. Topics: Islamic economic institutions, economic roles of Islamic law, innovation and change, political economy of modernization, interactions with other regions, economic consequences of Islamism."
credit,p00892,Part 10: Majors and Courses,Course Descriptions,Prerequisite(s): ECON 101,261,Majors & Courses — Topic 3,"ECON 309 Behavioral Finance (4credits) The field of Behavioral Finance uses psychology to explain anomalies that we observe in the financial markets—investment behavior that are not consistent with the classical economic models of rational decision-making. In behavioral models, we recognize that individuals (and markets) may behave irrationally, sometimes for extended periods of time. Using some of the more popular and accepted theories of human behavior from the fields of psychology and decision-making, we will characterize some prevalent features of irrational behavior in the financial markets."
credit,p00894,Part 10: Majors and Courses,Course Descriptions,Prerequisite(s): ECON 101,261,Curriculum & Degree Requirements,"ECON 310 Urban Economics (4 credits) Introduction to urban and spatial economics. Neoclassical monocentric city spatial model, patterns of land values, property prices, residential density and impact of distressed communities on broader development. Systems of cities and regional growth, role of cities in economic development. United States urban features: ethical and socio-economic effects of housing segregation and implications for discrimination. Tradeoffs between efficiency and fairness in housing resource allocation. Business location theory, impact of innovations in transportation, and technology's effect on work patterns."
credit,p00897,Part 10: Majors and Courses,Course Descriptions,Prerequisite(s): ECON 201,262,Curriculum & Degree Requirements,ECON 315 Economics of the Public Sector (4 credits) Applies tools of intermediate micro economics to the public sector. Develops economic justifications for government intervention into the economy and examines and evaluates various government policies and programs. Provides a solid foundation for applied benefit cost analysis.
credit,p00898,Part 10: Majors and Courses,Course Descriptions,Prerequisite(s): ECON 201 or PUBPOL 304,262,Majors & Courses — Topic 3,"ECON 316 Discrete Time Finance (4 credits) This is a introductory course in mathematical models in ﬁnance, centered around the problem of pricing and hedging derivative securities. Due to the uncertainty inherent in the evolution of the stock market, the theory naturally involves probabilistic tools and structures such as conditioning, martingales and Markov processes. To focus on the main idea, we will work in discrete-time setting and a simple model so called binomial asset pricing model for most of the course. In addition, we will also discuss a foreign exchange model, an extension of the binomial model with a second currency and derives the Black-Scholes equation."
credit,p00899,Part 10: Majors and Courses,Course Descriptions,Prerequisite(s): MATH 101 or 105; and MATH 205 or Consent of the Instructor,262,Curriculum & Degree Requirements,"ECON 333 Social and Economic Networks (4 credits) Individuals are embedded in a network of relationships used to exchange information and favors, access economic opportunities and share risk. The structure of these relationships determine the individual’s opportunities and the aggregate outcomes of social and economic systems. The course will discuss the typical properties of network structures (e.g. 6-degrees of separation, clustering, homophily and segregation), how network ties are formed and how agents interact through these ties. Students will learn about a wide range of applications, including the spread of diseases, fashions and political opinion; financial networks; networks in organizations and the labor market; online social networks, etc."
credit,p00900,Part 10: Majors and Courses,Course Descriptions,Prerequisite(s): MATH 101 or 105; and MATH 205 or Consent of the Instructor,262,Majors & Courses — Topic 3,"ECON 401 Competitive Strategy and Industrial Organization (4 credits) Foundations of the field of industrial organization, including the theory of the firm, models of competition, market structure, pricing and dynamic models. Emphasis on theory with support from specific industries, including telecommunications, retail and airlines."
credit,p00901,Part 10: Majors and Courses,Course Descriptions,Prerequisite(s): ECON 202,263,Curriculum & Degree Requirements,"ECON 402 International Finance (4 credits) Analysis of the determinants of international capital movements, trade imbalances, and nominal and real exchange rates. Policy debates such as the foreign indebtedness of the United States, emerging market debt crises, exchange-rate-based inflation stabilization, and balance-of-payment crises."
credit,p00902,Part 10: Majors and Courses,Course Descriptions,Prerequisite(s): ECON 204,263,Curriculum & Degree Requirements,"ECON 404 Environmental Justice: The Economics of Race, Place and Pollution (4 credits) Minorities and low-income households bear a disproportionate burden from environmental pollution. The inequality may happen in many countries, cultures and contexts. This course examines ways in which environmental injustices in the USA, China and in the world may arise out of discriminatory behavior and/or market forces founded on individual, firm, and government incentives. The course also analyses policies that are aimed at providing fair treatment and equal protection from pollution regardless of race, color, or income. The course first sets the theoretical framework used to document and explain disproportionate exposures."
credit,p00904,Part 10: Majors and Courses,Course Descriptions,ENGLISH 20 Literature and Composition (4 credits),264,Academic Procedures — Topic 2,Credit for Advanced Placement on the basis of the College Board examination in Literature and Composition.
credit,p00905,Part 10: Majors and Courses,Course Descriptions,ENGLISH 22 Composition and Language (4 credits),264,Academic Procedures — Topic 2,Credit for Advanced Placement on the basis of the College Board examination in Composition and Language.
credit,p00906,Part 10: Majors and Courses,Course Descriptions,Courses with Course Subject: English for Academic Purposes (EAP),265,Majors & Courses — Topic 2,"EAP 101A Writing about Language Learning – A (2 credits) This is a content-based academic English skills course focused on writing, designed for first term EAP-track students. In this course students will study one or more issues related to language learning (e.g. how to sustain motivation); then they will write course papers presenting their views on these issues. Students will learn how to research an issue, and how to appropriately quote and/or cite sources. They will learn how to plan and write course papers that summarize the views of others, state clear positions in response, and make cases for those positions. Students will also practice making short presentations."
credit,p00907,Part 10: Majors and Courses,Course Descriptions,Courses with Course Subject: English for Academic Purposes (EAP),265,Majors & Courses — Topic 2,"Additionally, students will design and carry out plans to improve the accuracy of their written English. This course, required for EAP-track students, is normally taken in Year 1, Term 1. There is no prerequisite. EAP 101B Writing about Language Learning – B (2 credits) Continuation of EAP 101A."
credit,p00908,Part 10: Majors and Courses,Course Descriptions,Prerequisite(s): EAP 101A,265,Academic Procedures,EAP 102A Writing about Culture Learning – A (2 credits) This is a content-based academic writing course for EAP-track students that further builds written and oral communication skills introduced in EAP101. In this course students will study generalizations that are often made about significant aspects of a Western culture (e.g. the idea that U.S. culture is relatively individualistic); then they will write papers in which they analyze and critically examine these generalizations. Students will practice researching issues and appropriately making use of resource materials. They will practice planning and writing course papers in which they take a stand on an issue and then make a case for their position.
credit,p00910,Part 10: Majors and Courses,Course Descriptions,Prerequisite(s): EAP 101B,265,Majors & Courses — Topic 2,EAP 102B Writing about Culture Learning – B (2 credits) Continuation of EAP 102A.
credit,p00911,Part 10: Majors and Courses,Course Descriptions,Prerequisite(s): EAP 102A,266,Academic Procedures,"EAP 103 Writing about Intercultural Encounters (2 credits) This course is about one of the most important and interesting topics in today’s globalizing world - intercultural communication. In this course, students will build academic English skills through the study of intercultural communication. They will learn about the intercultural communication process and the factors that affect interpretive judgements made in intercultural encounters. In this course students will also build intercultural communication skills and oral English skills through group discussion activities (e.g. critical incident exercises). Students will also build written English skills by writing short essays in which they analyze intercultural encounters."
credit,p00912,Part 10: Majors and Courses,Course Descriptions,Prerequisite(s): EAP 102A,266,Majors & Courses — Topic 2,"Additionally, students will design and carry out plans to further improve the accuracy of their written English. This is an elective course for EAP track students. Prerequisite(s): None EAP 110 Presenting Ideas to Global Audiences (2 credits) In this course students will learn how to give more effective presentations in English by first studying presentations available on websites such as TEDtalks and then giving brief in-class presentations."
credit,p00913,Part 10: Majors and Courses,Course Descriptions,Prerequisite(s): None,266,Academic Procedures,"EAP 202 – Studying Cultures through the Media (4 credits) In this course students will carefully and critically learn about other cultures by studying media products (e.g. films, television programs, pop songs, etc.) from those cultures, and learn to make effective presentations through which they share the results of their studies. The specific media products focused on in the course will vary according to instructor. This is an elective course for EAP track students."
credit,p00914,Part 10: Majors and Courses,Course Descriptions,Prerequisite(s): EAP 102B,266,Majors & Courses — Topic 2,"EAP 203 – Global Languages (4 credits) In this course students will study the rise of global languages such as English and Chinese. They will build academic reading skills by studying the history of global languages and the factors (e.g. political, economic, cultural, etc.) that have led to the rise of these languages to global status, and they will develop the ability to present arguments both orally and in writing by making cases about the likely future prospects of these languages. This is an elective course for EAP track students."
credit,p00915,Part 10: Majors and Courses,Course Descriptions,Prerequisite(s): EAP 102B,267,Majors & Courses — Topic 2,"EAP 204 – Endangered Languages (4 credits) In this course students will learn about the issue of endangered languages by studying one particular endangered or threatened language, its current status, and the society in which is it used. Students will then build argumentation skills by making a case, presented through both written papers and oral presentations, for what should be done – or not be done – about the issue. This is an elective course for EAP track students."
credit,p00916,Part 10: Majors and Courses,Course Descriptions,Prerequisite(s): EAP 102B,267,Majors & Courses — Topic 2,"EAP 205 – Strategies for Independent Language Learning (4 credits) In this course students will learn about independent language learning by designing and carrying out a project to improve some aspect of their second language skills. In the course students will learn about major factors that play a role in independent language learning (e.g. learner autonomy, language learning strategies, motivation). Students will keep journals as they carry out their projects, and write final reports drawing on material from their journals. This is an elective course for EAP track students."
credit,p00917,Part 10: Majors and Courses,Course Descriptions,ENVIR 20 Environmental Science (4 credits),268,Majors & Courses — Topic 4,"Credit for Advanced Placement on the basis of the College Board examination in Environmental Science ENVIR 101 Introduction to Environmental Sciences (4 credits) An introduction to the study of environmental sciences and policy through exploration of basic environmental principles in the life, physical, and social sciences. Emphasis on understanding how the atmosphere, hydrosphere, lithosphere, cryosphere, and biosphere function, and how these spheres interact with human consumption, production, and technological patterns and processes. The course includes field trips to local sites as relevant."
credit,p00918,Part 10: Majors and Courses,Course Descriptions,ENVIR 20 Environmental Science (4 credits),268,Majors & Courses — Topic 4,"ENVIR 102 Dynamic Earth and Oceans: Physical and Biological Sciences for the Environment (4 credits) Introduction to the dynamic processes that shape the Earth, the oceans, and the environment and their impact upon society. Earth science topics might include volcanoes, earthquakes, seafloor spreading, floods, landslides, groundwater, seashores and geohazards. Ocean sciences topics might include seafloor evolution, marine hazards, ocean currents and climate, waves and beach erosion, tides, hurricanes/cyclones, marine life and ecosystems, and marine resources. Emphasis on the formulation and testing of hypotheses, quantitative assessment of data, and technological developments that lead to understanding of the biosphere dynamics and associated current and future societal issues."
credit,p00919,Part 10: Majors and Courses,Course Descriptions,ENVIR 20 Environmental Science (4 credits),268,Majors & Courses — Topic 4,"ENVIR 201 Applied Environmental Science and Policy (4 credits) An examination of the interactions between the natural and the social systems as they relate to the environment. Focuses on ecological and earth system cycles, processes, and fundamental relationships, the environmental impact of human-induced change at the local, regional, and global levels. The role of technology and the policy process in determining how environmental problems evolve are addressed. Students will make use of ethical analysis to evaluate environmental tradeoffs, use case studies to integrate multiple disciplinary perspectives on environmental problems and to address issues of environmental justice."
credit,p00920,Part 10: Majors and Courses,Course Descriptions,Prerequisite(s): ENVIR 101,268,Majors & Courses — Topic 4,"ENVIR 202 Biodiversity and Conservation (4 credits) An overview of biological diversity, its patterns, and the current extinction crisis. Historical and theoretical foundations of conservation, from human values and law to criteria and frameworks for setting conservation priorities; island biogeography theory, landscape ecology, and socioeconomic considerations in reserve design; management of endangered species in the wild and in captivity;"
credit,p00922,Part 10: Majors and Courses,Course Descriptions,Prerequisite(s): ENVIR 102 or consent of the instructor,269,Majors & Courses — Topic 4,"ENVIR 203 The Theory and Practice of Sustainability (4 credits) This course is an introduction to the theories and practices of sustainability. Sustainability is the art of living well, within the ecological limits of a finite planet. Sustainable development aims to balance economic efficiency, environmental compatibility and social equity. Students will learn and apply various concepts, frameworks, and tools related to sustainability (e.g., UN Sustainable Development Goals, planetary boundaries, circular economy, life cycle thinking, cost benefit analysis, carbon footprint, sustainability accounting and reporting). In this activity-based course, students will become practiced in sustainable approaches to environmental problems."
credit,p00923,Part 10: Majors and Courses,Course Descriptions,Prerequisite(s): None,269,Curriculum & Degree Requirements,"ENVIR 204 Global Environmental Issues and Policies (2 credits) This course examines problems associated with the interaction of humans with their environment. This course mainly focuses on various global environmental concerns, such as climate change, biodiversity, environmental pollution, and natural resources. This course explores case studies illustrating specific problems in different regions and countries and the proper role of local governments and intergovernmental organizations in the regulation of the environment. Students will also be expected to participate in discussions or debates on climate and environment-related issues including role play. ENVIR 301 International Environmental Policy (4 credits) This course examines the international community’s responses to various global environmental problems."
credit,p00925,Part 10: Majors and Courses,Course Descriptions,Prerequisite(s): None,270,Curriculum & Degree Requirements,"ENVIR 302 Environmental Economics & Policy (4 credits) The role of the environment in the theory and practice of economics. Topics include ways in which markets fail to efficiently allocate resources in the presence of pollution, along with the array of policies regulators used to correct those failures; the empirical techniques used by economists to put values on environmental commodities; and an examination of questions related to everyday environmental issues, particularly those confronting China, and the developing world."
credit,p00926,Part 10: Majors and Courses,Course Descriptions,Prerequisite(s): ECON 201,270,Majors & Courses,"ENVIR 303 Climate Change and Society in China (4 credits) Analysis of Earth’s climate history and links between climate and society in China, as well as physical climatology and the future climate in China. Topics include: global climate system, climate feedbacks, energy balance, basic circulation of the atmosphere and ocean, hydrological cycle and carbon cycle, paleoclimate reconstruction, record of natural variations of past climate with emphasis on past changes of monsoon rainfall reconstructed from paleoclimate archives for the past, extrinsic forcing mechanisms of observed paleoclimatic variations. The impact of climate variability and change on Chinese society and history will be discussed."
credit,p00927,Part 10: Majors and Courses,Course Descriptions,Prerequisite(s): ENVIR 101 or consent of the instructor,270,Majors & Courses — Topic 4,"ENVIR 304 Environmental Chemistry and Toxicology (4 credits) An overview of the fate and effects of chemicals in the environment. Topics include chemical characterization of pollutants, chemistry of natural waters, soil sediment chemistry, atmospheric chemistry, transfers between and transformations within environmental compartments, toxicokinetics, cellular metabolism, biological levels of organization, and approaches for assessing chemical hazards. Incorporates case studies focused on human health and ecosystem protection."
credit,p00928,Part 10: Majors and Courses,Course Descriptions,Prerequisite(s): INTGSCI 102 or CHEM 110 or CHEM 120,270,Curriculum & Degree Requirements,"ENVIR 305 Environment and Development Economics in Developing Countries (4 credits) Course will focus on the major challenges developing countries face in balancing environmental management and economic growth. Class will use economic analyses to examine these challenges and to devise policy solutions, especially given that developing countries often have weak institutional capacity and fewer financial resources to cope with environmental pollution."
credit,p00929,Part 10: Majors and Courses,Course Descriptions,"Prerequisite(s): ECON 101, or consent of the instructor",270,Majors & Courses — Topic 4,"ENVIR 306 Water Pollution (4 credits) This course is designed to present students with a comprehensive introduction to the sources and impacts of pollution in marine and freshwater environments. Fundamental concepts and principles of aquatic biogeochemistry will be introduced first, including marine and freshwater chemistry,"
credit,p00931,Part 10: Majors and Courses,Course Descriptions,Prerequisite(s): INTGSCI 101; or BIOL 110 and CHEM 110; or consent of the instructor,271,Majors & Courses — Topic 4,"ENVIR 311 Biogeochemistry (4 credits) Biogeochemistry is the study of how chemical elements flow through living systems and their physical environments. This course will investigate the factors that influence the cycling of those elements that are essential to life as well as the liberation, transport and exposure pathways of toxic trace elements. Concepts of nutrient limitation, element stoichiometry, primary productivity and carbon sequestration will be covered in depth, and will be applied to the study of human impacts on the global biogeochemical cycles of water, carbon, nutrients and trace metals."
credit,p00932,Part 10: Majors and Courses,Course Descriptions,"Prerequisite(s): INTGSCI 102; or, BIOL 110, and CHEM 110 or 120",271,Majors & Courses — Topic 4,"ENVIR 313 Ecosystem Service (4 credits) Ecosystem services are the benefits that people obtain from ecosystems and utilizes a system level approach to examine the interactions between four services. The course will include discussion of nutrient recycling as a supporting service, food production as a provisioning service, carbon sequestration as a regulating service and education as a cultural service as well as how they fit together in a sustainable system. Students will learn through case studies of the application of conservation, restoration and market valuation approaches to protecting critical ecosystem processes."
credit,p00933,Part 10: Majors and Courses,Course Descriptions,Prerequisite(s): BIOL 208 or consent of the instructor,271,Majors & Courses — Topic 4,"ENVIR 315 Aqueous Geochemistry (4 credits) This course is designed to provide the student with an understanding of the fundamentals of aqueous geochemistry. This course focuses on the fundamental aquatic geochemical processes (e.g. mineral precipitation/dissolution, solution complexation, acid-base chemistry) that shape and transform the Earth's surface as a result of rock-water interactions, and associated impacts on the fate and transport of inorganic and organic contaminants in aqueous and geochemical environments."
credit,p00934,Part 10: Majors and Courses,Course Descriptions,Prerequisite(s): INTGSCI 102 or CHEM 110 or CHEM 120,272,Majors & Courses — Topic 4,"ENVIR 402 Chemical Transformation of Environmental Contaminants (4 credits) Mechanisms and principles underlying organic contaminant transformations in the ambient environment. Topics include hydrolysis, oxidation/reduction, direct and indirect photolysis, and reactions with disinfectant chemicals. Reactions will be considered in context of both natural (e.g. surface water and cloudwater) and engineered (e.g. drinking water, wastewater, and groundwater remediation) systems. Approaches will include both qualitative (reaction mechanism and product identification) as well as quantitative (reaction kinetics and stoichiometry) aspects of environmental reaction chemistry."
credit,p00935,Part 10: Majors and Courses,Course Descriptions,Prerequisite(s): CHEM 110 or 120,272,Curriculum & Degree Requirements,"ENVIR 403 Energy Economics and Policy (4 credits) This course examines the economics of markets and policies for different energy supply sources (such as petroleum, coal, natural gas, electricity, renewables, nuclear), energy demand and efficiency, and their interactions with each other and with the rest of the economy and environment. We will explore rationales for why markets for energy and energy-using technologies have historically been subject to extensive government intervention. Other topics include markets for energy and energy-using technologies, energy price regulation, and energy security."
credit,p00936,Part 10: Majors and Courses,Course Descriptions,Prerequisite(s): ECON 101,272,Curriculum & Degree Requirements,"ENVIR 404 Environmental Justice: The Economics of Race, Place and Pollution (4 credits) Minorities and low-income households bear a disproportionate burden from environmental pollution. The inequality may happen in many countries, cultures and contexts. This course examines ways in which environmental injustices in the USA, China and in the world may arise out of discriminatory behavior and/or market forces founded on individual, firm, and government incentives. The course also analyses policies that are aimed at providing fair treatment and equal protection from pollution regardless of race, color, or income. The course first sets the theoretical framework used to document and explain disproportionate exposures."
credit,p00937,Part 10: Majors and Courses,Course Descriptions,Courses with Course Subject: Ethics and Leadership (ETHLDR),273,Curriculum & Degree Requirements,"ETHLDR 101 Ethics and Leadership (4 credits) This interdisciplinary course draws on philosophy, sociology and public policy to explore ethical leadership in the twenty-first century. From the challenges facing governments to decisions students confront daily, this course seeks to create and evaluate solutions to ethical dilemmas in a global world. Does a government have the right to insist on another government’s adherence to human rights standards? Should a museum be forced to return artifacts that were stolen centuries before the museum acquired them? Do corporations have an obligation to invest in their local communities? Do we have an obligation to help the poor and if so why?"
credit,p00938,Part 10: Majors and Courses,Course Descriptions,Courses with Course Subject: Ethics and Leadership (ETHLDR),273,Curriculum & Degree Requirements,"ETHLDR 108 Democracy and Inclusion: Hopes, Prospects, Dilemmas (2 credits) Existing democracies are marred by long-standing inequalities, deep-seated exclusions, and profound injustices. Many argue, however, that it is possible to create much more “inclusive” democratic societies. This course examines the core ideals behind this hope, the prospects for its realization, and the dilemmas of its pursuit. We look at normative and empirical literatures, drawn from diverse contexts and disciplines. Central questions include: When actors envision a more “just,” “inclusive” democratic society, what precisely are they envisioning? How do they justify their visions? What major strategies have been employed to create more “inclusive” democratic processes, and how effectively have they worked?"
credit,p00939,Part 10: Majors and Courses,Course Descriptions,Courses with Course Subject: Ethics and Leadership (ETHLDR),273,Curriculum & Degree Requirements,"ETHLDR 201 Ethics, Citizenship and the Examined Life (4 credits) Ethics, Citizenship and the Examined Life explores several related themes. It attends to traditional Asian and Western ideals and contemporary analyses of moral self-cultivation, personal achievement and meaning; to obligations beyond the self – to family, community, religion, party, nation, and humanity – and whether it is possible to reconcile the criteria for “doing the right thing” across cultures and ages; and to the ways in which Asian and Western philosophical and political traditions have addressed the relationship between a meritocratic elite and democratic forms of government."
credit,p00940,Part 10: Majors and Courses,Course Descriptions,Prerequisite(s): GLOCHALL 201,273,Curriculum & Degree Requirements,"ETHLDR 202 Ethics, Markets, Politics (4 credits) What should be the relation between markets in which goods and services are exchanged, the state that has potential supportive and regulatory functions toward the markets, and ethical values such as human welfare, the desire for meaningful work, equality, and justice? To what extent can and should markets be regulated by the state for the sake of such values? Should businesses act on moral values as well as the profit motive? To what extent should consumers guide their choices in the market according to ethical values? An interdisciplinary approach through philosophy, political theory and economics."
credit,p00941,Part 10: Majors and Courses,Course Descriptions,Prerequisite(s): GLOCHALL 201,274,Curriculum & Degree Requirements,"ETHLDR 203 Conceptions of Democracy and Meritocracy (4 credits) This course will examine democracy and meritocracy, exploring specifically the components, strengths, and liabilities of each. Particular focus will be on intersections between virtue, democracy and meritocracy. Readings will come from philosophy, political theory, history, and sociology. Potential application of these theories to the United States and to China, among other countries, will be discussed."
credit,p00942,Part 10: Majors and Courses,Course Descriptions,Prerequisite(s): SOSC 101,274,Majors & Courses — Topic 4,"ETHLDR 204 Environmental Ethics (4 credits) This course addresses the morality of respecting the natural world, including plants, animals and all forms of planetary life for their own sake. Is pollution of air and water wrong in itself, and not simply because it damages resources that present and future generations of human beings need? Does the suffering of nonhuman animals impose a moral claim upon human beings? Do all species have a claim to survive in the face of human development? Different philosophical theories as well as a variety of cultural traditions of thought about the environment will be studied and discussed."
credit,p00943,Part 10: Majors and Courses,Course Descriptions,Prerequisite(s): SOSC 101,274,Curriculum & Degree Requirements,"ETHLDR 205 Trust and Cross-Cultural Leadership (4 credits) Leadership works through the cultivation of trust between leaders and the people they lead. Leaders make trade-offs in providing direction (“coercive control”) versus cultivating trust-based commitment (“enabling control”). Recently, there has emerged the concept of “soft power,” which is the power to get others to want what you want through their attraction to your culture. Leaders often face the challenge of fostering trust across diverse cultures, values, and beliefs. This course draws on philosophy, political science, organizational behavior, sociology and psychology to study the conditions that foster trust within and across societies, and between leaders, the institutions of governance and the governed."
credit,p00944,Part 10: Majors and Courses,Course Descriptions,Prerequisite(s): SOSC 101,274,Curriculum & Degree Requirements,ETHLDR 206 Global Justice and Health Care (4 credits) The gap between those who receive the best health care and those who receive the worst health care in the world is staggering. Do all people have an equal right to long life and prosperity regardless of where they happen to live? Is there a right to basic health care? What should the most advantaged nations do for the least advantaged?
credit,p00946,Part 10: Majors and Courses,Course Descriptions,Prerequisite(s): SOSC 101,275,Curriculum & Degree Requirements,"ETHLDR 209 The Psychology of Justice (4 credits) What are the conditions under which people come to perceive their societies as just or unjust? What effects does living under conditions of injustice have on human psychology? This course will examine these questions through consideration of three topic areas. In Unit I, “Distributive Justice”, asking what justice in distribution of basic human resources consists in. In Unit II, “Social Justice”, exploring some of the psychological influences that contribute to prejudice and oppression, and how those influences shape the psychology of minority groups."
credit,p00947,Part 10: Majors and Courses,Course Descriptions,Prerequisite(s): SOSC 101,275,Curriculum & Degree Requirements,"In Unit III, “Restorative Justice”, examining the psychological underpinnings of a system of restorative justice that focuses on rehabilitation and reconciliation, and will examine the psychological complexities of instituting such a system under conditions of inequality. ETHLDR 301 Ethics of Nudging (4 credits) Behavioral economics and the idea of “nudging” have captured the attention of policy makers and the public."
credit,p00949,Part 10: Majors and Courses,Course Descriptions,Prerequisite(s): SOSC 101,275,Curriculum & Degree Requirements,"ETHLDR 302 The Sociology of Morality and Politics (4 credits) Religious, philosophical, social and cultural psychology explain how morality varies so much across cultures, despite the fact that cultures share so many similarities and recurrent themes. This course explores the foundation, the virtues, narratives, and institutions that sit on top of shared moral foundations, and the ways in which they lead to conflict within and across nations as well as the possibilities for managing that conflict."
credit,p00953,Part 10: Majors and Courses,Course Descriptions,FRENCH 24 Advanced Intermediate French Language and Culture (4 credits),277,Majors & Courses — Topic 2,"Credit for Advanced Placement on the basis of the College Board Examination in French, French Language or French Literature. FRENCH 101 Beginning French 101 (4 credits) This is an introductory French course in which students use French to communicate during class meetings and breakout sessions. The main objective is to develop the following intertwined proficiencies: linguistic and communicative skills (speaking, listening, reading, and writing), intercultural competence (knowledge, skills, and attitudes), as well as critical understanding of the French-speaking world in order to communicate in French (talk with others, express ideas in writing, read and understand what others have written or said)."
credit,p00955,Part 10: Majors and Courses,Course Descriptions,GERMAN 24 Advanced Placement in German (4 credits),278,Majors & Courses — Topic 2,"Credit for Advanced Placement on the basis of the College Board Examination in German, German Language and Literature. GERMAN 101 Beginning German 1 (4 credits) This is the first course in the beginning level German sequence. In this course students will build a solid base of vocabulary and pronunciation skills and set a foundation for reading, writing, listening and speaking in order to begin to engage in daily life in German. In this course students will also learn about how to learn a new language and about how to independently build language skills."
credit,p00958,Part 10: Majors and Courses,Course Descriptions,GCHINA101 China in the World (4 credits),279,Majors & Courses,"GCHINA 201 From Empire to Nation (4 credits) This course examines concepts and theories of empire, imperialism, colonialism, and the nationstate, with a particular focus on their circulation and impact in East Asia and China. We trace the history of Western theories of ""nation,"" looking at what the term meant prior to the European nation-state and the imperialist and colonial projects of the 19th and early 20th centuries, and we examine what they mean in the present era of multiculturalism and globalization. We explore how historically Chinese conceptions of civilization and empire were transformed in post-imperial era."
credit,p00959,Part 10: Majors and Courses,Course Descriptions,GCHINA101 China in the World (4 credits),279,Majors & Courses,"We look also at how related concepts of race, ethnicity, religion, gender, and culture have traveled from the West, through the Soviet Union, to China and beyond. GCHINA 202 Modern Chinese Politics (4 credits) How is the Chinese political system organized? What are the rules, both formal and informal, about how policy is made in China? What determines whether a policy actually works in China? How do everyday people experience politics in China? This class introduces students to readings, arguments, and concepts that begin to explore the answers to these questions."
credit,p00960,Part 10: Majors and Courses,Course Descriptions,GCHINA101 China in the World (4 credits),279,Majors & Courses,"One of the goals for the class is that students can start to recognize systematic patterns and a logic of action in how the Chinese political system operates. GCHINA 203 Visual China (4 credits) From film’s first appearance at a Shanghai teahouse in August 1896 to Jackie Chan’s latest transnational stardom, the history of modern Chinese cinema has always sought to raise questions of national and cultural identity. How do Chinese films between the two fins-de-siècle create the spectacle of “China,” narrate its history, and represent its increasingly diversified cultural landscapes both at home and abroad?"
credit,p00962,Part 10: Majors and Courses,Course Descriptions,GCHINA101 China in the World (4 credits),280,Majors & Courses — Topic 2,GCHINA 301 China’s Transitioning Economy (4 credits) This course provides a comprehensive overview of the Chinese economy and China’s role in the world economy. China’s current economic challenges will be given particular attention.
credit,p00964,Part 10: Majors and Courses,Course Descriptions,GCHINA101 China in the World (4 credits),280,Majors & Courses,"GCHINA 302 The Factory: From Socialist Industrialism to World Assembly (4 credits) The rise of China and its economic transition are inseparable from the workings of the factories and the feminization of labor on those assembly lines. For most workers, the factory has been not simply a place to work, but also a “habitus” where rest, sustenance, leisure and consumption are conditioned, regulated, and at times, contested. In this highly interdisciplinary course we will examine the factory not only as a political and economic unit of disciplined work, but also as a cultural and ideological space wherein dreams and anxieties are produced and exhausted."
credit,p00965,Part 10: Majors and Courses,Course Descriptions,GCHINA101 China in the World (4 credits),280,Majors & Courses — Topic 2,GCHINA 390 Junior Seminar: Advanced Topics (4 credits) This seminar is a core component of the interdisciplinary major in Global China Studies. Students will apply to interdisciplinary topics the knowledge and methods of analysis that they have gained in different disciplines. Students will re-connect with the broader community of faculty and students in their major and further develop their capacities to translate between their areas of expertise and the larger questions and issues that apply across a variety of disciplines. The seminar will foster the ability to see their disciplinary knowledge from a wider perspective and to apply it flexibly. Specific topics will vary.
credit,p00966,Part 10: Majors and Courses,Course Descriptions,GCHINA101 China in the World (4 credits),280,Curriculum & Degree Requirements,"This seminar is required for all juniors in the major. Other students may enroll with the permission of the instructor. GCHINA 401 Political Economy of the Chinese Reform (4 credits) This course is a reading and research seminar that aims to provide students with a solid, broad understanding of China’s reform policies, programs, and strategies since 1978. It also examines the lessons the Chinese reformers and people learned from the 40-year reform experience as well as the challenges facing the Chinese economy and society in the future. Reading materials include both authoritative and new works on China’s politics, institutions, and economic development at various stages of the reform period."
credit,p00968,Part 10: Majors and Courses,Course Descriptions,Prerequisite: Consent of the Instructor,281,Majors & Courses — Topic 2,GCHINA 490 Senior Seminar: Advanced Topics (4 credits) This seminar is a core component of the interdisciplinary major in Global China Studies. Students will apply to interdisciplinary topics the knowledge and methods of analysis that they have gained in different disciplines. Students will re-connect with the broader community of faculty and students in their major and further develop their capacities to translate between their areas of expertise and the larger questions and issues that apply across a variety of disciplines. The seminar will foster the ability to see their disciplinary knowledge from a wider perspective and to apply it flexibly. Specific topics will vary.
credit,p00970,Part 10: Majors and Courses,Course Descriptions,Courses with Course Subject: Global Cultural Studies (GCULS),282,Majors & Courses,"GCULS 105 Critical Comparative Studies (4 credits) What is “culture”? Where can we observe it and how can we study it? And, most importantly for a globalizing world: Can we compare “cultures”? What are the assumptions and parameters that would make such comparison possible in the first place? This course addresses the forces and concerns central to understanding culture and cultural difference. Discussions will pay attention to both the global and local/regional levels on which culture can be observed and compared. Understandings of culture touch upon many forces and concerns, including questions of gender, ideology, religion, nationalism and colonialism."
credit,p00971,Part 10: Majors and Courses,Course Descriptions,Courses with Course Subject: Global Cultural Studies (GCULS),282,Majors & Courses,"By building a firm understanding of the theoretical approaches to culture, this course will explore the toolbox of comparative cultural studies. GCULS 106 Our Cities and Ourselves (2 credits) What is a city? How do cities shape the everyday lives and experiences of those who live in them, as well as cultural conceptions of modernity and civilization? Pairing texts drawn from literature and the interdisciplinary field of urban studies, this course will study how writers and thinkers have sought to express and analyze what it means to live in cities."
credit,p00972,Part 10: Majors and Courses,Course Descriptions,Courses with Course Subject: Global Cultural Studies (GCULS),282,Majors & Courses,"By reading literary accounts of urban life such as Mu Shiying in Shanghai, James Joyce in Dublin, Michel de Certeau in New York, and Orhan Pamuk in Istanbul, alongside perspectives from urban planners and sociologists such as Liang Sicheng, Jane Jacobs, Saskia Sassen, and Spiro Kostof, you will engage with some of the most creative and influential ideas concerning the complex relationship between our cities and ourselves. GCULS 107 Berlin-Paris: Sex, Cigarettes, and the Meaning of Life (2 credits) A trip to Europe is not complete without Paris and Berlin: cities of light and darkness, of excesses and extremes."
credit,p00974,Part 10: Majors and Courses,Course Descriptions,Courses with Course Subject: Global Cultural Studies (GCULS),282,Curriculum & Degree Requirements,"GCULS 108 Science, Culture, and Politics (2 credits) What is science? Who has the authority to determine what qualifies as science? Is all scientific knowledge inherently political? This class will focus on the human dimensions of science. We will examine a number of topics, including Social Darwinism and contemporary global climate change discourse. Drawing from recent scholarship in the history of science, the class will explore debates about the meaning and origins of scientific modernity. Did “modern science” originate in the “West”"
credit,p00975,Part 10: Majors and Courses,Course Descriptions,Courses with Course Subject: Global Cultural Studies (GCULS),283,Majors & Courses,"before diffusing elsewhere? We will also focus on questions of identity and representation in the making of scientific cultures. GCULS 201 Culture and Industry (4 credits) Apple is currently the most valuable company/brand in the world. Despite its technological origin, the company has always valued design, interface, affect, imagination and creativity - skills that the humanities and the interpretive social sciences offer and promote. This course examines how cultural studies, in its analyses of fandom, reception theory, cultural hegemony, etc., provide students the theoretical skills to understand, analyze and prepare for working in the emerging creative industries in China today."
credit,p00976,Part 10: Majors and Courses,Course Descriptions,Courses with Course Subject: Global Cultural Studies (GCULS),283,Majors & Courses,"Topics that might be included in this course: cultural industry and modernity, popular culture and everyday life, representations of gender and sexuality in advertisement, the impact of new social media and information technology, and censorship. GCULS 202 Empires and Culture (4 credits) In 1800, Europeans controlled 35 percent of the earth’s land surface. By 1914, it was 84 percent; American and Japanese imperialism soon followed. Beyond political control and economic exploitation, culture was instrumental in legitimizing imperial rule through the discourses of civilizing mission, scientific racism, social Darwinism, and in the Japanese case, a co-prosperity for Asians through assimilation."
credit,p00977,Part 10: Majors and Courses,Course Descriptions,Courses with Course Subject: Global Cultural Studies (GCULS),283,Majors & Courses,"However, colonized peoples contested imperialism and colonialism through cultural practices such as mimicry, “signifying”, literary practice, and critique of liberalism and humanism. This course examines how culture is inscribed in the workings and failings of empires and their legacies. GCULS 301 Religion and Sexuality (4 credits) This course offers a critical examination of the relation of religion and sexuality with special attention to Buddhist literature and experience."
credit,p00978,Part 10: Majors and Courses,Course Descriptions,Courses with Course Subject: Global Cultural Studies (GCULS),283,Academic Procedures,"The course equips students with tools from religious theory, gender theory, and critical theory, which are then used to interpret a range of phenomena including: religious interpretations of sex, sexuality, and gender; the codification and normalization of these rules through texts, symbols, and practices; and recent challenges to these interpretations. Topics include homosexuality, same-sex marriage, abortion, contraception, gender equality, clerical marriage, married clerics' wives, and clerical sexual abuse. Places Buddhism in conversation with Jewish, Christian, and Islamic traditions. GCULS 302 Gender in Global Perspective (4 credits) Is every-body either male or female? Does the body precede being female or male, black or white, gay or straight?"
credit,p00980,Part 10: Majors and Courses,Course Descriptions,Courses with Course Subject: Global Cultural Studies (GCULS),284,Majors & Courses,"GCULS 303 Chinatowns: A Cultural History (4 credits) This course explores the intersection of space and ethnicity through the myriad ways Chinatown has circulated as memory, fantasy, narrative, and myth in the dominant cultural imagination. Through this exploration, the course engages the lived realities of overseas Chinese communities, placing them in the broader context of Asian American history. It aims to show how changing conceptions of “Chineseness” have productively engaged with real Chinatowns from Japan to America, and the phantom Chinatowns of film and fiction."
credit,p00981,Part 10: Majors and Courses,Course Descriptions,Courses with Course Subject: Global Cultural Studies (GCULS),284,Majors & Courses,"Employing multidisciplinary approaches including urban history, architecture and ethnography, the course reveals how the Chinatowns of myth and memory intersect with the lived reality of overseas Chinese communities. GCULS 304 Chinese Culture and Ideology in the 20th Century and Now (4 credits) This course considers a variety of literary texts from the perspective of the nexus of cultures and societies in Asia, primarily on modern and contemporary China. This course exposes students to cultural and literary expressions and representations of modern China from the beginning of the 20th century to the present. It explores issues of politics and ideology and the formation of Chinese exceptionalism."
credit,p00982,Part 10: Majors and Courses,Course Descriptions,Courses with Course Subject: Global Cultural Studies (GCULS),284,Majors & Courses,"The class is divided into two parts: 1. the beginning of the 20th century (1900-1949) and the Mao era (1949-1976); 2. contemporary China since the era of reform and opening up (1978present). The course takes comparative, interdisciplinary approaches of intellectual and cultural history, literary and cultural studies, and political science. It aims at unraveling the complex relationship of political, ideological formations and cultural, intellectual movements in modern China within the global context of Asia and beyond. GCULS 305 Translation for Stage and Screen (4 credits) This course develops skills in translation between English and Chinese in the context of theatre and film. Is performance translatable?"
credit,p00983,Part 10: Majors and Courses,Course Descriptions,Courses with Course Subject: Global Cultural Studies (GCULS),284,Majors & Courses,"How can a translator of subtitles deal with complex cultural references while maintaining brevity and without the luxury of footnotes? Should a translation be loyal to the playwright or to the performer? Can it anticipate audience interpretations and should it guide them? Students compare translations of key works, develop translations for performances within the local community and consider the role of the translator as a mediator of meaning within a complex system of cultural production. GCULS 390 Junior Seminar: Advanced Topics (4 credits) This seminar is a core component of the interdisciplinary major in Global Cultural Studies."
credit,p00985,Part 10: Majors and Courses,Course Descriptions,Courses with Course Subject: Global Cultural Studies (GCULS),285,Majors & Courses,"GCULS 401 Games and Culture: Politics, Pleasure and Pedagogy (4 credits) This course examines analog and computer games from a cultural perspective. It explores how prevailing cultures and values affect game design, their popularity, and user experience. By examining the design of games, the course treats games, as cultural artefacts, and aims to understand how they engage broader cultural and political themes, such as imagining disaster, utopia and dystopia. By examining their popularity among different social, gender and ethnic groups, the course investigates contemporary cultural concerns such as gender politics and racial representation."
credit,p00986,Part 10: Majors and Courses,Course Descriptions,Courses with Course Subject: Global Cultural Studies (GCULS),285,Academic Procedures,"By exploring the user experience, especially in the arena of massively multiplayer role-playing games (MMRPGs), the course investigates questions of role-playing and identity, ethics, group behavior, competition, and politics. GCULS 402 Digital Tribes (4 credits) This course tracks digital life and creative expression of groups online in a close study of images, captions and hyperlinked tags. It examines rituals, symbols and cultural patterns that structure everyday life of digital tribes online and investigates impact of digital and social media (Weibo, Twitter, Instagram Facebook, livestreaming apps) on the constitution of communities online and offline."
credit,p00987,Part 10: Majors and Courses,Course Descriptions,Courses with Course Subject: Global Cultural Studies (GCULS),285,Academic Procedures,"Studying varied array of digital tribes: tribes of the deaf, of oil rig workers, of Hindu worshippers, of prison wives and laptop entrepreneurs, students learn about underlying myths, rituals, and cultural symbols that connect groups of people online. GCULS 405 The Curatorial: Theory and Practice (4 credits) Is everyone a curator? The etymological meaning of to curate – to take care of – has become, with the ever-expanding meaning of art and exhibition making, both central to and contested by practitioners who carefully conceptualize, comment, organize, and show art. In this course, we ask fundamental questions of what curation does and should do. We will: 1."
credit,p00989,Part 10: Majors and Courses,Course Descriptions,Prerequisite: Consent of the Instructor,285,Academic Procedures,GCULS 490 Senior Seminar: Advanced Topics (4 credits) This seminar is a core component of the interdisciplinary major in Global Cultural Studies. Students will apply to interdisciplinary topics the knowledge and methods of analysis that they have gained in different disciplines. Students will re-connect with the broader community of faculty and students in their major and further develop their capacities to translate between their areas of expertise and the larger questions and issues that apply across a variety of disciplines. The seminar will foster the ability to see their disciplinary knowledge from a wider perspective and to apply it flexibly. Specific topics will vary.
credit,p00990,Part 10: Majors and Courses,Course Descriptions,Courses with Course Subject: Global Health (GLHLTH),286,Curriculum & Degree Requirements,"GLHLTH 101 Introduction to Global Health (4 credits) This course introduces students to the essential features of global health from the varying perspectives of natural science, social science, and the humanities, drawing from a variety of conceptual frameworks at different scales (individual, community, country, and global). This course examines the global burden of diseases, how this burden is measured, and debate the utility of interventions used for disease mitigation and prevention. This course also introduces the state of the world’s global health infrastructure and explores how that infrastructure might or should adapt to the future world."
credit,p00991,Part 10: Majors and Courses,Course Descriptions,Courses with Course Subject: Global Health (GLHLTH),286,Curriculum & Degree Requirements,"GLHLTH 105 Novel Coronavirus: Epidemics and Response in the Age of Global Interdependence (2 credits) The novel coronavirus outbreak has put public health onto the front pages of newspapers worldwide. However, the daily news cycle is hardly the best way to digest issues that require a contextual understanding of epidemiology, virology, history, sociology, and health humanities. This course will use the outbreak as a starting point for a multidisciplinary and interdisciplinary analysis that brings together diverse methodologies to gain a broader understanding of the crisis, its origins, and how to address it."
credit,p00992,Part 10: Majors and Courses,Course Descriptions,Courses with Course Subject: Global Health (GLHLTH),286,Academic Procedures,"Students will engage in intercultural collaboration and develop skills in problem solving and information literacy through readings, weekly class activities, and a culminating team project. Leading experts from various fields will engage the class in live, interactive participatory sessions. The course will be conducted fully online and will be cross listed between Duke Kunshan University and Duke University, allowing undergraduates from the two institutions to exchange ideas and learn from one another. GLHLTH 110 Ecosystem Health and Human Well-Being (4 credits) Explores interactions between ecosystem health and human well-being in context of global change and human population growth."
credit,p00993,Part 10: Majors and Courses,Course Descriptions,Courses with Course Subject: Global Health (GLHLTH),286,Curriculum & Degree Requirements,"Effects of climate change on food supply, water availability, land degradation and human well-being; impact of species distribution, disease spread, and human health; ecosystem services and human well-being. Case studies used to illustrate the scientific process and to evaluate supporting evidence. GLHLTH 201 Global Health Ethics (4 credits) This course introduces students to ethical theories and frameworks in the context of historical and current issues in global health. As part of this context students learn about best practices and standards of care in clinical settings, so that they can make cross-cultural and transnational comparisons and use these to set up difficult ethical questions about health disparities."
credit,p00996,Part 10: Majors and Courses,Course Descriptions,Courses with Course Subject: Global Health (GLHLTH),287,Academic Procedures,"GLHLTH 202 Media and Health Communication (4 credits) This course examines health communication theory, research, and practice. Major topics include the impact of media on health and behavior; use of mass, new, and social media strategies for health promotion, patient-provider communication; and the role of culture in health communication campaign design. Students should have basic understanding of social science research methods. Students will develop the skills necessary to use media strategically to advance public health policies and social change."
credit,p00997,Part 10: Majors and Courses,Course Descriptions,Courses with Course Subject: Global Health (GLHLTH),287,Academic Procedures,"The course covers the design, implementation and evaluation of media campaigns to promote public health goals, and examines theories and research on media influences with respect to its potential harmful effects on wellbeing. Students will design a digital mediabased health communication campaign. GLHLTH 203 Global Disease Control Programs and Policies (4 credits) This course presents the history, social and political context, organization, technical content, funding and evaluation of current, major, global initiatives for disease control."
credit,p00998,Part 10: Majors and Courses,Course Descriptions,Courses with Course Subject: Global Health (GLHLTH),287,Curriculum & Degree Requirements,"This course emphasizes programs focused on health problems of the developing world and includes, initiatives for vaccines and immunization, non-communicable diseases, safe motherhood and reproductive health, malaria, Neglected Tropical Diseases, HIV, emerging infectious diseases, TB, tobacco control, nutritional interventions and injury control. This course also examines the process of policy formulation and resource allocation to international health and disease control. GLHLTH 301 Global Health Research Methods (4 credits) This course introduces research methods in global health. Global health is a multi-disciplinary field, so the course considers approaches common to the behavioral and social sciences, public health, and medicine. Primary interest is the study of causal inference."
credit,p01001,Part 10: Majors and Courses,Course Descriptions,Prerequisite(s): GLHLTH 101 or Consent of the Instructor,288,Curriculum & Degree Requirements,"GLHLTH 302 Social Determinants of Health (4 credits) This course introduces students to the major social factors that affect public health at both the global and national level. Globally, students study a wide range of topics from the health impact of global income inequality, gender, and access to education, to the role of specific work place policies, among other topics. Lectures introduce a social variable (such as race or gender), discuss its theoretical underpinnings, and then link it to the current empirical evidence to health outcomes. Students learn to analyze the strengths and weaknesses of the empirical evidence."
credit,p01003,Part 10: Majors and Courses,Course Descriptions,Prerequisite(s): GLHLTH 101 or Consent of the Instructor,288,Curriculum & Degree Requirements,"GLHLTH 303 Global Comparative Health Care Systems (4 credits) This course introduces students to the components of health systems (populations, financing, payment, workforce, service delivery, information, medicines and technologies, governance) as they appear in various health system frameworks, and to the ways in which these components and their combinations vary from country to country around the world. The course focuses on comparisons across countries at the same economic level (high-, middle-, and low-income), as well as on comparisons across levels."
credit,p01006,Part 10: Majors and Courses,Course Descriptions,Prerequisite(s): GLHLTH 101,289,Curriculum & Degree Requirements,"GLHLTH 304 Global Health Governance and Policy (4 credits) This course introduces global health governance and policy in four modules: 1. Globalization; 2. Health; 3. Governance; 4. Policy. Draws on faculty from a range of disciplines, including anthropology, biology, economics, history, medicine, political science, public policy, and sociology, to situate the concept and practice of ""global health"" within these four broad themes. This course introduces students to the primary governmental, intergovernmental, private, and civil society actors in global health, and provides an understanding of current issues in global health policy, including the political economies of health care, decision-making processes, governance structures, and the resource-constrained realities of global health policy-making."
credit,p01007,Part 10: Majors and Courses,Course Descriptions,Prerequisite(s): GLHLTH 101,289,Majors & Courses — Topic 4,"GLHLTH 305 Biological Basis of Disease (4 credits) This course covers the basics of the structure and function of major organ systems of the human body in health and disease. The course is geared towards any students who are interested in learning more about how the human body works, how disease develops, and how mind-body connections can alleviate the progression of a disease process."
credit,p01008,Part 10: Majors and Courses,Course Descriptions,"Prerequisite(s): GLHLTH 101, and INTGSCI 101 or BIOL 110",289,Majors & Courses — Topic 4,"GLHLTH 306 Evolution of Health and Disease (4 credits) Covers evolutionary approaches to understand human health and disease at a global scale. Integration of evolutionary thinking and medical science provides new insights to a wide array of medical issues including obesity, cancer, allergies, and mental illness. Evolutionary perspectives reveal why some pathogens are more harmful than others, shed light on the origins and spread of infectious diseases in humans, and help in controlling antibiotic resistance. Evolutionary approaches provide insights as to why we age and provide solutions to alleviate human health problems that often differ from modern medical practice."
credit,p01010,Part 10: Majors and Courses,Course Descriptions,"Prerequisite(s): GLHLTH 101, and INTGSCI 101 or BIOL 110",289,Majors & Courses,"GLHLTH 307 Global Mental Health (4 credits) Course examines global mental health from perspectives of culture, public health, epidemiology, human rights, policy, and intervention. Readings in the course focus on peer-reviewed research literature highlighting topics such as the prevalence of mental health disorders worldwide, the role of culture in mental health, and the interventions backed by strong evidence for prevention and treatment. Students will discuss and critique study methodologies and explore the needs for future research in this emerging field. Course is designed for students with prior research methods and psychology coursework."
credit,p01011,Part 10: Majors and Courses,Course Descriptions,Courses with Course Subject: Global Challenges (GLOCHALL),290,Academic Procedures,"GLOCHALL 201 Global Challenges in Science, Technology, and Health (4 credits) As the second common core course for DKU students, this course is designed to engage students in an exploration of global challenges in science, technology, and health. Students will attend to the general features of global challenges and the aspects of human nature and society that render these challenges so problematic. While students will investigate in common a number of discrete challenges, they will also work collaboratively in teams to investigate a global challenge, communicate effectively about it to a wide audience, and propose interventions."
credit,p01013,Part 10: Majors and Courses,Course Descriptions,HIST 20 Basic Art History (4 credits),291,Academic Procedures — Topic 2,Credit for Advanced Placement on the basis of the College Board examination in art history.
credit,p01014,Part 10: Majors and Courses,Course Descriptions,HIST 21 World History (4 credits),291,Academic Procedures — Topic 2,Credit for Advanced Placement on the basis of College Board examination in World History
credit,p01015,Part 10: Majors and Courses,Course Descriptions,HIST 23 American History I (4 credits),291,Academic Procedures — Topic 2,Credit for Advanced Placement on the basis of College Board examination in American History (score of 4 or 5) or equivalent
credit,p01016,Part 10: Majors and Courses,Course Descriptions,HIST 25 European History I (4 credits),291,Academic Procedures — Topic 2,Credit for Advanced Placement on the basis of College Broad examination in European History (score of 4 or 5) or equivalent
credit,p01017,Part 10: Majors and Courses,Course Descriptions,HIST 26 European History II (4 credits),291,Majors & Courses — Topic 2,"Credit for Advanced Placement on the basis of College Broad examination in European History (score of 4 or 5) or equivalent HIST 101 Ancient Chinese History (4 credits) This course examines the origin stories of Chinese civilization as found in the historical documents and archeological evidence from the Warring States period. Students use primary source material and historical evidence to interpret the theories of Confucius, Mozi, Laozi, Zhuangzi, and Han Feizi in their historical, social and political contexts, with special regard to the their understanding of the state, the role of government, the military, and civil education."
credit,p01018,Part 10: Majors and Courses,Course Descriptions,HIST 26 European History II (4 credits),291,Majors & Courses,"The course then examines the attempts to forge a unified empire, finally achieved under the Qin, and the subsequent policies of the Han dynasty that aimed to make the unified empire last. The course involves visits to local archeological sites where relevant. HIST 102 Medieval Chinese History (4 credits) This course examines what Hu Shi has called the “Indianization” of China. It traces the import of Buddhist ideas, values and practices from India and central Asia, and their impact on Chinese"
credit,p01019,Part 10: Majors and Courses,Course Descriptions,HIST 26 European History II (4 credits),292,Majors & Courses,"society, religion and politics. It examines the notion of China as multireligious, multiethnic empire and considers the transition from political diversity in the Six Dynasties period to renewed unity in Sui and Tang dynasties. With Chang’an (Xi’an) as the capital of a culturally rich and diverse China, the course examines the impact of a newly discovered inner-Asian cosmopolitanism on Tang aristocracy, culture, religion and politics. HIST 103 Premodern Chinese History (4 credits) The course introduces the foundations of modern China from the Song Dynasty up through the late imperial period (about 1800 CE to 1911)."
credit,p01021,Part 10: Majors and Courses,Course Descriptions,HIST 26 European History II (4 credits),292,Majors & Courses,"HIST 104 American History to 1876 (4 credits) This course will survey the history of the present-day United States from precolonial times (pre1500) to 1876. This was a tumultuous era of American, and world history, fraught with conquest and enslavement, revolutions and civil wars, mass migrations and democratization. This course will particularly investigate indigenous societies, European colonization and African slavery, the American Revolution and the founding of the US nation-state, social movements, sectional conflicts, expansionism and the American Civil War, as well as the reconstruction of American democracy in the wake of the Civil War."
credit,p01022,Part 10: Majors and Courses,Course Descriptions,HIST 26 European History II (4 credits),292,Majors & Courses,"Throughout, the course will emphasize the place of the US in global history, the growth of American capitalism, tensions between race and democracy, and the various contributions of women, slaves, merchants, planters, Native Americans, and workers to American culture and politics. HIST 105 American History from Reconstruction to the Present (4 credits) This course will survey the history of the United States, from the downfall of Reconstruction (1877) to the present day. Globally, this era was marked by industrialization, the consolidation and collapse of colonial empires, World Wars, socialist revolutions, decolonization, and the emergence of the United States as the world’s pre-eminent geopolitical and economic power."
credit,p01024,Part 10: Majors and Courses,Course Descriptions,HIST 26 European History II (4 credits),293,Majors & Courses,"HIST 106 Art History 1 (4 credits) Rather that aiming at a comprehensive survey, this course offers an introduction to key moments in the intersection of history, politics and visual art in the world before 1900s. It places art in a global context, highlighting themes from European, Asian, African and Indigenous art and focuses on art as the exercise of cultural power, and the way that artists have both promoted and resisted these entanglements with elite authority."
credit,p01025,Part 10: Majors and Courses,Course Descriptions,HIST 26 European History II (4 credits),293,Majors & Courses,"In each case studied, students will gain sufficient historical background to understand the art in question, but will also engage in the comparative study of art to highlight issues of power, religion, class, and gender. HIST 107 Gandhi and Moral Leadership (4 credits) Central to Mohandas Karamchand Gandhi’s thought and activism was the principle of “moral force.” It formed the basis of his unique method of activism, satyagraha (quest for truth), his concept of non-violence, his life-style choices including vegetarianism, his idea of religion and politics, state-building and economics."
credit,p01026,Part 10: Majors and Courses,Course Descriptions,HIST 26 European History II (4 credits),293,Majors & Courses,"This course explores the various meanings of the “moral force” in Gandhian thought and examines its salience within the history of the political milieu – especially, anti-colonial movements in India that he belonged to. This course also discusses the legacies of Gandhi and the relevance of his “moral force” for the twenty-first century world. HIST 108 Shanghai Nightscapes: A Nocturnal History of the City (2 credits) This interdisciplinary course combining the fields of history, sociology, urban studies and urban ethnography examines Shanghai, China’s most modern and dynamic city since the 19th century, through the lens of its nighttime leisure pursuits."
credit,p01027,Part 10: Majors and Courses,Course Descriptions,HIST 26 European History II (4 credits),293,Majors & Courses,"It explores how the city’s nightlife has contributed to its identity and image as a global cosmopolitan metropolis. HIST 109 Everyday Maoism in Objects: Revolution, Culture, and Life (2 credits) This course explores everyday life in Maoist China through the perspective of material culture. Objects, such as the Red Book, Mao badges, propaganda posters, statues, and wall paintings, were produced in and of importance to the Mao era. Everywhere in people’s daily life, these objects constituted a crucial component of the social, economic, and political order under Mao."
credit,p01028,Part 10: Majors and Courses,Course Descriptions,HIST 26 European History II (4 credits),293,Majors & Courses,"Drawing on the combination of archival sources, digital materials, and secondary literature, this course looks at the creation, transformation, and implication of Maoist material objects and their connections to contemporary China. Students have opportunities to sharpen their writing and analytical skills through a series of innovative writing assignments. HIST 110 Historical Perspectives on Contemporary Global Issues (4 credits) This course takes a comparative historical approach to contemporary global issues in various temporal and geographical contexts. Students will focus on issues that emerged in the modern era and may include such topics as terrorism and national security, environmental protection and"
credit,p01029,Part 10: Majors and Courses,Course Descriptions,HIST 26 European History II (4 credits),294,Majors & Courses,"degradation, resource distribution and trade, health and welfare, and cultural and religious diversity. Students explore the nature of historical change and continuity and will apply historical methods of research and analysis as they investigate the formation and development of particular global issues. The specific case studies and themes in the course will vary by term and instructor. HIST 111 Ancient Roots to Global Routes (4 credits) This course explores the nature of historical change and continuity between the pre-modern era and our current era of global connectivity, taking students from ancient roots to global routes."
credit,p01030,Part 10: Majors and Courses,Course Descriptions,HIST 26 European History II (4 credits),294,Majors & Courses,"Instead of a chronological survey, the focus is on broad subjects that cut across fields, regions, and periods. Students will have multiple opportunities to apply historical and interdisciplinary methods of research and analysis to investigate the formation and development of particular global issues, and compare historical and contemporary perspectives on these issues. Topics will vary by term and instructor. HIST 112 History of the Indian Ocean World (4 credits) The Indian Ocean world encompasses a vast geographical area from the East African coasts to the islands of South China Sea."
credit,p01031,Part 10: Majors and Courses,Course Descriptions,HIST 26 European History II (4 credits),294,Majors & Courses,"As the oldest site of “globalization”, people and commodities moving across this ocean had played key roles in the spread of religion, highroads of commerce, and geopolitics of empire. Taking the period between 2500BCE and 1900CE as our point of reference we will study, the various approaches employed by historians towards writing the history of the Indian Ocean world. We will learn the various ways of thinking of Indian Ocean as a region and to periodize it. HIST 113 Peoples and Cultures of Ancient South Asia, 3500BCE-1750CE (4 credits) Peoples of South Asia have produced one of the oldest and ever evolving cultures of the world."
credit,p01032,Part 10: Majors and Courses,Course Descriptions,HIST 26 European History II (4 credits),294,Majors & Courses,"This course will survey the history of the region from the earliest times to the eve of European conquest. We will learn the historical development of various religious traditions, the state formation processes, and the socio-political institutions that are foundational to South Asian history. In tracing the development of agrarian and urban societies, economic and ecological transformations, formation of various ethnic/religious/linguistic identities and inequalities, we will pay special attention to South Asia’s interactions with the wider world. HIST 114 Modern South Asia (4 credits) South Asia, the most populous part of the world, also boasts of the most diverse population."
credit,p01034,Part 10: Majors and Courses,Course Descriptions,HIST 26 European History II (4 credits),295,Majors & Courses,"HIST 115 Brides of the Sea: Trading Cities in the Indian Ocean World, 200BCE to 2000CE (2 credits) Seaborne trade linked the port cities of the Indian Ocean World and Southeast Asia to each other and the world beginning as early as 200BCE. Our class will examine the rise and fall of Asia and Africa’s coastal trading cities; the transcultural character of Indian Ocean trading entrepot; the life of merchants; labor migration; and cultural and religious exchange."
credit,p01035,Part 10: Majors and Courses,Course Descriptions,HIST 26 European History II (4 credits),295,Majors & Courses,"Student will explore ancient and modern networks of interconnections through group projects on one or more of the global commodities that animated Asian trade, such as silk, slavery, cinnamon, opium, rubber, prostitution, nutmeg, palm oil, bird’s nests, black pepper, etc. HIST 116 Mughal India Through the Eyes of European Travelers (2 credits) This course will survey the history of one of the greatest empires in Indian history, the Mughal empire through the lens of European travel writing between the fifteenth and eighteenth centuries. Some of the questions we will explore are: How are European travelogues important sources for studying Indian history?"
credit,p01036,Part 10: Majors and Courses,Course Descriptions,HIST 26 European History II (4 credits),295,Majors & Courses,"Is European perspective on Indian society monolithic or is there a variety of European perspectives? Apart from introducing basic history of Mughal India, the course will explore themes such as early Orientalism and the history of the early modern world. HIST 117 Sounds and the Chinese City: Live Music Scenes in Urban China (2 credits) This interdisciplinary course explores the live music scenes of cities in China today and the history of those scenes over the past century. Focusing on the urban space of the live house featuring jazz, blues, rock, hip hop, electronica, and DJs, we will delve into these scenes and styles of music."
credit,p01038,Part 10: Majors and Courses,Course Descriptions,HIST 26 European History II (4 credits),295,Majors & Courses,"The objective of this course to engage in a thoughtful, informed discussion about how Americans have interacted with the larger world, and how other peoples have grappled with U.S. power. Students will be asked to formulate their own conclusions about the nature of U.S. power by reading and assessing a variety of scholarly interpretations. HIST 121 Pan-Africanism: Global Story of an American Idea (2 credits) Pan-Africanism began as an idea among ex-slaves and antislavery reformers in America, who believed that Africans and people of African descent across the world had common histories, common experiences, and common struggles against various forms of racism and marginalization."
credit,p01039,Part 10: Majors and Courses,Course Descriptions,HIST 26 European History II (4 credits),296,Majors & Courses,"Pan-Africanism, which meant different things to different people, would go on to influence numerous intellectuals and social movements, from Negritude poets to African/Caribbean Independence and the American Civil Rights Movement. This course would survey the growth of this idea in a variety of facets, by looking at is influence upon history-writing, philosophy, poetry, political thought and social movements. HIST 201 Methods of Historical Research (4 credits) This course offers an introduction to theories, methods and approaches to historical inquiry and research including the use of archives, the interpretation of visual and textual documents, and the recording of oral histories."
credit,p01041,Part 10: Majors and Courses,Course Descriptions,HIST 26 European History II (4 credits),296,Majors & Courses,"HIST 202 World History and Global Interactions (4 credits) This course offers a survey of the history of the world, by which is meant a historical overview of major processes and interactions in the development of human society since its early development some 60,000 years ago, going beyond the fundamental questions and concerns of area studies (such as East Asian studies, South Asian studies). In explaining the large scale processes such as empire building, commerce and religious practices, this course will show how various forms of human interactions, especially migration played a key role."
credit,p01042,Part 10: Majors and Courses,Course Descriptions,HIST 26 European History II (4 credits),296,Majors & Courses,"This course will provide deep historical understanding for some of the pressing issues of the contemporary world such as migration, globalization, and imperialism. HIST 203 America in Asia, Asians in America (4 credits) This course explores the intersection between foreign relations and the evolution of American society, with a focus on Asian-Americans in different moments of history. It is divided into three main historical eras and themes: (1) the early period of Chinese emigration and the building of American railroads until the Exclusion Acts; (2) Japanese-American society before and after Pearl Harbor; (3) Chinese Americans in modern American science, engineering, and innovation."
credit,p01043,Part 10: Majors and Courses,Course Descriptions,HIST 26 European History II (4 credits),296,Majors & Courses,"Through the use of representative cases, the course trains students to understand the lives of Asian Americans in relevant historical, cultural and political contexts. HIST 204 Asia in World History (4 credits) Asia as the largest continent of the world comprises of 30 percent of world’s land surface and 60 percent of the world’s population. But what are the parameters for understanding Asia as a unified, identifiable place? Was there ever an Asian identity in history? Is this identity cultural, economic, political or a mix of all three?"
credit,p01046,Part 10: Majors and Courses,Course Descriptions,HIST 26 European History II (4 credits),297,Majors & Courses,"This course will aim at developing skills to evaluate to what extent we are “Asian,” “global” or otherwise and provide a foundational knowledge to interact with people and institutions within Asia and then the world. HIST 205 Shanghai: From Treaty Port to Global Metropolis (4 credits) Since the late 19 th century, Shanghai has emerged as the leading metropolis in China in many respects. It has served as the breeding grounds and model for the social, political, economic and cultural modernization, and urbanization of China over the century that followed."
credit,p01048,Part 10: Majors and Courses,Course Descriptions,HIST 26 European History II (4 credits),297,Majors & Courses,"HIST 206 World History in Seven Meals (2 credits) This course offers a study of global history using food as a central focus. The course will center on a series of meals as case studies to examine broader themes, such as human environmental modification and exchange, the role of trade and migration in human history, the powerful influence of identity, and the gendered nature of labor roles in food production and preparation. Students will focus on these themes in various regional and national contexts to identify global patterns in the development of food cultures, and to engage in comparative analyses."
credit,p01049,Part 10: Majors and Courses,Course Descriptions,HIST 26 European History II (4 credits),297,Academic Procedures,"HIST 207 History of Media Art (4 credits) The course addresses New Media Art as a specific art historical movement, focusing on technologies, forms, thematic content, and conceptual strategies. While the term, new media art only became in the late nineties the established label for a broad range of artistic practices that exploit new media technologies, many new media artists are profoundly aware of their historical antecedents, making reference to Dada, Pop Art, Conceptual Art, Performance Art, and Fluxus. To understand new media art in a historical context, we will consider the history of technology and media sciences that plays an equally important role in this art’s formation and reception."
credit,p01051,Part 10: Majors and Courses,Course Descriptions,HIST 26 European History II (4 credits),298,Curriculum & Degree Requirements,"HIST 208 America Fractured (4 credits) Many commentators have observed that the sense of national community in the United States has declined over the past several decades. In the eyes of some critics, as political debate has polarized and as wealth has concentrated, the nation’s commitment to community responsibility, eroded by such forces as identity politics and market-based individualism, has shrunk to ever-smaller circles. This course will explore the so-called “Age of Fracture” in recent U.S. history, paying close attention to debates among public thinkers on both the political right and the political left. The course uses this material to teach students the basics of academic writing."
credit,p01052,Part 10: Majors and Courses,Course Descriptions,HIST 26 European History II (4 credits),298,Majors & Courses,"HIST 209 Refugees and War since 1914 (4 credits) The twentieth century was a time of major transformations in the way war was waged. In particular civilians were targeted and suffered from direct military and police action in such a way as to produce tidal waves of displaced persons. This course follows these refugees, seeking shelter from violence, in wartime and after. In this inquiry, we attend to the voices of refugees themselves. We focus on the terrifying threats they encountered, the actions they took, and their flight and fate during and after war."
credit,p01053,Part 10: Majors and Courses,Course Descriptions,HIST 26 European History II (4 credits),298,Majors & Courses,"We then show the interaction between refugees and agents of empathy, those private or public actors who helped protect and restore the dignity of these victims of war. HIST 210 Global Art History (4 credits) Art has been a part of every society since recorded history. How have the arts told stories about civilizations, ethnicities, communities and peoples? How have the arts evolved and circulated across the globe? The arts provide vital narratives in our understandings of each other as our cultures have both clashed and shared over time."
credit,p01054,Part 10: Majors and Courses,Course Descriptions,HIST 26 European History II (4 credits),298,Majors & Courses,"This course asks these questions by focusing on visual arts across cultures not with the aim of comprehensive coverage, but representation of key issues in the interpretation of art. Students will learn how to interpret art from a critical perspective in terms of its relation to broader social, cultural and political dynamics. HIST 217 Ancient and Imperial Chinese Art (4 credits) This survey course covers art in a variety of contexts from the foundations of Chinese civilization until the end of the imperial period in 1912 including tomb artifacts, religious images and statuary, court art, crafted objects and the painting and calligraphy of the literati."
credit,p01055,Part 10: Majors and Courses,Course Descriptions,HIST 26 European History II (4 credits),298,Majors & Courses,"A number of themes may be addressed, such as the cross-cultural transmission of ornamentation and iconography, the ideal of scholar-amateur, the skills and techniques of the professional artisan and the connoisseurship and circulation of fine objects. HIST 220 Global Media History (4 credits) This course explores the emergence and development of different communication media in a broad social and cultural context. From the ancient Asian typewriters to modern Social Networking Service (SNS), media operate in relation to particular social, economic, and technological conditions."
credit,p01056,Part 10: Majors and Courses,Course Descriptions,HIST 26 European History II (4 credits),299,Majors & Courses,"This course will aid students in their efforts to make sense of how communications processes have mediated and shaped our interactions with each other as well as our understanding of the world. It does so by examining specific instances of media communications in a number of key cases observed in world history and by showing how technological innovation in media communications has led to new social, cultural, and political forms. HIST 301 China in Global Perspective 1: China and the Silk Roads World: 500-1500 (4 credits) This course introduces the rich and diverse world of trade, religions, and cultures that connected the two ends of the Eurasian world."
credit,p01058,Part 10: Majors and Courses,Course Descriptions,HIST 26 European History II (4 credits),299,Majors & Courses,HIST 302 China in Global Perspective 2: The Internationalization of Modern China (4 credits) This course studies how foreign relations have shaped modern China from the Opium War to Alibaba.
credit,p01060,Part 10: Majors and Courses,Course Descriptions,HIST 26 European History II (4 credits),299,Majors & Courses,"HIST 303 China and the US Comparative 1: The United States and China in War and Revolution (4 credits) This course looks at the Chinese-American alliance during World War II from multiple perspectives. What did the partners in this anti-Japanese alliance have in common? What was the level of their mutual understanding? What was the role of key decision-makers in Chongqing, Washington, and Yanan? How did the various actors imagine Chinese-American relations after the war? What can we learn from a Chinese-American alliance that was at once successful and fragile?"
credit,p01061,Part 10: Majors and Courses,Course Descriptions,HIST 26 European History II (4 credits),299,Majors & Courses — Topic 2,"HIST 304 China and the US Comparative 2: The World of Universities in China and the United States (4 credits) The Unites States is home to many of the world’s leading universities, at present. China has developed the fastest growing system of higher education—in quality as in quantity—in the world. What are the strengths and weaknesses of these systems, each of which is very diverse? How can we best compare admissions systems? Governance systems? Research results? And Educational outcomes? What can each system learn from the other?"
credit,p01062,Part 10: Majors and Courses,Course Descriptions,HIST 26 European History II (4 credits),300,Majors & Courses — Topic 2,"HIST 305 Special Topics in History of Chinese Institutions (4 credits) This special topics course focuses on the historical development of a specific set of institutions in China, such as the evolution of health care, social welfare, military organizations, or child and family institutions over time. In so doing the course provides an opportunity for students to dive deeply into the historical evolution of institutions as a way to understand the development of modern China in a specific sphere."
credit,p01063,Part 10: Majors and Courses,Course Descriptions,HIST 26 European History II (4 credits),300,Majors & Courses,"In this way students gain a deep, specialized knowledge in the history of a particular area, and then demonstrate how that knowledge can be applied more broadly to better understand the historical evolution of modern Chinese society. HIST 306 The United States and China in War and Revolution (4 credits) This course looks at the Chinese-American alliance during World War II from multiple perspectives. What did the partners in this anti-Japanese alliance have in common? What was the level of their mutual understanding? What was the role of key decision-makers in Chongqing, Washington, and Yanan?"
credit,p01064,Part 10: Majors and Courses,Course Descriptions,HIST 26 European History II (4 credits),300,Majors & Courses,What was the experience of this alliance from the perspective of ordinary soldiers and the civilians they encountered? How did the various actors imagine Chinese-American relations after the war? What can we learn from a Chinese-American alliance that was at once successful and fragile? HIST 307 Cold War America (4 credits) This course explores the nearly 50 year conflict between the superpowers of the US and USSR and considers the domestic impact of America’s “cold war” against communism. It assesses both the ideological clash and the economic conflict between capitalism and state control.
credit,p01066,Part 10: Majors and Courses,Course Descriptions,HIST 26 European History II (4 credits),300,Majors & Courses,"HIST 308 Immigration and the American Experience (4 credits) This course studies immigrants and immigration policy in the United States from 1850 to the present, with a focus on the origins and power of immigrant exclusion during three waves of migration: Northern European and Asian migrations between 1850 and 1880; Eastern European, Latin American, and Asian migrations, 1880-1920; and Latin American, African, and Asian migrations, post 1965. The course examines the roles of immigrants in shaping policy debates, citizenship rights, labor movements, and American culture, past and present. The course also considers migration patterns and policies in comparison to other major immigrant destinations."
credit,p01067,Part 10: Majors and Courses,Course Descriptions,HIST 26 European History II (4 credits),300,Academic Procedures,"HIST 311 Documenting Durham and the New South (4 credits) The course trains students to document and represent Durham past and present with digital media. Students learn how to digitize historical and cultural materials, research in archives and public"
credit,p01068,Part 10: Majors and Courses,Course Descriptions,HIST 26 European History II (4 credits),301,Majors & Courses,"records and present information through various forms including web pages, databases, maps, video and other media. In addition to producing digital representations of historical materials, students learn more broadly how to think about and analyze the social impact of new representations of place and space. HIST 312 Southeast Asia and the Rise of Global Trade (4 credits) Southeast Asia, located at the center of the seaborne Silk Road, is one of the great global crossroads of economic and cultural exchange. For two thousand years it’s been a magnet for merchants, missionaries, pilgrims, adventurers, and mercenaries from India and China, the Middle East, and eventually from Europe."
credit,p01069,Part 10: Majors and Courses,Course Descriptions,HIST 26 European History II (4 credits),301,Majors & Courses,"Globalization is sometimes thought to be a feature of modernity, but in Southeast Asia global cultures have been mixing for millennia. This course begins with the peopling of Southeast Asia, the rise of global trading entrepot, and concludes in the 16th C. with the dawn of European colonization. HIST 313 Southeast Asia from the Age of Imperialism to the Global Cold War (4 credits) This course takes a comparative historical approach to contemporary global issues in various temporal and geographical contexts."
credit,p01070,Part 10: Majors and Courses,Course Descriptions,HIST 26 European History II (4 credits),301,Majors & Courses,"Students will focus on issues that emerged in the modern era and may include such topics as terrorism and national security, environmental protection and degradation, resource distribution and trade, health and welfare, and cultural and religious diversity. Students explore the nature of historical change and continuity and will apply historical methods of research and analysis as they investigate the formation and development of particular global issues. The specific case studies and themes in the course will vary by term and instructor. HIST 314 Writing the History of War (4 credits) This course examines the literary and visual representations of war and mass violence in comparative and historical perspective."
credit,p01071,Part 10: Majors and Courses,Course Descriptions,HIST 26 European History II (4 credits),301,Majors & Courses,"Remembering war means remembering suffering and death, and discourses of mourning during and after war come in many forms. Students will identify how war generates complex and divergent narratives that shape collective memories of mass violence in the past and influence the use of militarized violence in the present. HIST 315 Why Be a Bandit? (4 credits) Bandits and outlaws have historically played a unique role in popular imagination. In the Chinese classic Water Margin, outlaws flee tyrannical administrators but eventually make their peace with the emperor. Robin Hood occupies an equally ambivalent position between outlaw and elite roles."
credit,p01073,Part 10: Majors and Courses,Course Descriptions,HIST 26 European History II (4 credits),302,Curriculum & Degree Requirements,"HIST 316 The Modern Regulatory State (4 credits) Much of the policymaking that structures our world emerges not from Congress or the courts, but from regulatory institutions. This course outlines the historical origins and evolution of modern regulatory institutions, focusing on the Western European and North American experience, from the nineteenth century to the present. For our purposes, “regulatory institutions” include not only public agencies, commissions, bureaus, and boards, but many quasi-public and private entities as well. As this course will reveal, these varied institutions have complex relationships with the businesses, organizations, and individuals whom they hope to regulate, as well as with legislatures, presidential administrations, and the courts."
credit,p01074,Part 10: Majors and Courses,Course Descriptions,HIST 26 European History II (4 credits),302,Majors & Courses,"Course readings and discussions will incorporate a wide range of disciplinary perspectives, and include a discussion of the recent “revolt” against regulation. HIST 317 The Global First World War (4 credits) This course examines the upheaval of the 1914-18 war in a global perspective. The course deals with the origins, conduct and consequences of war in Europe, Asia, Africa and the Middle East, and on the revolution of violence that occurred during the war and which spilled over to the postwar years 1918-23. Topics may include social and cultural trends alongside military encounters and diplomatic developments that transformed the world."
credit,p01075,Part 10: Majors and Courses,Course Descriptions,HIST 26 European History II (4 credits),302,Majors & Courses,"HIST 410 The Spice Race: How the Spice Trade shaped our World (4 credits) Before the Industrial Revolution, the global economy was driven by spices, and other rare and exotic commodities, many sourced from Asia. The global competition to acquire and monopolize spices— the “Spice Race”— was a great engine for world history and economic development from c. 1250-1800. It made “spiceries”, like Southeast Asia, centers of global trade and cultural exchange. This trade expanded the power of Asia states; drove European exploration; inspired scientific research; and became a key driver for the European colonization of Asia, and the world."
credit,p01076,Part 10: Majors and Courses,Course Descriptions,HIST 26 European History II (4 credits),302,Majors & Courses,"The “Spice Race” provides a fascinating lens on our modern economic and political order. HIST 411 Seeing History from the Mountains and the Seas: Ethnographic histories of Asia (4 credits) History is told from the perspective of nation-states and their people. This class reverses this practice, asking: “What does history look like from an outsider’s perspective?” Asia is home to 2,500,000 square kilometers of mostly interconnected mountain lands. The upland people living there have long been outside of state control. On the opposite spectrum are boat-dwelling seanomads who rarely set foot on land, and follow migrating sea life across national boundaries. How do sea and mountain people understand history?"
credit,p01078,Part 10: Majors and Courses,Course Descriptions,HIST 26 European History II (4 credits),303,Majors & Courses,"HIST 412 Global Labor History (4 credits) What is the profile of the worker of the world? Though there are sophisticated social histories of the Global South, the overwhelming majority of works in labor history dwells on the figure of a white, male, free, waged worker of the Global North. This course challenges such a myopic conceptualization of the worker. Taking the world between 1700 CE and 2000 CE as the point of reference, it examines interdisciplinary approaches to study the social history of work and workers."
credit,p01081,Part 10: Majors and Courses,Course Descriptions,Courses with Course Subject: Information Science (INFOSCI),305,Majors & Courses — Topic 3,INFOSCI 102 Computation and Problem Solving (4 credits) Computation and Problem Solving is recognized as a key skill set for all 21st century learners. This course will focus on the key aspects of computational thinking: Tasks as a series of steps (algorithms); Problem solution at many levels of detail (abstraction); Solving large problems involves breaking it down into a set of smaller problems (decomposition); New problems are likely related to other problems the learner has already solved (pattern recognition); Solutions to a problem may be used to solve a whole range of similar problems (generalization). Prerequisite(s): COMPSCI 101 or STATS 102 or Consent of instructor.
credit,p01082,Part 10: Majors and Courses,Course Descriptions,Courses with Course Subject: Information Science (INFOSCI),305,Majors & Courses — Topic 3,"INFOSCI 103 Computation, Society & Culture (4 credits) A wide-ranging survey of how computational media forms enable us to imagine and re-invent our help us to understand, interpret, and represent the past, negotiate present-day challenges, and build the future. Objects of computational exploration and analysis considered in this course will come from the sciences, education, industry, the arts, and entertainment, with the goal of understanding how computational methods cut across traditional disciplinary boundaries, and how advances in one area affect development in another. The course also includes study of the social, ethical, and cultural consequences of digitization, automation, artificial intelligence, and the globalized information and communication systems facilitated by computation."
credit,p01083,Part 10: Majors and Courses,Course Descriptions,Courses with Course Subject: Information Science (INFOSCI),305,Academic Procedures,"INFOSCI 104 Digital Design ( (4 credits) This course provides an introduction to design as a critical and creative practice within the context of computational domains. Topics covered include concepts in graphic and information design, including synergies, resonances, and contradictions between mathematical and artistic approaches and traditions. The course also includes an introduction to design thinking as a transdisciplinary phenomenon encompassing iterative development cycles, structured and emergent behaviors, divergent thinking, and transferable methods. The emphasis will be on both scientific and artistic approaches to knowledge production, creativity, and communication, and how crossfunctional project teams can work together in generative and productive ways."
credit,p01085,Part 10: Majors and Courses,Course Descriptions,"INFOSCI 112: Googlization of Knowledge: Information, Ethics, and Technology (2 credits)",306,Majors & Courses — Topic 3,"INFOSCI 201 Interaction & Physical Computing (4 credits) Interaction & Physical Computing is a course that explores the object-oriented programming and physical computing for artists and designers. Through looking at development environments such as Processing and Arduino, paired with physical components such as the Kinect, Leep Motion and sensors, we will explore how to create various interfaces and systems that bridge the virtual and physical worlds. We will explore key concepts such as Input/Output, Interface, Interaction, etc. through course work, familiarizing students with digital tools and prototyping methods. This is an entry level computation class, no programming or hardware experience or prerequisites required."
credit,p01086,Part 10: Majors and Courses,Course Descriptions,"INFOSCI 112: Googlization of Knowledge: Information, Ethics, and Technology (2 credits)",306,Majors & Courses — Topic 3,"INFOSCI 206 Urban Data Visualization and Communication Methods (2 credits) This course focuses on digital visualization and communication methods which can be used to represent and describe place and its changes. Through lectures, laboratory exercises, and experiential learning, students will learn a series of digital technologies, including ESRI ArcGIS, CartoDB, Microsoft Excel, Microsoft Access, and MassGIS. Students will use these software programs to analyze, interpret, and present spatial and demographic patterns of different phenomena. The overarching goal of this course is to improve students’ spatial reasoning abilities and to help them master data visualization and communication skills."
credit,p01087,Part 10: Majors and Courses,Course Descriptions,"INFOSCI 112: Googlization of Knowledge: Information, Ethics, and Technology (2 credits)",306,Majors & Courses — Topic 3,"INFOSCI 302 Introduction to Geographical Information Science (4 credits) Geographic Information Science, or GIS, is concerned with the scientific study of geographic information. This course offers an introduction to methods of describing, managing, and processing geographic information. We will explore the nature of geographic information, data models and structures for geographic information, geographic data input, data manipulation, spatial analytic and modeling techniques, and error analysis. This class is helpful for students wishing to apply GIS within numerous disciplines."
credit,p01088,Part 10: Majors and Courses,Course Descriptions,Courses with Course Subject: Institutions and Governance (INSTGOV),307,Academic Procedures,INSTGOV 490 Senior Seminar: Advanced Topics (4 credits) This seminar is a core component of the interdisciplinary major in Institutions and Governance. Students will apply to interdisciplinary topics the knowledge and methods of analysis that they have gained in different disciplines. Students will re-connect with the broader community of faculty and students in their major and further develop their capacities to translate between their areas of expertise and the larger questions and issues that apply across a variety of disciplines. The seminar will foster the ability to see their disciplinary knowledge from a wider perspective and to apply it flexibly. Specific topics will vary.
credit,p01091,Part 10: Majors and Courses,Course Descriptions,ITALIAN 25 Advanced Intermediate Italian (4 credits),309,Majors & Courses — Topic 2,"Credit for Advanced Placement on the basis of the College Board Examination in Italian. ITALIAN 101 Italian 101 – Beginning Italian 1 (4 credits) This is the first course in the beginning level Italian sequence. There are many reasons to study Italian: Italy’s artistic, cultural, gastronomic and literary heritage all combine to making study of Italian a good choice. The course, mainly conducted in Italian, integrates traditional pedagogical goals of speaking, reading, and writing the language with a commitment to help students to acquire strategies to become an effective independent language learner. There is no prerequisite."
credit,p01092,Part 10: Majors and Courses,Course Descriptions,JAPANESE 23 Intermediate Japanese (4 credits),310,Majors & Courses — Topic 2,"Credit for Advnced Placement on the basis of the College Board Examination in Japanese. JAPANESE 101 Beginning Japanese 1 (4 credits) This is the first course in the beginning level Japanese sequence. It is conducted in a seminar style, and emphasizes giving students abundant opportunities to consistently and systematically use Japanese to communicate. It also has independent-learning elements which will help students become better self-learners and acquire a special set of skills that are pertinent to their own interests. Preparation before each session is expected and crucial for student success in this course. There is no prerequisite."
credit,p01093,Part 10: Majors and Courses,Course Descriptions,JAPANESE 23 Intermediate Japanese (4 credits),310,Majors & Courses — Topic 2,"JAPANESE 102 Beginning Japanese 2 (4 credits) This is the second course in the beginning level Japanese sequence. It is conducted in a seminar style, and emphasizes giving students abundant opportunities to consistently and systematically use Japanese to communicate. It also has independent-learning elements which will help students become better self-learners and acquire a special set of skills that are pertinent to their own interests. Preparation before each session is expected and crucial for student success in this course."
credit,p01094,Part 10: Majors and Courses,Course Descriptions,Prerequisite (s): JAPANESE 101,310,Majors & Courses — Topic 2,"JAPANESE 102 Japanese 201 – Intermediate Japanese 1 (4 credits) This is an intermediate Japanese course. In the classes, students will consistently and systematically use Japanese to communicate. To successfully do that, students will need to spend time to prepare for each of class meeting. Students will have detailed guidelines that describe what to do before each meeting but students are responsible for actually completing those tasks. This course is also designed to help students learn to become more effective independent language learners through a combination of group meetings and individual sessions."
credit,p01095,Part 10: Majors and Courses,Course Descriptions,LATIN 25 Introduction to Literature (4 credits),311,Academic Procedures — Topic 2,Credit for Advanced Placement on the basis of the College Board Examination in Latin.
credit,p01096,Part 10: Majors and Courses,Course Descriptions,Courses with Course Subject: Literature (LIT),312,Majors & Courses,"LIT 105 The Epic of America (the novel) (4 credits) This course introduces a range of works from the US canon that engage the concept of travels in relation to the themes of race and slavery, gender and sexuality, and citizenship and empire. Through reading some great American novels, we will explore travels and mobility from pre-Civil War to modern America, and from the slave-holding south to multiracial and multicultural metropolises both within and beyond the US borders."
credit,p01097,Part 10: Majors and Courses,Course Descriptions,Courses with Course Subject: Literature (LIT),312,Majors & Courses,"By drawing connections between these great American novels, we will discuss how they collectively cross and challenge national, geographical, and political boundaries of the color line––and importantly––how they resonate with Duke Kunshan University’s core concept of “rooted globalism.” LIT 106 American Otherness and Otherness in America (4 credits) The United States of America is founded on the idea of universal equality with respect to moral worth and fundamental rights. This radical idea, which had no precedent in history, has always been fundamental to America’s self-understanding and to its singular place in the community of nations."
credit,p01100,Part 10: Majors and Courses,Course Descriptions,Courses with Course Subject: Literature (LIT),312,Academic Procedures,"LIT 107 From Data to Narrative: A Workshop in Non-fiction Writing (2 credits) In our daily lives we are overrun with data, endless bits of information about our environment, health, location, preferences and social contacts. Walter Benjamin has decried this as a modern condition of being bombarded with data, but with no ability or effort to synthesize it into the narrative form in which humans can process and intake it. This course will explore the genre of non-fiction writing as a means to effectively communicate various forms of data."
credit,p01102,Part 10: Majors and Courses,Course Descriptions,Courses with Course Subject: Literature (LIT),313,Majors & Courses,"LIT 108 Love and Dreams on the Chinese Stage (2 credits) From the fourth century BCE onwards, the device of the dream has allowed Chinese writers, performers and intellectuals to explore social transgression and other liminal states of being. We will examine dreams in wide array of texts from Zhuangzi to the plays of Tang Xianzu and Dream of the Red Chamber in order to understand core humanistic concerns such as love (qing) and the futility of earthly desire and ambition. With a focus on kunqu, students will engage with Chinese drama (original or in translation) both in recording and by visiting live performances."
credit,p01103,Part 10: Majors and Courses,Course Descriptions,Courses with Course Subject: Literature (LIT),313,Academic Procedures,"LIT 109 Writing Stories for Children (2 credits) When children are captivated by a story, what elements draw their attention? What stories from our childhoods do we remember for years to come, and why? This course explores writing stories specifically for children from both creative and critical perspectives. We learn to analyze and employ literary techniques and devices like point-of-view, imagery, plot, rhyme, and more. In addition to developing our argumentative writing skills through close reading, we also write and revise our own children’s stories. The course culminates in a special event in which we print and share these stories with their intended audience – children."
credit,p01104,Part 10: Majors and Courses,Course Descriptions,Courses with Course Subject: Literature (LIT),313,Academic Procedures,"LIT 110 The Art of the Interview (2 credits) The interview is a vital research tool that crosses forms of media and academic disciplines. However, it can be difficult to know how to conduct a good interview. How does an interview succeed or fail, and who is its audience? Can the interview be an artform in itself? This course explores interviews in various contexts, including popular culture, to analyze the audience expectations and research implications of interviews. Students will build argumentative writing skills by analyzing interviews. They will also conduct a series of interviews themselves, gaining experience as interviewers and interviewees."
credit,p01105,Part 10: Majors and Courses,Course Descriptions,Courses with Course Subject: Literature (LIT),313,Majors & Courses,"LIT 201 Asian-American Arts and Letters (4 credits) This course examines the history of Asian-descent literature including fiction, memoir, poetry, drama) and, to a lesser extent, expressive cultures (film, martial arts, music) with special emphasis on Chinese America. Topics include broad themes of cultural identity, memory and belonging, gender and class, as well as specific issues of the relationship between diaspora communities in the US and national cultures in Asia. Texts are placed within the context of the history of Asian American acclamation, focusing on tensions between cultural assimilation into mainstream America and the pressure to maintain distinctive cultural identities."
credit,p01106,Part 10: Majors and Courses,Course Descriptions,Courses with Course Subject: Literature (LIT),313,Majors & Courses,"LIT 202 African American Literature and Culture (4 credits) This course examines the history of African narrative, drama, poetry, and such expressive arts as the sermon, the political address, and popular music. Narratives are placed in the context of the history of slavery, emancipation and the continuing struggle for civil rights. Topics include:"
credit,p01107,Part 10: Majors and Courses,Course Descriptions,Courses with Course Subject: Literature (LIT),314,Majors & Courses,"questions of self-identity and American citizenship; the reception of African American literature overseas; the construction of pan-African identities and politics; literature of the African American diaspora; and the concept of home. Students will gain a cross-cultural understanding of the African American experience and its ongoing significance in American life and politics. LIT 203 Reading Empire (4 credits) We are familiar with categories such as Anglophone and Francophone that describe literature written in English and French outside of England and France, respectively. We are, however, less acquainted with Sinophone and Japanophone literature as objects of study."
credit,p01108,Part 10: Majors and Courses,Course Descriptions,Courses with Course Subject: Literature (LIT),314,Majors & Courses,"What the various – phone literatures have in common is the depiction and contestation against the imperial centers from the peripheries. Ranging from a variety of fictional and theoretical texts, films, and images, this course examines the histories, languages, and philosophies of literatures that challenge the logic of imperialism not just in name, but also in its social, political, economic, and cultural legacies. LIT 204 Online Novels and the Chinese Public Sphere (4 credits) Online literature constitutes the largest readership and a booming economy in China today. Popular genres include science fiction, urban leisure, martial arts, historical fiction and horror."
credit,p01109,Part 10: Majors and Courses,Course Descriptions,Courses with Course Subject: Literature (LIT),314,Majors & Courses,"Successful online novels have millions of followers and are often turned into games, TV dramas and feature films. Subscribers are free to comment on the websites and the fictions they host. How do we understand the proliferation and success of this online literature and its relation to the public sphere? By analyzing the content and the form of online literature in China, the class examines the popularity of online fiction and its socio-economic conditions. LIT 205 American Lyric Across Borders (poetry) (4 credits) After Whitman and Dickinson’s Romantic call to the world beyond U.S."
credit,p01111,Part 10: Majors and Courses,Course Descriptions,Courses with Course Subject: Literature (LIT),314,Majors & Courses,"LIT 206 Early Literatures from Colonization to Revolution (4 credits) Columbus and other narratives of European exploration, conquest, and settlement; the interplay of Puritan literature (Bradford, Winthrop, Wigglesworth, Mather, Bradstreet), Native oral traditions, Phyllis Wheatley’s poetry, and early captivity narratives; the pre-revolutionary novel (Rowson, Foster, C.B. Brown); and the revolutionary texts ( The Federalist Papers )."
credit,p01112,Part 10: Majors and Courses,Course Descriptions,Courses with Course Subject: Literature (LIT),315,Majors & Courses,"LIT 207 The American Renaissance and Its Rivals (4 credits) A course on the major antebellum prose writers (Emerson, Thoreau, Melville, Hawthorne), the storytellers of enslavement (Douglass, Jacobs, Equiano, Brown) and Native displacement (Child, Sedgwick), and the poetry (Whitman before and after the war, Dickinson, possibly late Melville) that ensued. LIT 208 From Cool Japan to the Korean Wave: Popular Culture from East Asia (4 credits) The hegemony of American popular culture notwithstanding, cultural products from Japan and South Korea are becoming significant players in the globalization of culture."
credit,p01114,Part 10: Majors and Courses,Course Descriptions,Courses with Course Subject: Literature (LIT),315,Majors & Courses,"LIT 209 Critical Inter-Asia: Rethinking Local and Global Connections (4 credits) This course considers a variety of literary texts from the perspective of the nexus of cultures and societies in Asia. It emphasizes critical, transnational and interdisciplinary perspectives on two or more Asian cultures and their interactions in the world. In addition to providing the critical theoretical tools to analyze the production and reception of inter-Asian texts, the course will cover a representative variety of texts including history, literature, current affairs, cinematic, visual, and pop-cultures. By framing these texts in their local, regional, and global contexts, a comprehensive critical analysis will be developed."
credit,p01115,Part 10: Majors and Courses,Course Descriptions,Courses with Course Subject: Literature (LIT),315,Majors & Courses — Topic 3,LIT 210 Robots and Monsters: Unruly Human Creations in World Literature (4 credits) What if humans had the power to create intelligent life. What would they do with that power? What would such creatures be like? These questions have captivated the imagination of storytellers for thousands of years. Prometheus stole the power to create life from the Greek gods. The Rabbi of Prague brought a clay creature to life with magical incantations. Frankenstein accomplished it with science on the operating table. And computer programmers try to build such creatures with AI technology.
credit,p01117,Part 10: Majors and Courses,Course Descriptions,Courses with Course Subject: Literature (LIT),316,Majors & Courses,"LIT 211 Politics and Literature (4 credits) In the past, the poet was regarded, not as an antipolitical bohemian nor as a political partisan, but rather as a wise teacher who could help us to understand the drama of human life as a whole and the drama of political life in particular. The goal of this course is to investigate the nature of politics and human nature by studying a number of masterpieces of classical literature. As we study these works, we will consider such themes as the equality of the sexes, democracy and aristocracy, science and politics, religion and politics, love and politics, and ambition and politics."
credit,p01118,Part 10: Majors and Courses,Course Descriptions,Courses with Course Subject: Literature (LIT),316,Majors & Courses,"LIT 212 Survival of the Fittest: Stories of Endurance and Extinction in World Literature (4 credits) For centuries, one story in particular – “the survival of the fittest” – has influenced how individuals and communities make sense of their struggles. Challenges of ethnic rivalry and culture clashes, disease and immunity, commerce and poverty, even natural disasters and the threat of human extinction, all have been explained according to this “law of nature.” This course surveys a range of literary works and cultural figures that have produced the power of this story in world literature and culture."
credit,p01119,Part 10: Majors and Courses,Course Descriptions,Courses with Course Subject: Literature (LIT),316,Majors & Courses,"From Shakespeare to Yuval Noah Harrari, the course analyzes the perils and possibilities that this story holds for our human future. LIT 213 Literature and Global Citizenship (4 credits) What does it mean to be a global citizen? What can literature reveal about the social, cultural, and ethical dimensions of an increasingly interconnected world? What modes of critique, formations of belonging, and possibilities for conceptualizing the world —and one’s place in it— does of literature offer?"
credit,p01120,Part 10: Majors and Courses,Course Descriptions,Courses with Course Subject: Literature (LIT),316,Majors & Courses,"Through a variety of texts, paired with perspectives drawn from literary criticism as well as sociology, anthropology, and philosophy, this interdisciplinary course will explore the possibilities as well as tensions inherent in differing conceptions of both the ‘globe’ and of ‘citizenship’. LIT 214 Introduction to Literary Research Writ Large (4 credits) Where does the meaning of a text come from: the author, the reader, the style? Why are the philosophical, historical, political and aesthetic contexts important for reading literature? What is the relationship between literature and society, arts and politics, form and content?"
credit,p01121,Part 10: Majors and Courses,Course Descriptions,Courses with Course Subject: Literature (LIT),316,Academic Procedures,"This course takes a global approach to questions of text and meaning, and includes a representative diversity of traditions and theorists of literature and aesthetics. The aim is to equip students with the tools to be attentive readers of literature and text. Prerequisite : ARHU 101 or any 100or 200-level 4-credit LIT course. LIT 215 Self-Making in the American Imagination (4 credits) Mega-stars like Steve Jobs and Beyoncé and key political and cultural figures like Abraham Lincoln and Anne Bradstreet are all routinely described as “self-made”. The American belief that individuals achieve financial, political and social success exclusively on their own is crucial to"
credit,p01122,Part 10: Majors and Courses,Course Descriptions,Courses with Course Subject: Literature (LIT),317,Majors & Courses,"understanding the U.S. and its impact on the world. This course looks at the historical origins of self-making and its cultural representations from the colonial era to the present. It prepares students to understand how the theme of self-determination shapes culture, identity and politics in the U.S. and in how Americans often engage with other cultures and countries. LIT 301 The Realist Moment (4 credits) This course focuses primarily on realism (Howells, James, Gilman, Harper, Johnson), naturalism (Dreiser, Norris, Crane), and regionalism (Twain, Jewett, Chopin, Chesnutt) during the rise of consumer-managerial capitalism, first-wave feminism, and Jim-Crow Reconstruction."
credit,p01123,Part 10: Majors and Courses,Course Descriptions,Courses with Course Subject: Literature (LIT),317,Majors & Courses,"Possible attention to early utopian fiction (Adams, Bellamy, Gilman, Howells) or the impact of journalism (Dreiser, Crane, Henry Adams, Jane Addams, and the muckrakers) on fiction. LIT 302 America’s Novel Modernity (4 credits) This course is focused on the fiction, primarily the novel, that distinguishes the American literary response to the phenomena of “modernity” in the 1920s and 1930s: modernization, urbanization, the rise of consumer and finance capitalism, the Harlem Renaissance and “New Negro” Movements, the anti-immigration and Indian citizenship acts, the press of ethnic upward mobility, and the European literary experimentation called “modernism,” the world-entailing crash of the U.S. stock market."
credit,p01124,Part 10: Majors and Courses,Course Descriptions,Courses with Course Subject: Literature (LIT),317,Majors & Courses,"To be drawn from the works of: Stein, Cather, Wharton, Fitzgerald, Hemingway, Dos Passos, Larsen, Toomer, Schuyler, Hurston, Barnes, Hammett, Roth, McKay, Faulkner, DiDonato, Steinbeck. LIT 303 The Literary Arts of the Cold War (4 credits) This course focuses on the fictional, theatrical, cinematic, poetic, and new-journalist representation of the Cold War and its “Hot” manifestations (the Korean and, especially, the Vietnam War, as well as the violent turns in U.S. Radicalism)."
credit,p01126,Part 10: Majors and Courses,Course Descriptions,Courses with Course Subject: Literature (LIT),317,Majors & Courses,"LIT 304 The Center Stage of Ethnic and Women’s Writing (4 credits) Women’s, ethnic, and especially ethnic women’s writing from the breakthroughs of Walker, Morrison, Hong Kingston, Bambara, Silko, Joan Chase, and Paule Marshall to the glory days of Erdrich, Naylor, Alvarez, Cisneros, Anzaldúa, Jen, Kogawa, Adrienne Kennedy, Suzan-Lori Parks, and—of course—Morrison again, along with their male dissenters and allies, such as Ishmael Reed, Charles Fuller, Tony Kushner, Charles Johnson, Chang-Rae Lee, Oscar Hijuelos, Richard Rodriguez, David Henry Hwang, Junot Diaz, and Ron Hansen."
credit,p01127,Part 10: Majors and Courses,Course Descriptions,Courses with Course Subject: Literature (LIT),318,Majors & Courses,"LIT 305 The U.S. and the Contemporary Global Imagination (4 credits) This course treats issues of the globe in the U.S. and the U.S. in the globe, as imagined in both Maximalist fiction of various orders (DeLillo, Wallace, Silko, Butler, Delaney, Chabron) and the auto-ethnographic and multicultural contact novel (Morrison, Lee, Cole, Díaz, Shteyngart, Adichie, Hoessini, Hamid, Beatty, Whitehead) centered in the multicultural U.S.--as well as whatever global anglophone writing (Sebald, Mitchell, Coetzee), the graphic novel (Speigelman, Satrapi, Sacco, Eisner, Bechdel, the Hernandez brothers), or serial television ( The Sopranos, The Wire, Breaking Bad ) works for a particular term."
credit,p01128,Part 10: Majors and Courses,Course Descriptions,Courses with Course Subject: Literature (LIT),318,Majors & Courses,"LIT 306 Melodrama East and West (4 credits) This course examines melodrama as a genre in literature and as a mode of representation in film and other media. In examining representative works the course pays attention to key issues in cultural theory, including: gender construction, class formation, racial recognition, and national identity-building. The course places equal emphasis on texts from US and Chinese cultures and uses a comparative method to explore the politics of cross-cultural representation in both societies, leading to a critical understanding of how China is represented in US melodrama, and vice-versa."
credit,p01129,Part 10: Majors and Courses,Course Descriptions,Courses with Course Subject: Literature (LIT),318,Academic Procedures,"LIT 307 Digital Storytelling (4 credits) This course introduces the theory, method, and practice of digital storytelling. Students will learn to analyze digital storytelling in various media forms and modes of production, and evaluate the cultural impact of new media narratives. They will explore digital storytelling affordances including text, video, audio, design, animation, and interactivity. Students will gain hands-on experience developing digital narratives and creating digital critiques. No specific digital media authoring experience is required. LIT 308 American Icons (4 credits) A study of the works and dramatized presence of any number of iconic figures on America’s cultural stage, which varies each term according to the expertise of the instructor."
credit,p01133,Part 10: Majors and Courses,Course Descriptions,Courses with Course Subject: Material Science (MATSCI),319,Majors & Courses — Topic 3,"MATSCI 201 Fundamentals of Materials Science (4 credits) This is the introductory lecture class for sophomore students in Materials Science at Duke Kunshan University. This course is an introduction to topics fundamental to materials science: structure, bonding, and thermodynamics. Bonding is the foundation of structure, and the structure provides constraints on the thermo-dynamic properties of materials. These topics are intimately related and are required for a full understanding of materials' synthesis, fabrication, and processing."
credit,p01134,Part 10: Majors and Courses,Course Descriptions,"Prerequisite(s): INTGSCI 102; or, CHEM 110 or 120, and PHYS 121",319,Majors & Courses — Topic 3,"MATSCI 202 Mathematical Method for Materials Science (4 credits) This course focuses on providing students with mathematical knowledge to understand structureproperty relationship in materials. The course will be based on “Advanced Calculus for Applications”, which is a textbook designed for undergraduate students with interests in materials science and engineering. Topics include: Number Systems and Algebra of Complex Numbers, Elementary Complex Functions, Analytic Functions, Complex Integrals, Taylor Series, Laurent Series, Differential Equations, etc."
credit,p01135,Part 10: Majors and Courses,Course Descriptions,Prerequisite(s): MATH 201,319,Majors & Courses — Topic 3,"MATSCI 301 Materials Synthesis and Characterization (Lab) (4 credits) This lab course is designed to expose student to synthesis and characterization methods commonly used in materials science. Solution based methods, chemical vapor deposition, solid-solid reaction, SEM, TEM, x-ray diffraction RAMAN, IR, and electrochemical characterization will be the topics with which students will have hands-on experience."
credit,p01136,Part 10: Majors and Courses,Course Descriptions,Prerequisite(s): MATSCI 201; MATH 201; and INGTGSCI 102 or PHYS 121,319,Majors & Courses — Topic 3,"MATSCI 302 Electronic, Optical and Magnetic Properties of Materials (4 credits) This course discusses the electronic, optical and magnetic properties of materials, and how the properties are related to their electronic and molecular structures. Specific examples of important materials will be discussed in the class, including materials for electronic devices, materials for electro-optical devices, optical fibers, solar cells and other devices. How the chemical composition and physical structure changes the properties at nanoscale will also be a major topic of discussion."
credit,p01137,Part 10: Majors and Courses,Course Descriptions,Prerequisite(s): MATSCI 201; MATH 201; and PHYS 121 or INTGSCI 102,319,Majors & Courses — Topic 3,"MATSCI 303 Phase Transformations (4 credits) The state of matter is dependent upon temperature, thermal history, and other variables. In this course the science of structural transitions is treated, with the purpose in mind of utilizing them for"
credit,p01139,Part 10: Majors and Courses,Course Descriptions,Prerequisite(s): MATSCI 201; PHYS 302 or CHEM 301,320,Majors & Courses — Topic 3,"MATSCI 401 Mechanical Properties of Materials (4 credits) The course will discuss the origin of mechanical properties in materials, mostly solid-state materials. Topics will include: continuum elasticity and plasticity, slip geometry and dislocation theory, Strengthening mechanisms in metals and alloys, thermal effects, creep, fracture and fatigue etc. This course will include basic mechanisms and engineering analysis."
credit,p01140,Part 10: Majors and Courses,Course Descriptions,Prerequisite(s): MATSCI 201; MATH 201; and INGTGSCI 102 or PHYS 121,320,Majors & Courses — Topic 3,"MATSCI 402 Introduction to Nanoscale Functional Materials (4 credits) The main purpose of this course is to introduce students to key concepts underlying the design, properties and processing of nanoscale functional materials, and how they are employed in practical applications. Fundamental chemical and physical principles underlying the properties of electronic, dielectric and magnetic materials will be developed in the context of metals, semiconductors, insulators, crystals, glasses, polymers and ceramics. Miniaturization and the nanotechnology revolution confront materials science with limitations and opportunities; examples in which nanoscale materials are different from our macro world experience will be explored."
credit,p01141,Part 10: Majors and Courses,Course Descriptions,Prerequisite(s): PHYS 122; MATSCI 302,320,Majors & Courses — Topic 3,"MATSCI 403 Quantum Physics for Materials Science (4 credits) This course is designed to meet the changing quantum mechanics needs in such areas as solid-state research, quantum electronics, materials science, etc. The course will explain multiparticle Hamiltonians, potential wells and how they apply to electrons in solids (solid state physics) as well as the harmonic potential and applications in solid state. The physics about low dimensional structures such as quantum wells/2-dimensional materials, nanowires and quantum dots will also be discussed."
credit,p01142,Part 10: Majors and Courses,Course Descriptions,Prerequisite(s): PHYS 401,320,Majors & Courses — Topic 3,"MATSCI 404 Polymers and Biomaterials (4 credits) Polymer is one of the most widely used materials in our daily life, from the rubber tires to clothes, from photoresists in chip manufacturing to flexible electronics and smart sensors, from Scotch tapes to artificial tissues. This course teaches entry-level knowledge in polymer synthesis, characterization, thermodynamics, and structure-property relationship. Emphasis will be on understanding both chemical and physical aspects and polymer chain size/dimension that drive the molecular, microscopic and macroscopic structures and the resulting properties. We will discuss how to apply polymer designs to advance nanotechnology, electronics, energy and"
credit,p01144,Part 10: Majors and Courses,Course Descriptions,MATH 21 Introduction to Calculus I (4 credits),322,Academic Procedures — Topic 2,"Credit awarded on the basis of national/international examinations in mathematics such as College Board, International Baccalaureate, British Advanced Level."
credit,p01145,Part 10: Majors and Courses,Course Descriptions,MATH 22 Introduction to Calculus II (4 credits),322,Majors & Courses — Topic 3,"Credit awarded on the basis of national/international examinations in mathematics such as College Board, International Baccalaureate, British Advanced Level. MATH 101 Introductory Calculus (4 credits) This course offers an introduction to Calculus, a subject that is the foundation for a large part of modern mathematics and has countless applications across the sciences and beyond. The course covers the fundamental Calculus concepts (limits, continuity, differentiation, integration) and explores related applications. The treatment of these concepts assumes no prior knowledge of Calculus. Recommended for students who have not had a previous (high-school level) Calculus course. Students who have had such a Calculus course are recommended to take MATH 105 instead."
credit,p01146,Part 10: Majors and Courses,Course Descriptions,Prerequisite(s): Permission only,322,Majors & Courses — Topic 3,"MATH 105 Calculus (4 credits) Calculus is the foundation for a large part of modern mathematics and has countless applications across the sciences and beyond. This course covers the fundamental Calculus concepts (limits, continuity, differentiation, integration) and explores related applications. The treatment of these topics is rigorous and it involves basic principles of mathematical logic and epsilon-delta language. Prerequisite(s): Recommended for students who have had a previous (high-school level) Calculus course. Not open to students who have credit for MATH 101."
credit,p01147,Part 10: Majors and Courses,Course Descriptions,Prerequisite(s): Permission only,322,Majors & Courses — Topic 3,"MATH 201 Multivariable Calculus (4 credits) Main topics of this course include vectors and vector functions, the geometry of higher dimensional Euclidean spaces, partial derivatives, multiple integrals, line integrals, vector fields, Green’s Theorem, Stokes’ Theorem and the Divergence Theorem."
credit,p01148,Part 10: Majors and Courses,Course Descriptions,Prerequisite(s): MATH 101 or 105,323,Majors & Courses — Topic 3,"MATH 202 Linear Algebra (4 credits) Systems of linear equations and elementary row operations, Euclidean n-space and subspaces, linear transformations and matrix representations, Gram-Schmidt orthogonalization process, determinants, eigenvectors and eigenvalues; applications."
credit,p01149,Part 10: Majors and Courses,Course Descriptions,Prerequisite(s): MATH101 or 105,323,Majors & Courses — Topic 3,"MATH 205 Probability and Statistics (4 credits) This course serves as an introduction to probability theory and statistics. It covers basic concepts of the probabilistic description of independent events, some types of probability distributions that frequently arise, some statistical measures used to characterize probability distributions, the central limit theorem, common types of processes and the distributions they generate, the statistics typically employed for testing the explanatory power of a model or hypothesis."
credit,p01150,Part 10: Majors and Courses,Course Descriptions,Prerequisite(s): MATH101 or 105,323,Majors & Courses — Topic 3,"MATH 301 Advanced Introduction to Probability (4 credits) Advanced introduction to basic, non-measure theoretic probability. Topics include random variables with discrete and continuous distributions. Independence, joint distributions, conditional distributions, generating functions, Bayes' formula, and Markov chains. Rigorous arguments are presented for the law of large numbers, central limit theorem, and Poisson limit theorems."
credit,p01151,Part 10: Majors and Courses,Course Descriptions,"Prerequisite(s): MATH 201, MATH 202, and MATH 205",323,Majors & Courses — Topic 3,"MATH 302 Numerical Analysis (4 credits) Introductory course on numerical analysis. Topics include: Development of numerical techniques for accurate, efficient solution of problems in science, engineering, and mathematics through the use of computers. Linear systems, nonlinear equations, optimization, numerical integration, differential equations, simulation of dynamical systems, error analysis. Students are not allowed to take both MATH 302 and MATH 304 because of the content overlap. Students who are planning to major in Data Science should take MATH 304 instead, and those who have taken MATH 302 may not major in Data Science."
credit,p01152,Part 10: Majors and Courses,Course Descriptions,"Prerequisite(s): MATH 201, MATH 202. Anti-requisite: MATH 304",324,Majors & Courses — Topic 3,"MATH 303 ODE and Dynamical Systems (4 credits) Theory of ordinary differential equations with some of the modern theory of dynamical systems. Topics include differential equations and linear systems of DEs, the general theory of nonlinear systems, the qualitative behavior of two-dimensional and higher-dimensional systems, and applications in various areas."
credit,p01153,Part 10: Majors and Courses,Course Descriptions,"Prerequisite(s): MATH 201, MATH 202",324,Majors & Courses — Topic 3,"MATH 304 Numerical Analysis and Optimization (4 credits) This course covers Gaussian elimination, LU factorization, Cholesky decomposition, QR decomposition, Newton-Raphson method, binary search, convex function, convex set, gradient method, Newton method, Lagrange dual, KKT condition, interior point method, conjugate gradient method, random walk, and stochastic optimization. Students are not allowed to take both MATH 302 and MATH 304 because of the content overlap. Students who are planning to major in Applied Math and Computational Sciences should take MATH 302 instead, and those who have taken MATH 304 may not major in Applied Math and Computational Sciences."
credit,p01154,Part 10: Majors and Courses,Course Descriptions,"Prerequisite(s): MATH 201, MATH 202",324,Majors & Courses — Topic 3,"Prerequisite(s): MATH 201; MATH 202; MATH 205; and COMPSCI 201 or COMPSCI 101 or STATS 102. Anti-requisite: MATH 302. MATH 305 Advanced Linear Algebra (4 credits) This course covers pseudo inverse, inner product, vector spaces and subspaces, orthogonality, linear transformations and operators, projections, matrix factorization, and singular value decomposition."
credit,p01155,Part 10: Majors and Courses,Course Descriptions,Prerequisite(s): MATH 201 and MATH 202; COMPSCI 201 or COMPSCI 101 or STATS 102 is recommended,324,Majors & Courses — Topic 3,"MATH 306 Number Theory (4 credits) Divisibility properties of integers, prime numbers, congruences, quadratic reciprocity, numbertheoretic functions, simple continued fractions, rational approximations; contributions of Fermat, Euler, and Gauss."
credit,p01156,Part 10: Majors and Courses,Course Descriptions,"Prerequisite(s): MATH 101 or 105, and MATH 205",324,Majors & Courses — Topic 3,"MATH 307 Complex Variable (4 credits) Introduction to analysis of functions of complex variables. Topics include complex numbers, analytic functions, complex integration, Taylor and Laurent series, theory of residues, argument and maximum principles, conformal mapping."
credit,p01157,Part 10: Majors and Courses,Course Descriptions,"Prerequisite(s): MATH 201, MATH 202",325,Majors & Courses — Topic 3,"MATH 308 Real Analysis (4 credits) The course discusses the defining properties of the real numbers, the topology of the real line and its subsets, and a rigorous development of single variable Calculus including limits, sequences and series of numbers, continuity, differentiability, sequences and series of functions, the power series representation of functions, and the Riemann integral, culminating in the Fundamental Theorem of Calculus. This is an abstract mathematics course with a heavy emphasis on proofs and formal arguments rather than on computations. Even though not strictly required, it is strongly suggested that students take MATH 201 or MATH 202 before taking MATH 380."
credit,p01158,Part 10: Majors and Courses,Course Descriptions,Prerequisite(s): MATH 101 or MATH 105; MATH 205,325,Majors & Courses — Topic 3,"MATH 316 Discrete Time Finance (4 credits) This is an introductory course in mathematical models in ﬁnance, centered around the problem of pricing and hedging derivative securities. Due to the uncertainty inherent in the evolution of the stock market, the theory naturally involves probabilistic tools and structures such as conditioning, martingales and Markov processes. To focus on the main idea, we will work in discrete-time setting and a simple model so called binomial asset pricing model for most of the course. In addition, we will also discuss a foreign exchange model, an extension of the binomial model with a second currency and derives the Black-Scholes equation."
credit,p01159,Part 10: Majors and Courses,Course Descriptions,Prerequisite(s): MATH 101 or 105; and MATH 205 or Consent of the Instructor,325,Majors & Courses — Topic 3,"MATH 401 Abstract Algebra (4 credits) An introduction to the principles and concepts of abstract algebra. Abstract algebra studies the structure of sets with operations on them. The course studies three basic kinds of ""sets with operations on them"", called Groups, Rings, and Fields, with applications to number theory, the theory of equations, and geometry."
credit,p01160,Part 10: Majors and Courses,Course Descriptions,Prerequisite(s): MATH 202,325,Majors & Courses — Topic 3,"MATH 403 Partial Differential Equations (4 credits) Topics include heat, wave, and potential equations: scientific context, derivation, techniques of solution, and qualitative properties. Topics to include Fourier series and transforms, eigenvalue problems, maximum principles, Green's functions, and characteristics. Prerequisite(s): MATH 303 and MATH 308"
credit,p01161,Part 10: Majors and Courses,Course Descriptions,Prerequisite(s): MATH 202,326,Majors & Courses — Topic 3,"MATH 404 Stochastic Modeling & Computing (4 credits) Focusing on stochastic process and stochastic simulations. Topics include discrete-time and continuous-time Markov chains, Poisson processes and renewal theory, branching processes, generating random numbers and variates, Monte Carlo simulation, statistical analysis of simulation results, variance reduction techniques, etc."
credit,p01162,Part 10: Majors and Courses,Course Descriptions,Prerequisite(s): MATH 205,326,Majors & Courses — Topic 3,"MATH 405 Mathematics of Data Analysis and Machine Learning (4 credits) Geometry of high dimensional data sets. Linear dimension reduction, principal component analysis, kernel methods. Nonlinear dimension reduction, manifold models. Graphs. Random walks on graphs, diffusions, page rank. Clustering, classification and regression in highdimensions. Sparsity. Computational aspects, randomized algorithms. Students are not allowed to take both MATH 405 and STATS 302 because of the content overlap. Students who are planning to major in Data Science should take STATS 302 instead, and those who have taken MATH 405 may not major in Data Science."
credit,p01163,Part 10: Majors and Courses,Course Descriptions,"Prerequisite(s): MATH 201, MATH 202, and MATH 205. Anti-requisite: STATS 302",326,Majors & Courses — Topic 3,"MATH 406 Mathematical Modeling (4 credits) Introduction to techniques used in the construction, analysis, and evaluation of mathematical models. Individual modeling projects in biology, chemistry, economics, engineering, medicine, or physics. Mathematical techniques such as nondimensionalization, perturbation analysis, and special solutions will be introduced to simplify the models and yield insight into the underlying problems."
credit,p01164,Part 10: Majors and Courses,Course Descriptions,Prerequisite(s): MATH 303 or Consent of the Instructor,326,Majors & Courses — Topic 3,"MATH 408 Differential Geometry (4 credits) A first course to differential geometry focusing on the study of curves and surfaces in 2and 3dimensional Euclidean space using the techniques of differential and integral calculus and linear algebra. Topics include curvature and torsion of curves, Frenet-Serret frames, global properties of closed curves, intrinsic and extrinsic properties of surface, Gaussian curvature and mean curvatures, geodesics, minimal surfaces, and the Gauss-Bonnet theorem."
credit,p01165,Part 10: Majors and Courses,Course Descriptions,"Prerequisite(s): MATH 201, MATH 202",326,Majors & Courses — Topic 3,"MATH 409 Topology (4 credits) Elementary introduction to topology. Topics include surfaces, covering spaces, Euler characteristic, fundamental group, homology theory, exact sequences."
credit,p01166,Part 10: Majors and Courses,Course Descriptions,Prerequisite(s): MATH 202 or Consent of the Instructor,327,Majors & Courses — Topic 4,"MATH 410 Modeling Biological Systems (4 credits) Students will determine the topics covered in this research seminar on mathematical methods for modeling biological systems based on their own research interests. Students will review mathematical methods of differential equations and probability, and discuss how to use mathematical techniques in development of models in biology. The seminar is highly interactive and students are expected to contribute to presentations and class discussions on individual research projects. In the first weeks of the course each student will work with the instructor to agree upon a substantial final individual student modeling project that the student will develop over the course of the class."
credit,p01167,Part 10: Majors and Courses,Course Descriptions,"Prerequisite(s): MATH 201, MATH 202, BIOL 110",327,Majors & Courses — Topic 3,MATH 450 Measure and Integration (4 credits) Introduction to analysis of functions of real variables. Topics include Lebesgue measure and integration; L^p spaces; absolute continuity; abstract measure theory; Radon-Nikodym Theorem; connection with probability; Fourier series and integrals.
credit,p01168,Part 10: Majors and Courses,Course Descriptions,Courses with Course Subject: Media and Arts (MEDIART),328,Academic Procedures,"MEDIART 101 Introduction to Media Studies and the Arts (4 credits) Media Studies and the Arts explores the cultural significance of the media in the contemporary world. It is a cross-disciplinary field that draws on communication studies, art history, literature, sociology, psychology and philosophy, among others. Particular attention is paid to new media and digital media including those enabled by the technological revolution of the internet age. MEDIART 103 Introduction to Moving Image Practice (4 credits) Like any craft, making movies is something that takes time, study, and, more importantly, practice. Each film is a unique challenge. What works for one film may not work for another."
credit,p01169,Part 10: Majors and Courses,Course Descriptions,Courses with Course Subject: Media and Arts (MEDIART),328,Academic Procedures,"This is what makes learning about filmmaking an ongoing process. This course includes reading, discussing, and studying of the fundamental elements of video production. Strongest emphasis is in the several short exercises to guide students towards a solid understanding of the building blocks of different types of video production. Student will learn to use digital video cameras and audio equipment, learn basic video editing, and create original work. MEDIART 104 Introduction to Photography (4 credits) An emphasis on how to see with the camera and ways of thinking about photographs. Class assignments accompanied by historical and theoretical readings, lectures, class discussions, and field trips."
credit,p01170,Part 10: Majors and Courses,Course Descriptions,Courses with Course Subject: Media and Arts (MEDIART),328,Academic Procedures,"Course will use photography as a tool for exploring the local community. Learn digital techniques including camera function, Photoshop, ink-jet printing, audio capture and production of audio-visual slide shows. Discuss ethical issues that emerge as a result of digital photographic impermanence. MEDIART 105 Introduction to Film Studies (4 credits) This course is a wide-ranging introduction to the fascinating world of film and the cinema industry. Here we will look at the language and critical tools we use to understand and interpret films, while considering examples from a variety of geographical, historical, and theoretical backgrounds."
credit,p01172,Part 10: Majors and Courses,Course Descriptions,Courses with Course Subject: Media and Arts (MEDIART),329,Majors & Courses,"MEDIART 106 The Visual Culture of News, Past and Present (4 credits) Does news affect us differently if we watch it on YouTube, on PerezHilton.com or on The Daily Show, or if we read it on The New York Times or as a blog post? Do we feel that certain kinds of news-cultural, political, satirical-is more important, or more informative? How did these differences play out in earlier news formats, like periodicals, pamphlets, or almanacs?"
credit,p01173,Part 10: Majors and Courses,Course Descriptions,Courses with Course Subject: Media and Arts (MEDIART),329,Majors & Courses,"This class will explore the visual culture of news from Early Modernity to the present by examining the formats and media it has adopted, the ways it designs the page/pamphlet/screen, how it incorporates images, and the relationship of all of this to what the news reports. Our goals in this class are to collectively explore the relationship between text, image, design, and medium. MEDIART 108 Love and Dreams on the Chinese Stage (2 credits) From the fourth century BCE onwards, the device of the dream has allowed Chinese writers, performers and intellectuals to explore social transgression and other liminal states of being."
credit,p01174,Part 10: Majors and Courses,Course Descriptions,Courses with Course Subject: Media and Arts (MEDIART),329,Majors & Courses,"We will examine dreams in wide array of texts from Zhuangzi to the plays of Tang Xianzu and Dream of the Red Chamber in order to understand core humanistic concerns such as love (qing) and the futility of earthly desire and ambition. With a focus on kunqu, students will engage with Chinese drama (original or in translation) both in recording and by visiting live performances. MEDIART 109 Introduction to Visual Culture (4 credits) This course offers an introduction to central themes in, and methodologies for, analyzing visual culture."
credit,p01176,Part 10: Majors and Courses,Course Descriptions,Courses with Course Subject: Media and Arts (MEDIART),329,Academic Procedures,"MEDIART 110 Audio Documentary & Storytelling (4 credits) Audio Documentary & Storytelling will lead students to explore the history of audio, radio, podcast / streaming, history through documentary and different narrative approaches. We will learn about recording techniques and audio mixing on digital editing software for the production of audio documentaries for radio, streaming, and podcast. Through audio documentary work, students will be encouraged to explore topics such as cultural differences, history, science, social commentary and drama from journalistic, theatrical or personal perspectives."
credit,p01178,Part 10: Majors and Courses,Course Descriptions,Courses with Course Subject: Media and Arts (MEDIART),330,Academic Procedures,"MEDIART 111 Archive (4 credits) It is a hands-on course that will lead to the creation of the DKU/Kunshan documentary archive. It will be led by a series of guest lectures, fieldtrips, and fieldwork. As a student of this class you will add to this archive through the act of curation, creation, and outreach. This course will answer the following questions: What is an archive? What is the power of the archive? Who decides what gets put in an archive? What gets left out? The guest lecturers are professionals with backgrounds in curation, archiving, dying and extinct languages, media and medium studies, documentary, and anthropology."
credit,p01179,Part 10: Majors and Courses,Course Descriptions,Courses with Course Subject: Media and Arts (MEDIART),330,Academic Procedures,"MEDIART 112 Race on Film (2 credits) This course will provide students with analytic tools for approaching the topic of race on film from a variety of angles. These include issues of visibility, stereotyping, and whether a given film challenges conventions and adds to a larger cultural repertoire for representing race. In addition, it will examine the extent to which stories presumably told from a universal perspective in fact articulate the views of a majority culture, as well as how the facets of our own identities filter what we see on film. Students will hone writing skills and critical thinking, while participating in collegial discussions of a perennially controversial subject."
credit,p01180,Part 10: Majors and Courses,Course Descriptions,Courses with Course Subject: Media and Arts (MEDIART),330,Academic Procedures,"MEDIART 113 Exploring Music (2 credits) Why does music affect our emotions so strongly? Why do we like (or not like) something we hear, and what do we like about it? During this course, we will try to answer these and other fascinating questions about music. We will review the basic structures of music and study several genres and styles, ranging from masterpieces of classical music to rock and EDM (Electronic Dance Music). We will also investigate the cultural conditions under which we listen. We will develop the understanding of those matters primarily though written commentary on the musical and scholarly material encountered. No prior musical knowledge is required."
credit,p01181,Part 10: Majors and Courses,Course Descriptions,Courses with Course Subject: Media and Arts (MEDIART),330,Academic Procedures,"MEDIART 114 Film Musicals and Musical Films (2 credits) Movies are often discussed as a visual medium, with sound treated as an afterthought to the image. Musicals, however, invert this relationship, putting sound front and center. This course examines both the genre of film musicals and musicality in film more generally, asking how film sound and music contribute to (or detract from) narrative, spectacle, affect, and realism. We will discuss a wide range of historical examples, stretching from the 1930s to the present; films may include those from the United States, Brazil, France, Denmark, Japan, and China. MEDIART 202 Ideas, Imagination, and Creativity (4 credits) What is creativity?"
credit,p01183,Part 10: Majors and Courses,Course Descriptions,Courses with Course Subject: Media and Arts (MEDIART),331,Academic Procedures,"related fields of innovation and entrepreneurship. Students analyze examples of the creative process in the lives of key artists and creative practitioners. Finally, they also experiment with different creative strategies to help cultivate their own creativity. MEDIART 203 Audio Documentary (4 credits) Recording techniques and audio mixing on digital editing software for the production of audio documentaries for radio, the web, and podcast. Various approaches to audio documentary work, from the journalistic to the personal; use of fieldwork to explore cultural differences and histories of place. Stories told through audio focusing on a particular concern such as war and peace, death and dying, environmental change."
credit,p01184,Part 10: Majors and Courses,Course Descriptions,Courses with Course Subject: Media and Arts (MEDIART),331,Academic Procedures,"MEDIART 204 The Photographic Essay (4 credits) This course teaches the language of photography through the study of classic and contemporary photographic essays and through the completion of assigned photographic essays by the students themselves. Students will learn to make, choose, sequence, and pace their own images for class discussion and for digital projection. During the term students will complete three assigned photographic essays of at least ten images each. Each essay will be on a particular theme or subject to be announced. MEDIART 205 Digital Imaging (4 credits) With the increasing use of digital media, visual communication is becoming more and more important."
credit,p01185,Part 10: Majors and Courses,Course Descriptions,Courses with Course Subject: Media and Arts (MEDIART),331,Academic Procedures,"This course helps students to express themselves visually and introduces different techniques of Digital Imaging using Photoshop and Illustrator. The focus is not only on retouching and manipulating images, but also on using the computer as a medium to create art and communicate ideas. Digital painting, collages, vector graphics, special effects, matte painting, Photoshop for video and interaction with other media are some of the techniques covered. Photoshop and Illustrator used to introduce single and serial images for print and web output. MEDIART 206 Computer Graphics (4 credits) This course offers an overview and history of computer graphics as well as an introduction to key software technologies and concepts."
credit,p01187,Part 10: Majors and Courses,Course Descriptions,Prerequisite(s): COMPSCI 201 or INFOSCI 201 or consent of the Instructor,332,Academic Procedures,"MEDIART 207 Creative Writing and Elements of Story (4 credits) Stories and storytelling surround us. They have existed since pre-history and continue to fill an essential place in our lives. What goes into telling a story? This is a beginning creative writing course that focuses on igniting the sparks for ideas and shaping ideas into a story. We will emphasize the hands-on exploration of sources for inspiration, idea-formation, building ideas, work-shopping and refining them to form them into a script."
credit,p01188,Part 10: Majors and Courses,Course Descriptions,Prerequisite(s): COMPSCI 201 or INFOSCI 201 or consent of the Instructor,332,Majors & Courses,"We will study the fundamentals of story, structure, character development, genre, building scenes, dialogue, and how to utilize them to write a script for media output including the screen, a podcast, and the stage. MEDIART 208 Comparative Media Systems and Chinese Mass Media (4 credits) In a globalized media world that is bringing people together, countries still maintain their own media systems. These systems are closely tied to government types, economic structures and culture norms and standards. What are the differences and similarities between the world’s different media systems? How does contemporary technology change the way that media systems function?"
credit,p01189,Part 10: Majors and Courses,Course Descriptions,Prerequisite(s): COMPSCI 201 or INFOSCI 201 or consent of the Instructor,332,Academic Procedures,"How do countries with different media systems work with each other to disseminate information? The Chinese have played a pivotal role in the dissemination of information to its citizens over time. Currently, the Chinese read and watch news at a higher rate than any other country in the world. This course will explore the evolution of mass media and communication in China over time. MEDIART 210 Media and Arts Practicum (4 credits) For students of media, it is vital to have some skills in media production or art practice. This course will introduce students to some practical aspects of media and the arts."
credit,p01190,Part 10: Majors and Courses,Course Descriptions,Prerequisite(s): COMPSCI 201 or INFOSCI 201 or consent of the Instructor,332,Academic Procedures,"These might include: creative camera control and lighting; how to code a web page; how to write a news story; how to make a documentary, how to do interviews, how to edit media; cultivation of skills in theater, music or art, among others. An emphasis is placed on understanding and experimenting with contemporary technologies that enable digital communications. MEDIART 211 Media, Arts, and Critical Theory (4 credits) The course explores key issues in the study of digital media from its beginning to very recent theoretical developments."
credit,p01192,Part 10: Majors and Courses,Course Descriptions,Prerequisite(s): COMPSCI 201 or INFOSCI 201 or consent of the Instructor,333,Academic Procedures,"different forms of visual art and literature that lead and reflect the sociocultural paradigm shifts of digital technologies. MEDIART 212 Editing for Film and Video (4 credits) Two questions a film editor must always ask are: What shot comes next? And, why this shot and not that? In this course, students explore answers for these questions by studying and editing different genres, styles, and forms of film and video. The goal is achieved through expanding students’ understanding of editing as both a viewer and as a working editor."
credit,p01193,Part 10: Majors and Courses,Course Descriptions,Prerequisite(s): COMPSCI 201 or INFOSCI 201 or consent of the Instructor,333,Academic Procedures,"To that end, in addition to classroom discussion, readings, and screenings of feature films and excerpts, students will complete several editing projects on digital video. These projects are designed to provide both real-world challenges to solve as well as opportunities to experiment. Knowledge of a video editing program is not necessary at the beginning of the class; by the end you should be extremely comfortable with Adobe Premiere Pro. MEDIART 215 Documenting City Life (2 credits) This course combines the disciplinary practices of history, ethnography, media studies, and literature to explore life in the modern city."
credit,p01194,Part 10: Majors and Courses,Course Descriptions,Prerequisite(s): COMPSCI 201 or INFOSCI 201 or consent of the Instructor,333,Academic Procedures,"Through a combination of writing, photography, and film-making, students will explore and document modern city life. Students will study the techniques of writers, photographers, poets, and filmmakers from different eras and cities such as Tokyo, Beijing, Shanghai, Paris, London, Berlin, Hong Kong, Taipei, and New York. They will then practice the methods they have learned, creating a portfolio that includes writing, video-making, and photography to document and analyze changes over time in the life of a big city of their choice in China. MEDIART 216 Performance, Embodiment and Cultural Memory (4 credits) What distinguishes performance from behaviour?"
credit,p01196,Part 10: Majors and Courses,Course Descriptions,Prerequisite(s): COMPSCI 201 or INFOSCI 201 or consent of the Instructor,333,Majors & Courses,"MEDIART 217 Ancient and Imperial Chinese Art (4 credits) This survey course covers art in a variety of contexts from the foundations of Chinese civilization until the end of the imperial period in 1912 including tomb artefacts, religious images and statuary, court art, crafted objects and the painting and calligraphy of the literati. A number of themes may be addressed, such as the cross-cultural transmission of ornamentation and iconography, the ideal of scholar-amateur, the skills and techniques of the professional artisan and the connoisseurship and circulation of fine objects."
credit,p01197,Part 10: Majors and Courses,Course Descriptions,Prerequisite(s): COMPSCI 201 or INFOSCI 201 or consent of the Instructor,334,Academic Procedures,"MEDIART 218 Music and Cinema (4 credits) Soundtracks, in their interaction with images, are decisive in shaping the narrative of movies. In this course, we will explore uses and functions of music and sound in film, with particular attention to the human voice. We will watch and analyze a wide range of movies and engage with the main aspects of the theory of film sound and its concepts. No prior musical knowledge is required. You will gain a better understanding of how sound helps determining the expressive messages of films."
credit,p01198,Part 10: Majors and Courses,Course Descriptions,Prerequisite(s): COMPSCI 201 or INFOSCI 201 or consent of the Instructor,334,Academic Procedures,"You will also learn to discern different styles and usages of sound in connection with images, and to write about these matters using specific terminology. MEDIART 301 Experimental Filmmaking (4 credits) This course engages with poetic and experimental image-making, utilizing techniques that trace a historical trajectory from celluloid to digital. Students are exposed to exploration of cinematographic principles and cameraless experiments. Teaching methods include lectures, discussion, readings and screenings focusing on avant-garde film and digital traditions. Students are required to produce final projects deriving or departing from course materials. MEDIART 302 Contemporary Documentary Film (4 credits) Our subject is the art, content, technology, and life of documentary film."
credit,p01200,Part 10: Majors and Courses,Course Descriptions,Prerequisite(s): COMPSCI 201 or INFOSCI 201 or consent of the Instructor,334,Academic Procedures,"In addition to class lectures and screenings, the course may feature guest filmmakers who will introduce their films and follow the screenings with question and answer sessions. MEDIART 303 Documentary Photography and the Cultural Landscape (4 credits) Emphasis on the tradition and practice of documentary photography as a way of seeing and interpreting cultural life. The techniques of color and black-and-white photography - exposure, development, and printing - diverse ways of representing the cultural landscape of the region through photographic imagery. Issues such as objectivity, clarity, politics, memory, autobiography, and local culture play in the making and dissemination of photographs."
credit,p01202,Part 10: Majors and Courses,Course Descriptions,Prerequisite(s): COMPSCI 201 or INFOSCI 201 or consent of the Instructor,335,Academic Procedures,"MEDIART 304 The On-Going Moment: Presentations of Time in Still and Moving Images (4 credits) Project-driven studio course exploring time through video and still photography. Management, presentation and trace of time discussed in relation to various forms of art, augmented by examination of concepts of duration, aura, silence and thought as they pertain to still and moving images. Individual and group projects investigate various manifestations of stillness and movement in video and photography, with and without sound. Slices of time in both media examined for their properties of continuity, discontinuity and fissure, with emphasis on rendering meaning in and through time and space."
credit,p01203,Part 10: Majors and Courses,Course Descriptions,Prerequisite(s): Consent of the instructor is required,335,Academic Procedures,"MEDIART 305 Producing Docu-Fiction (4 credits) This course investigates hybrid, genre-defying films that question traditional definitions of documentary and fiction. Emphasis on experimental forms, documentary reenactment, mockumentary and dramatized ""true stories."" Students utilize both documentary and fiction production techniques, culminating in the production of a final video project. MEDIART 306 Foundations of Interactive Game Design (4 credits) Surveys history, technology, narrative, ethics, and design of interactive computer games. Games as systems of rules, games of emergence and progression, state machines. Game flow, games as systems of pleasure, goals, rewards, reinforcement schedules, fictional and narrative elements of game worlds. Students work in teams to develop novel game-design storyboards and stand-alone games."
credit,p01204,Part 10: Majors and Courses,Course Descriptions,Prerequisite(s): Consent of the instructor is required,335,Academic Procedures,"Exploration of the interplay between narrative, graphics, rule systems, and artificial intelligence in the creation of interactive games. Programming experience not required. MEDIART 307 International Communication (4 credits) This course will examine the global effects of media, the flow of information, the controls countries impose on communication systems and the effects of Western dominance on world media systems. The course will introduce students to the key theories, concepts, and practices in the broadly defined international communication. Students will examine the giant media companies around the world and discuss the impact of ownership on media messages."
credit,p01205,Part 10: Majors and Courses,Course Descriptions,Prerequisite(s): Consent of the instructor is required,335,Academic Procedures,"The course will look at how advertising, music and news programs affect more than their intended audiences, and look at how technology is changing the global media picture. MEDIART 310 Screenwriting (4 credits) This course introduces students to theory and practice of the process of writing for the screen. We explore visual storytelling and analysis of screenplays and movies in order to develop original stories into screenplay format. Students will learn to recognize and understand proper screenplay format and structure, understand how screenplay writing is a unique style of writing and why, understand character development and power relationships, and have a better understanding of"
credit,p01206,Part 10: Majors and Courses,Course Descriptions,Prerequisite(s): Consent of the instructor is required,336,Academic Procedures,"the business of screenwriting. Through the actual writing of a feature length script, students gain hands-on practice on writing and presenting treatments, outlines, scenes, story planning, character development, communicating information, relationships between script and cinematic dimensions, as well as working with studios and editors. MEDIART 311 Cinematography (4 credits) Practice based investigation of cinematographic principles and visual storytelling techniques in motion picture production. Professional practice is informed and contextualized by screenings, readings, workshops, and in and out of class exercises towards the creation of original work in the context of the history of cinematography."
credit,p01207,Part 10: Majors and Courses,Course Descriptions,Prerequisite(s): Consent of the instructor is required,336,Academic Procedures,"Working with both film and video, students learn and apply fundamental techniques of composition, exposure, frame rate, focus pulling, point of view, camera placement and movement, lighting, and framing people and objects. MEDIART 312 Graphic Design in Motion (4 credits) Motion Design is the creation of animated graphics using graphic design, typography, advertising, photography, animation sound and filmmaking. Students learn the latest technology such as After Effects and 3D softwares but it is the creative intent that motivates the acquisition of technical capabilities. We will learn how to work collaboratively with other students with different skill sets. Emphasis will be on design, conceptualization and the ability to communicate ideas."
credit,p01209,Part 10: Majors and Courses,Course Descriptions,Prerequisite(s): Consent of the instructor is required,336,Academic Procedures,"MEDIART 313 Sports Documentary (4 credits) Sports documentaries have a long legacy of excellent storytelling that is used to discuss deep rooted social problems by adding emotional and dramatic power. This class will examine themes ranging from climate change, identity, domestic abuse, institutional cover ups, and systemic racism, to the intersection of sports, crime, and politics. We will discuss the mechanisms used in sports documentary storytelling to explore different traditions in documentary filmmaking as a whole. Screenings and readings will reinforce practice exercises towards the production of your own documentary."
credit,p01210,Part 10: Majors and Courses,Course Descriptions,Prerequisite(s): Consent of the instructor is required,336,Academic Procedures,MEDIART 390 Junior Seminar: Advanced Topics (4 credits) This seminar is a core component of the interdisciplinary major in Media and Arts. Students will apply to interdisciplinary topics the knowledge and methods of analysis that they have gained in different disciplines. Students will re-connect with the broader community of faculty and students in their major and further develop their capacities to translate between their areas of expertise and the larger questions and issues that apply across a variety of disciplines. The seminar will foster the
credit,p01211,Part 10: Majors and Courses,Course Descriptions,Prerequisite(s): Consent of the instructor is required,337,Academic Procedures,"ability to see their disciplinary knowledge from a wider perspective and to apply it flexibly. Specific topics will vary. This seminar is required for all juniors in the major. Other students may enroll with the permission of the instructor. MEDIART 405 The Curatorial: Theory and Practice (4 credits) Is everyone a curator? The etymological meaning of to curate – to take care of – has become, with the ever-expanding meaning of art and exhibition making, both central to and contested by practitioners who carefully conceptualize, comment, organize, and show art. In this course, we ask fundamental questions of what curation does and should do. We will: 1."
credit,p01212,Part 10: Majors and Courses,Course Descriptions,Prerequisite: Consent of the Instructor,337,Academic Procedures,MEDIART 490 Senior Seminar: Advanced Topics (4 credits) This seminar is a core component of the interdisciplinary major in Media and Arts. Students will apply to interdisciplinary topics the knowledge and methods of analysis that they have gained in different disciplines. Students will re-connect with the broader community of faculty and students in their major and further develop their capacities to translate between their areas of expertise and the larger questions and issues that apply across a variety of disciplines. The seminar will foster the ability to see their disciplinary knowledge from a wider perspective and to apply it flexibly. Specific topics will vary.
credit,p01213,Part 10: Majors and Courses,Course Descriptions,Courses with Course Subject: Military Science (MILITSCI),338,Majors & Courses — Topic 2,"These credits cannot be counted toward the 136 credit requirement, but they may be counted toward the additional credit requirements for students from the Chinese mainland, Hong Kong, Macau, and Taiwan. (See section on Credits Required for Degrees in Part 3.)"
credit,p01216,Part 10: Majors and Courses,Course Descriptions,MUSIC 20 Introduction to Music Theory (Beginning) (4 credits),339,Student Life & Support,"Credit for Advanced Placement on the basis of the College Board Examination in Music. MUSIC 115 Chorale (2 credits, CR/NC grading) Singing is a beautiful way to relax and express your feeling. Chorale singing is much more fantastic and powerful than solo singing. This course will form a Duke Kunshan University Choir, and encourage the students to explore the essence of chorale. The students will be assigned in different vocal parts according to their voice range and timbre, but sing together as a whole. Students are required to join the classes /rehearsals once a week, then will get a chance to perform at the end of the term."
credit,p01217,Part 10: Majors and Courses,Course Descriptions,MUSIC 20 Introduction to Music Theory (Beginning) (4 credits),339,Student Life & Support,"Besides that, our DKU Choir will be invited to perform at various venues in Kunshan and Shanghai City for some special events occasionally. This course will invite choreographers to coach the students if the repertoire requires some body movements. This course may be repeated for credit."
credit,p01218,Part 10: Majors and Courses,Course Descriptions,Prerequisite: Consent of the Instructor,339,Majors & Courses — Topic 2,"MUSIC 210 Chamber Ensemble (2 credits, CR/NC grading) Music is said to be the universal language. This course is designed for students to utilize their knowledge of this language to further their understanding of this performing art and gain a deeper insight into group performance. Students will explore new or old repertoire with fellow musicians during the course of the term under the guidance of the instructor, and will perform in various venues around Kunshan and Shanghai area. Students are required to join weekly rehearsals with assigned groups and all groups will perform in a concert at the end of the term."
credit,p01219,Part 10: Majors and Courses,Course Descriptions,Prerequisite: Consent of the Instructor,339,Academic Procedures,This course will also invite guest musicians as coaches to help each individual group. Previous experience in learning and performing a musical instrument is recommended. This course may be repeated for credit.
credit,p01220,Part 10: Majors and Courses,Course Descriptions,Courses with Course Subject: Neuroscience (NEUROSCI),340,Majors & Courses — Topic 3,"NEUROSCI 102 Biological Basis of Behavior (4 credits) An introduction to the methods, models, and reasoning that have led to discoveries about brainbehavior relations, and a critical evaluation of the current theories that guide our thinking about the neurobiology, development and evolution of sensory and cognitive processes, sleep, pain, emotion, hunger, and thirst as well as maternal and sexual behavior patterns. NEUROSCI 202 Medical Neuroscience (4 credits) Examines the functional organization and neurophysiology of the human central nervous system, with a neurobiological framework for understanding human behavior."
credit,p01221,Part 10: Majors and Courses,Course Descriptions,Courses with Course Subject: Neuroscience (NEUROSCI),340,Majors & Courses — Topic 3,"Students learn the anatomy and function of neural systems in the brain and spinal cord that mediate sensation, motivate bodily action, and integrate sensorimotor signals with memory, emotion, and related cognitive faculties. Provides the foundation for neurological sciences, including understanding the impairments of sensation, action, and cognition that accompany injury, disease, or dysfunction in the human central nervous system. NEUROSCI 212 Cognitive Neuroscience (4 credits) The biological bases of higher brain function, including perception, attention, memory, language, emotion, executive functions and consciousness. Emphasis on human brain function at the macroscopic network-level, and the current theories and controversies in this rapidly growing field."
credit,p01222,Part 10: Majors and Courses,Course Descriptions,Prerequisite(s): PSYCH 101 or NEUROSCI 102,340,Majors & Courses — Topic 3,"NEUROSCI 301 Research Methods in Neuroscience (4 credits) Explore the wide spectrum of methods commonly used in the field of neuroscience, ranging from molecular/genetic to electrophysiology and whole brain imaging. Multiple units of this team-based learning course will include interaction with a scientist currently practicing the technique."
credit,p01223,Part 10: Majors and Courses,Course Descriptions,Courses with Course Subject: Philosophy (PHIL),341,Majors & Courses,"PHIL 101 Introduction to Western Philosophy (4 credits) This course focuses on the origins of the European philosophical tradition, with an emphasis on metaphysics, theory of knowledge, ethics and politics. The course reads primary texts of Plato, Aristotle, Lucretius and Epicurus and other key western thinkers in English translation. The course examines the significance of these key approaches to philosophy in the later development of the European philosophical tradition, and considers their relevance for the contemporary global context."
credit,p01224,Part 10: Majors and Courses,Course Descriptions,Courses with Course Subject: Philosophy (PHIL),341,Majors & Courses,"PHIL 102 Introduction to Classical Chinese Philosophy (4 credits) This course introduces the foundations of Chinese thought with a focus on the Warring States period (475-221 B.C.E.), a period in which schools of thought like Confucianism, Mohism, and Daoism originally flourished. Students will read selections from the most famous classical Chinese philosophy texts in English translation. The course emphasizes close reading of texts, with a view to understanding their key concepts and issues, as well as forms of argumentation."
credit,p01225,Part 10: Majors and Courses,Course Descriptions,Courses with Course Subject: Philosophy (PHIL),341,Majors & Courses,"In so doing, students will think through the key questions that animated intense debate between key schools of philosophy, and examine how these key debates have influenced the development of Chinese culture right through to the present day. PHIL 103 Chinese and Mediterranean Philosophy (4 credits) The early Mediterranean civilizations (Mesopotamia, Egypt, Greece, Rome) and dynastic China have been profoundly influential in the development of world civilizations, and in how human civilization is conceived. How do they compare in their traditions of thought about how one ought to live, theories of government and governance, and methods and aims in study of the natural world?"
credit,p01226,Part 10: Majors and Courses,Course Descriptions,Courses with Course Subject: Philosophy (PHIL),341,Majors & Courses,"This course offers a basic introduction to early Chinese and Western thought through examination of selected primary texts in English translation. As well as analyzing these approaches to philosophy in their historical and cultural context, the course debates their continuing relevance in a global context. PHIL 105 History of Modern European Philosophy (4 credits) Modern European philosophy centers on the theories of knowledge, morality and metaphysics of key thinkers of the 17thand 18th-centuries, notably Descartes, Spinoza, Leibniz, Locke, Berkeley, Hume, and Kant . Together, these thinkers brought to birth a distinctively European approach to humanism, in dialog with science and reason, that has resonated powerfully across the world."
credit,p01228,Part 10: Majors and Courses,Course Descriptions,Courses with Course Subject: Philosophy (PHIL),342,Majors & Courses,PHIL 106 Global Philosophy (4 credits) The Global Philosophy course offers a gateway for students to critically engage with the diverse philosophical traditions that inform the making of the increasingly pluralistic modern world. The aim of the course is to cultivate deep appreciation of diversity and to help students develop a culturally sensible map of the world’s philosophical traditions that will help them deal with the compelling challenges in this multicultural age. PHIL 107 What’s the Right Thing to Do?
credit,p01229,Part 10: Majors and Courses,Course Descriptions,Courses with Course Subject: Philosophy (PHIL),342,Majors & Courses,Ethics and Justice in the Modern World (4 credits) This course examines classical and contemporary theories of justice in Western philosophical ethics and applies them to modern dilemmas that have dominated political and cultural conflict in the modern West.
credit,p01230,Part 10: Majors and Courses,Course Descriptions,Courses with Course Subject: Philosophy (PHIL),342,Curriculum & Degree Requirements,"These topics include questions of economic justice in relation to capitalism and communism; the question of human rights as a supreme and universal value that cuts across all social and cultural contexts; the profound challenges of slavery, colonialism and racial justice that haunt American politics in the present day; the continuing quest for gender equality; and contemporary issues of gender politics including same-sex marriage and the recognition of transgender and nonbinary identities. PHIL 108 Philosophy and Ethics of Artificial Intelligence (2 credits) Recent progress in Artificial Intelligence, via machine learning techniques that leverage big data, has made breakthroughs in a variety of domains."
credit,p01232,Part 10: Majors and Courses,Course Descriptions,Courses with Course Subject: Philosophy (PHIL),342,Majors & Courses — Topic 3,"PHIL 109 Philosophy through Computer Science (2 credits) In this class we will explore several classic philosophical issues by learning how to program in Python. This is made possible by the close affinity that is shared between a number of computational concepts and their philosophical counterparts. For example, the concept of recursion can help us think about the existence of God by way of infinity. Completing this class will give you rudimentary Python programming skills and the ability to critically engage several philosophical issues. The ideal student will have an interest in both disciplines but have no prior knowledge of either."
credit,p01233,Part 10: Majors and Courses,Course Descriptions,Courses with Course Subject: Philosophy (PHIL),343,Academic Procedures,"PHIL 110 Philosophy and Sport (2 credits) Philosophical questions arise frequently in sporting contexts, and pursuing those questions can be profitable in both directions: on the one hand, emerging issues in sport often require philosophical engagement in order to make progress on a question of practical importance, while on the other hand, reexamining and deploying concepts and theories in the sporting context can helpfully reshape our thinking. The pivotal concepts at the core of this course are fairness and exploitation."
credit,p01234,Part 10: Majors and Courses,Course Descriptions,Courses with Course Subject: Philosophy (PHIL),343,Curriculum & Degree Requirements,"We’ll examine these concepts through a combination of great works in the history of philosophy, contemporary work in analytic philosophy, and recent sporting controversies PHIL 111 Non-Human Animal Ethics (2 credits) This course examines the morality of our treatment of nonhuman animals. We will start by considering the cognitive and emotional capacities of some nonhuman animals. After that, the course will be divided into 3 units. Unit 1 will cover ethical questions surrounding the use of animals for food. Unit 2, on animal companionship, will consider what moral responsibilities we have to our animal companions, and how they compare to the responsibilities we have towards our human friends."
credit,p01235,Part 10: Majors and Courses,Course Descriptions,Courses with Course Subject: Philosophy (PHIL),343,Academic Procedures,"Finally, Unit 3, on animal captivity, will address moral issues associated with the human practice of using animals for the purpose of entertainment. PHIL 112 Thinking and Doing (2 credits) When doing philosophy we think about the world and about ourselves in it. This includes our thoughts about the world as well as our actions and interactions with it and one another. In this course, we will consider related foundational philosophical contributions on the nature of human thought, action, and their connection. In doing so we will attend closely to key elements of the practice of philosophical thinking and writing, including standards of logical argumentation and of academic philosophical writing."
credit,p01236,Part 10: Majors and Courses,Course Descriptions,Courses with Course Subject: Philosophy (PHIL),343,Academic Procedures,"We will dedicate ourselves particularly to developing and honing our own philosophical writing skills in accordance with these standards. PHIL 202 Problems in Philosophy of Science (4 credits) This course examines the principal philosophical problems of scientific practice with a view to explaining what science is and how it works. Students will learn how science may be distinguished from pseudo-science, how and why scientific theories change, and whether science can ever give us a fully accurate description of reality. The course focuses on what constitutes scientific explanation, how experimentation can confirm or deny scientific hypotheses, and the contrast between instrumentalist and realist conceptions of scientific theory."
credit,p01238,Part 10: Majors and Courses,Course Descriptions,Courses with Course Subject: Philosophy (PHIL),344,Curriculum & Degree Requirements,"PHIL 204 Theory of Knowledge (4 credits) Do we know anything at all? If we do, how do we know it? How does knowledge differ from opinion and belief? Perception is a major avenue to knowledge, but what is it and under what conditions can we trust it? Our perceptions are influenced by what we already believe about the world. Does this make our perceptions untrustworthy since our beliefs can often be wrong? These related set of questions, collectively understood as the basic problems of epistemology, have challenged thinkers across the world and over centuries. This course examines a variety of ancient and modern approaches to these questions."
credit,p01239,Part 10: Majors and Courses,Course Descriptions,Courses with Course Subject: Philosophy (PHIL),344,Majors & Courses — Topic 3,"PHIL 205 Logic (4 credits) Logic is the study of the conditions of good reasoning and clear communication. Logic is an indispensable tool for an indispensable feature of human life: entertaining, assessing and crafting arguments. This course is designed to equip students with some basic skills in distinguishing good arguments from bad ones by introducing them to formal systems of logic and rules of reasoning. The goals of this course focus on reaching proficiency in particular skills in deductive and inductive logic, largely through practicing their application."
credit,p01240,Part 10: Majors and Courses,Course Descriptions,Courses with Course Subject: Philosophy (PHIL),344,Curriculum & Degree Requirements,"The skills cultivated in this class have a broad relevance to critical thinking generally, and so students will leave this course with preparation to extend principles of critical thinking into many domains, both academic and not. PHIL 206 Climate Change Ethics (2 credits) Climate change has come into focus as a defining problem of the 21st century, but the challenges it presents are not limited to the arenas of engineering, science, and economics. Climate change also represents a challenge for some of our key moral concepts, for our understanding of moral theory, and for our ability to enact morally sensible collective policies and construct morally responsible individual lives."
credit,p01241,Part 10: Majors and Courses,Course Descriptions,Courses with Course Subject: Philosophy (PHIL),344,Curriculum & Degree Requirements,"This course will explore ethical dimensions of climate change, including questions concerning moral responsibility for climate woes, possible responses to problematic climate effects, and the implications of climate change for environmental ethics more generally. PHIL 301 Philosophy of Mind (4 credits) This course is an introduction to the basic questions about mind: What is consciousness? Is the mind really like a computer or something quite different? Can thoughts, perceptions, feelings and intentions be explained in terms of events and processes in the brain and nervous system? How do we know there are minds other than our own?"
credit,p01243,Part 10: Majors and Courses,Course Descriptions,Courses with Course Subject: Philosophy (PHIL),345,Curriculum & Degree Requirements,"PHIL 311 The Political and Social Thought of Hannah Arendt (4 credits) Hannah Arendt is one of the most important 20th century western political thinker. Although her work covered a wide range of subjects, her foremost concern was politics and society. This course aims to familiarize students with the political and social thought of Hannah Arendt, so that they may use her ideas to understand and address the 21st century’s pressing problems."
credit,p01245,Part 10: Majors and Courses,Course Descriptions,PHYS 25 Introduction to Mechanics (4 credits),346,Academic Procedures — Topic 2,Credit for Advanced Placement on the basis of the College Board Examination in Physics C: Mechanics
credit,p01246,Part 10: Majors and Courses,Course Descriptions,PHYS 26 Introduction to Electricity and Magnetism (4 credits),346,Majors & Courses — Topic 3,"Credit for Advanced Placement on the basis of the College Board Examination in Physics C: Electricity and Magnetism PHYS 101 Frontiers of 21st Century Physics (4 credits) Frontiers of 21st Century Physics explore the major subdisciplines of modern physics and their (potential) applications in industry/research. Students learn why society invests so much in physics and what it gets in return, from the origins of electronic devices and novel materials tackling the energy crisis to the large-scale structure of our universe. Students will build up an understanding that modern technologies are developed based on physics, i.e., application of laser in autopilot, magnetic levitation, etc."
credit,p01247,Part 10: Majors and Courses,Course Descriptions,PHYS 26 Introduction to Electricity and Magnetism (4 credits),346,Majors & Courses — Topic 3,"This course serves as an introductory course to freshman students to give them a taste of modern physics and to inspire their interest in physics. PHYS 105 The Science of Asian Sound (4 credits) This course is an introduction to acoustics, sound, and music. Participants will learn about wave theory, spectral analysis, and the mathematical and scientific basis for music scales, timbre, pitch perception, and harmonics. Vibration sources, resonant chambers, and wave amplification will be discussed. Special attention will be given to waves on strings and waves in pipes, and approximations and corrections to physical systems."
credit,p01248,Part 10: Majors and Courses,Course Descriptions,PHYS 26 Introduction to Electricity and Magnetism (4 credits),346,Majors & Courses — Topic 3,"Concrete examples will be drawn from Asian instruments and music, with particular attention to the Guqin, Guzheng, Erhu, Dizi, and instruments and vocalists of Chinese opera. PHYS 121 Integrated Science – Physics (4 credits) This course is about how to view the world from the perspective of classical mechanics, based on an understanding of the core concepts and theoretical laws. As a science foundation course, it helps students appreciate the elegant simplicity of the universal laws governing the complex systems surrounding us, and it teaches an important approach to identifying, formulating, and solving problems encountered in the physical world."
credit,p01250,Part 10: Majors and Courses,Course Descriptions,PHYS 26 Introduction to Electricity and Magnetism (4 credits),347,Majors & Courses — Topic 3,"different science foundation courses by themselves. While no previous knowledge of physics is required, some background is advantageous. Not open to students who have credits for both INTGSCI 101 and 102. Prerequisite(s): MATH 101 or 105. Not open to students who have credits for both INTGSCI 101 and 102. PHYS 122 General Physics II: Electricity, Magnetism and Light (4 credits) This course is the second of a series of two general physics courses that are highly interactive and illustrated with applications from different perspective of sciences and everyday life. Core topics: electric fields, circuits, magnetic fields, Faraday's law, Maxwell's equations, electromagnetic waves, properties of light, geometric optics, wave optics."
credit,p01252,Part 10: Majors and Courses,Course Descriptions,Prerequisite(s): INTGSCI 102 or PHYS 121,347,Majors & Courses — Topic 3,"PHYS 134 Introductory Astronomy (4 credits) How observation and scientific insights can be used to discover properties of the universe. Topics include an appreciation of the night sky, properties of light and matter, the solar system, how stars evolve and die, the Milky Way and other galaxies, the evolution of the universe from a hot Big Bang, exotic objects like black holes, and the possibility for extraterrestrial life. High-school-level knowledge of algebra and geometry is required."
credit,p01253,Part 10: Majors and Courses,Course Descriptions,Prerequisite(s): High-school-level knowledge of algebra and geometry,347,Majors & Courses — Topic 3,"PHYS 201 Optics and Modern Physics (4 credits) Introductory treatments of special relativity and quantum mechanics. Topics include: wave mechanics and interference; relativistic kinematics, energy and momentum; the Schrodinger equation and its interpretation; quantum particles in one-dimension; spin; fermions and bosons; the hydrogen spectrum. Applications to crystallography, semiconductors, atomic physics and optics, particle physics, and cosmology."
credit,p01254,Part 10: Majors and Courses,Course Descriptions,Prerequisite(s): MATH 201; PHYS 122,347,Majors & Courses — Topic 3,"PHYS 301 Classical Mechanics (4 credits) Newtonian mechanics at the intermediate level, Lagrangian mechanics, linear oscillations, chaos, dynamics of continuous media, motion in non-inertial reference frames."
credit,p01255,Part 10: Majors and Courses,Course Descriptions,Prerequisite(s): MATH 201; MATH 202; PHYS 122,348,Majors & Courses — Topic 3,"PHYS 302 Thermal and Statistical Physics (4 credits) This course focuses on the basics of equilibrium thermodynamics and introduces the concepts of temperature, internal energy, and entropy using ideal gases and ideal paramagnets as models. The chemical potential is defined and the three thermodynamic potentials are discussed with use of Legendre transforms. It will also cover topics including the power of thermodynamics in gases and condensed matter, phase transitions, probability theory, and quantum statistics."
credit,p01256,Part 10: Majors and Courses,Course Descriptions,Prerequisite(s): PHYS 201,348,Majors & Courses — Topic 4,"PHYS 303 Introduction to Biophysics (4 credits) The application of physics theory and experimental techniques to biological systems can be used to answer complex questions. The biological systems examined can range in scale from single molecules, to organelles, cells, tissues and whole organisms and the types of physics applied can include chemical, mechanical, electrical and others. Students will be introduced to physical descriptions of a wide range of phenomena, from molecular and cell mechanisms to the function of the human brain. An additional introductory overview of frontiers in photobiophysics, neurophysics, bioinformatics and synchrotron-based biological spectroscopy will help students to broaden their views."
credit,p01257,Part 10: Majors and Courses,Course Descriptions,Prerequisite(s): INTGSCI 102; or INTGSCI 101 and BIOL 110; or BIOL 110 and PHYS 121,348,Majors & Courses — Topic 3,"PHYS 304 Electricity and Magnetism (4 credits) Electrostatic fields and potentials, boundary value problems, magnetic induction, energy in electromagnetic fields, Maxwell's equations, introduction to electromagnetic radiation."
credit,p01260,Part 10: Majors and Courses,Course Descriptions,"Prerequisite(s): PHYS 122, MATH 201",349,Majors & Courses — Topic 3,"PHYS 401 Quantum Mechanics (4 credits) Introduction to the non-relativistic quantum description of matter. Topics include experimental foundations, wave-particle duality, Schrodinger wave equation, interpretation of the wave function, the state vector, Hilbert space, Dirac notation, Heisenberg uncertainty principle, one-dimensional quantum problems, tunneling, the harmonic oscillator, three-dimensional quantum problems, angular momentum, the hydrogen atom, spin, angular momentum addition, identical particles, elementary perturbation theory, fine/hyperfine structure of hydrogen, dynamics of two-level systems, and applications to atoms, molecules, and other systems."
credit,p01261,Part 10: Majors and Courses,Course Descriptions,Prerequisite(s): PHYS 201; MATH 202; and PHYS 301 is encouraged,349,Majors & Courses — Topic 3,"PHYS 402 Solid State and Soft Matter Physics (4 credits) This course is intended to provide an introduction to the physics of solids and soft materials. It will discuss topics including properties of static (crystal structure) and dynamic (lattice vibrations) arrangements of atoms; electrons in solids; key features in metals, insulators and semiconductors; semiconductor devices; structure and assembly of a variety of soft materials including liquid crystals, polymers, colloidal systems and surfactants; special properties of materials in nanoscale; etc."
credit,p01262,Part 10: Majors and Courses,Course Descriptions,Prerequisite(s): PHYS 401,349,Majors & Courses — Topic 3,"PHYS 403 Introduction to Nuclear and Particle Physics (4 credits) Introductory survey course on nuclear and particle physics. Phenomenology and experimental foundations of nuclear and particle physics; fundamental forces and particles, composites. Interaction of particles with matter and detectors. SU(2), SU(3), models of mesons and baryons. Weak interactions and neutrino physics. Lepton-nucleon scattering, form factors and structure functions. QCD, gluon field and color. W and Z fields, electro-weak unification, the CKM matrix, Nucleon-nucleon interactions, properties of nuclei, single and collective particle models. Electromagnetic and hadronic interactions with nuclei. Nuclear reactions and nuclear structure, nuclear astrophysics. Relativistic heavy ion collisions."
credit,p01263,Part 10: Majors and Courses,Course Descriptions,Prerequisite(s): PHYS 401,349,Majors & Courses — Topic 3,"PHYS 404 Nonlinear Dynamics (4 credits) Introduction to the study of temporal patterns in nonequilibrium systems. Theoretical, computational, and experimental insights used to explain phase space, bifurcations, stability theory, universality, attractors, fractals, chaos, and time-series analysis. Each student carries out an individual research project on a topic in nonlinear dynamics and gives a formal presentation of the results."
credit,p01264,Part 10: Majors and Courses,Course Descriptions,Prerequisite(s): MATH 202 and PHYS 122,350,Majors & Courses — Topic 3,"PHYS 405 Advanced Physics Laboratory and Seminar (4 credits) Experiments involving the fields of electricity, magnetism, heat, optics, and modern physics. Written and oral presentations of results. Instructor consent required."
credit,p01265,Part 10: Majors and Courses,Course Descriptions,Prerequisite(s): Consent of the instructor is required,350,Majors & Courses — Topic 4,PHYS 406 Advanced Biophysics (4 credits) Builds on and extends the core concepts introduced in Introduction to Biophysics. Advanced topics and recent developments in biophysics.
credit,p01266,Part 10: Majors and Courses,Course Descriptions,Courses with Course Subject: Physical Education (PHYSEDU),351,Academic Procedures — Topic 2,"Each activity course listed below is graded on a Credit/No credit basis. The maximum amount of credit that counts toward the 136 credit requirement is two credits, but additional courses may be taken without credit toward this number. (See section on Credits Required for Degrees in Part 3.) Students may repeat activity courses. PHYSEDU 101 Basketball (0.5 credit) This course is designed to develop fundamental basketball skills of beginner students, and enhance the skills of those students with some basketball background. PHYSEDU 102 Softball (0.5 credit) This course introduces students the rules and emphasizes the development of fundamental skills and strategies for playing softball."
credit,p01267,Part 10: Majors and Courses,Course Descriptions,Courses with Course Subject: Physical Education (PHYSEDU),351,Majors & Courses — Topic 2,"PHYSEDU 103 Volleyball (0.5 credit) This is an introductory course teaching the fundamentals of volleyball including passing, serving, setting and spiking. Students will learn rules, court strategy, and significant emphasis will be placed on total fitness and recreational skills. PHYSEDU 104 Fencing (0.5 credit) This course is intended to provide students with the fundamentals of fencing, including footwork, bladework, bouting and refereeing. It will allow students to develop the ability to analyze a fencing bout, and promotes creativity in applying acquired skills in a fencing bout. PHYSEDU 105 Soccer (0.5 credit) This course is designed to enhance technical and tactical game knowledge and students playing ability."
credit,p01268,Part 10: Majors and Courses,Course Descriptions,Courses with Course Subject: Physical Education (PHYSEDU),351,Majors & Courses — Topic 2,"Students will engage in a variety of soccer training methods emphasizing fundamental/technical skills, tactical knowledge and playing ability. PHYSEDU 106 Badminton (0.5 credit) This course introduces the fundamentals and techniques used in badminton with theoretical emphasis on rules and playing etiquette."
credit,p01269,Part 10: Majors and Courses,Course Descriptions,Courses with Course Subject: Physical Education (PHYSEDU),352,Majors & Courses — Topic 3,"PHYSEDU 107 Table Tennis (0.5 credit) This course is designed to equip the students with the basic skills to be able to play recreational or competitive table tennis outside of class. This course will give students a chance to improve or learn how to play table tennis effectively. PHYSEDU 108 Tennis (0.5 credit) The primary aim of this course is to teach the students the fundamentals of tennis including the rules, game scoring, etiquette, and fundamental strokes, forehand, backhand, serve and volley. The course will also present various drills and games, and present singles and doubles tactics and strategies."
credit,p01270,Part 10: Majors and Courses,Course Descriptions,Courses with Course Subject: Physical Education (PHYSEDU),352,Majors & Courses — Topic 2,"The emphasis of this course is to give the students the working knowledge of tennis so they may enjoy it as a lifetime activity. PHYSEDU 109 Tai Chi (0.5 credit) Tai Chi is an ancient Chinese traditional martial art practiced worldwide. It is used as part of defense training, meditation, exercise program or for its various health benefits. This course aims to help students learn the basic forms of Tai Chi and to become comfortable in practicing independently. PHYSEDU 110 Pilates (0.5 credit) Pilates is a method of exercise that consists of low-impact flexibility, muscular strength and endurance movements. Pilates’ routine emphasizes proper postural alignment, core strength and muscle balance."
credit,p01271,Part 10: Majors and Courses,Course Descriptions,Courses with Course Subject: Physical Education (PHYSEDU),352,Majors & Courses — Topic 2,"PHYSEDU 111 Yoga (0.5 credit) This class will explore the practice and application of yoga and meditation and will introduce students to various breathing techniques and forms that additionally promote strength and flexibility. Together, these benefits may help students in promoting healthier lifestyle. PHYSEDU 112 Body Combat Fitness (0.5 credit) Body combat fitness is an eclectic-based aerobics class that combines cardio and resistance training and utilizes components of kickboxing, boxing and dynamic conditioning drills using combat principles. This kind of aerobic workout uses principles of high intensity interval training (HIIT) to give all students regardless of fitness level a great workout and learn some of martial arts forms and techniques."
credit,p01272,Part 10: Majors and Courses,Course Descriptions,Courses with Course Subject: Physical Education (PHYSEDU),353,Majors & Courses — Topic 3,"PHYSEDU 113 Body Step Aerobics (0.5 credit) Step aerobics is designed primarily to attain, improve and/or maintain healthy fitness level of students through their participation in the class. Students will also learn various fitness concept and principles and their application as part of the healthy lifestyle. The course will provide the tools to create and follow a personalized aerobics exercise regimen as part of the healthy lifestyle. PHYSEDU 114 Jogging/Walking (0.5 credit) This course emphasizes walking/jogging mechanics and physiological effects of cardiovascular activity and general benefits of exercise. This course provides the knowledge and skills necessary to improve cardiovascular endurance and fitness through walking and jogging."
credit,p01273,Part 10: Majors and Courses,Course Descriptions,Courses with Course Subject: Physical Education (PHYSEDU),353,Majors & Courses — Topic 2,"PHYSEDU 115 Mixed Martial Arts (0.5 credit) Mixed Martial Arts (MMA) is an eclectic martial arts based training class that incorporates learning of various martial arts forms and skills with conditioning training. This course will focus on beginner techniques, and in contrast to traditional mixed martial arts, it will not involve ground techniques or grappling. Therefore, the focus of this course is on learning fundamentals of various martial arts forms accompanied by conditioning training routines. PHYSEDU 116 Stick Stretching/Yoga (0.5 credit) Stick stretching is a hybrid blend of traditional yoga poses, tai chi and soft martial arts, which is designed to improve mobility, flexibility, balance, strength, coordination and postural awareness."
credit,p01274,Part 10: Majors and Courses,Course Descriptions,Courses with Course Subject: Physical Education (PHYSEDU),353,Majors & Courses — Topic 2,"Hence, the focus of stick yoga is on spinal health and correcting body mechanic. Sticks are used to provide support, guide and leverage stretching, strengthening and balance forms. PHYSEDU 117 Swimming (0.5 credit) Swimming course is designed to teach variety of swimming strokes for students with little or no swimming experience. However, considering that swimming ability depends not only on basic strokes, but also being comfortable in the aquatic environment, this class will also emphasize correct breathing skills, water threading and survival floating. PHYSEDU 118 Taekwondo (0.5 credit) Taekwondo is Korean martial art that emphasizes various forms of kicking."
credit,p01276,Part 10: Majors and Courses,Course Descriptions,Courses with Course Subject: Physical Education (PHYSEDU),354,Majors & Courses — Topic 3,"PHYSEDU 119 TRX Suspension Training (0.5 credit) TRX is an innovative suspension weight training used by various populations to improve strength, endurance, body tone and overall health and wellness. It is based on seven fundamental movements: push, pull, plank, rotation, hinge, lunge and squat, from which numerous variations and types of workouts are designed to target a specific goal. In this course, you will learn these fundamental movements, and how to create your own routines and adopt them to fit your own goals using TRX."
credit,p01277,Part 10: Majors and Courses,Course Descriptions,Courses with Course Subject: Physical Education (PHYSEDU),354,Majors & Courses — Topic 2,"PHYSEDU 120 Weight Training (0.5 credit) In weight training course, you will learn various strength training concepts, recommendations, techniques, and programs through discussions, handouts, and hands on demonstrations. While some theoretical background will be provided before each class, majority of class time will be conducted in a fitness center and hands on experience with primary aim to complete a full workout. Considering weight training can be used for various purposes we will introduce goal-specific workout recommendations such as muscle gain, body toning, functional weight training, sport specific training, weight loss and general health."
credit,p01278,Part 10: Majors and Courses,Course Descriptions,Courses with Course Subject: Physical Education (PHYSEDU),354,Majors & Courses — Topic 2,"In addition, we will dispel various myths about weight training and workout safety in order to provide you with independence and comfort to make weight-training part of your healthy lifestyle. PHYSEDU 121 Integrated Fitness and Wellness (0.5 credit) Integrated Fitness and Wellness course emphasizes learning concepts of fitness and wellness through participation in a range of physical activities offered on and off-campus. The course is designed to encourage students to attend different fitness, sports and recreational activities, and using concepts covered in class, learn how to create individualized fitness and wellness goals based on activities they enjoy and fit their lifestyle."
credit,p01279,Part 10: Majors and Courses,Course Descriptions,Courses with Course Subject: Physical Education (PHYSEDU),354,Majors & Courses — Topic 2,"In this class, there is no set class time and students are expected to participate in any three fitness activities per week lasting at least 45 minutes. Hence, students are welcome to attend any open fitness class offered on campus, go hiking, jogging, cycling or swimming with friends or play any sport throughout the week. You will use heart rate monitors to keep track of your activities, intensity, goals and participation. Students will have 1 discussion class every 2 weeks where theoretical concepts of fitness and wellness are class progress are discussed. PHYSEDU 122 Rowing (0.5 credit) This course is an introduction to the sport of rowing."
credit,p01281,Part 10: Majors and Courses,Course Descriptions,Courses with Course Subject: Physical Education (PHYSEDU),355,Majors & Courses — Topic 2,"PHYSEDU 123 Kendo (0.5 credit) Kendo is a form of martial art that focuses on the use of bamboo sword as its integral part. Kendo integrates strategic thinking and methodology with physical agility and responsiveness, and as such is mentally and physically stimulating activity. Subsequently, students in this course have a unique opportunity not only to learn about Kendo as a physical activity, but also its significance in cultivating social and personal values in traditional China. PHYSEDU 124 Spinning (0.5 credit) Spinning, or indoor group cycling, is the stationary cycling program that simulates real cycling conditions to deliver high intensity workout."
credit,p01283,Part 10: Majors and Courses,Course Descriptions,Courses with Course Subject: Physical Education (PHYSEDU),355,Majors & Courses — Topic 3,"Students will learn about a form of physical discipline at the intersection of physical exercise, dexterity and the arts. Students will learn that traditional theatrical arts offer a route to physical wellbeing, offering a rigorous training in physical and motor control. PHYSEDU 126 Ultimate Frisbee (0.5 credit) Ultimate Frisbee is a global, team sport that originated in the United States. This course is designed to familiarize students with the ultimate frisbee through engaging, high energy activities and theoretical background of history, rules, and game terminology. The course will emphasize several fundamental aspects of Ultimate Frisbee including backhand throws, forehand throws, pancake catch, rim catch, and game strategy."
credit,p01284,Part 10: Majors and Courses,Course Descriptions,Courses with Course Subject: Physical Education (PHYSEDU),355,Majors & Courses — Topic 3,"PHYSEDU 127 Flag Football (0.5 credit) Flag football is one of the fastest-growing youth sports worldwide. The purpose of the game is fairly similar to the American football, in contrast to the full contact version, in flag football there is minimal physical contact, no physical tackling, diving, blocking, screening, or fumbles. As part of the course students will learn fundamentals skills and strategies of flag football, and certainly develop physical skills required to recreationally play flag football."
credit,p01285,Part 10: Majors and Courses,Course Descriptions,Courses with Course Subject: Political Economy (POLECON),356,Curriculum & Degree Requirements,"POLECON 105 China and the Global South (2 credits) China’s vast material power and professed developing country status place it in a unique and highly influential position with respect to the Global South. In this course, we will examine the political economy of contemporary China’s relations with the Global South, covering topics including China’s development and humanitarian assistance, trade and investment, Chinese soft power, and it’s expanding security presence. We will explore how the politics of these topics shapes their economics and vice versa, and unpack the interests and roles of the many different state and non-state actors involved."
credit,p01286,Part 10: Majors and Courses,Course Descriptions,Courses with Course Subject: Political Economy (POLECON),356,Curriculum & Degree Requirements,"POLECON 201 International Political Economy (4 credits) This course is an introduction to international political economy, the study of how and why international economic policies are formed, and how the international economy influences domestic politics and economic performance. This is a survey course designed to introduce students to the leading theories and evidence-based research relating to international political economy (IPE). It first introduces some of the main theories of IPE, which is the study of how political forces impact the workings of the global economy and how the global economy— simultaneously—shapes politics."
credit,p01287,Part 10: Majors and Courses,Course Descriptions,Courses with Course Subject: Political Economy (POLECON),356,Curriculum & Degree Requirements,"It then explores the history and contemporary workings of the international trade and monetary systems from an IPE perspective. Finally, it delves into specific topics that IPE can help shed light on, such as foreign aid, resources competition, and international environmental protection agreements. POLECON 202 The Politics of International Economic Relations: America in the World Economy (4 credits) Introduction to politics of international economic relations through an examination of persistent major debates and current events in world politics and global economy."
credit,p01288,Part 10: Majors and Courses,Course Descriptions,Courses with Course Subject: Political Economy (POLECON),356,Curriculum & Degree Requirements,"Topics include politics of trade; politics of money and finance; foreign direct investment, multinational corporations, and global value chains; politics of foreign aid and economic development; and corporate social responsibility in a global economy. Examines how material interests, historical and socio-political context, and institutions at domestic and international level shape a country's foreign economic policies. Special focus on U.S. foreign economic policy in comparative perspective. POLECON 211 Risk Analysis and Forecasting (2 credits) This course explores the nature of risk, particularly as it relates to decision-making in areas such as politics, economics, and finance."
credit,p01290,Part 10: Majors and Courses,Course Descriptions,Courses with Course Subject: Political Economy (POLECON),357,Curriculum & Degree Requirements,"POLECON 301 Development (4 credits) This course provides an overview of advanced contemporary work on the political economy of development. This is a survey course designed to introduce students to the leading methods, theories, and evidence-based research relating to development. It first addresses the very concept of development, presents the metrics that are used to measure it, and introduces important development figures. It then introduces key models and theories that have been presented to explain development. Finally, it delves deeper into contemporary questions and debates about the drivers of development."
credit,p01291,Part 10: Majors and Courses,Course Descriptions,Prerequisite(s): ECON 101,357,Majors & Courses — Topic 2,"POLECON 302 China’s Economic Transition (4 credits) This course will provide a comprehensive overview of the Chinese economy and China’s role in the world economy. China’s current economic challenges will be given particular attention. Topics that will be addressed include: the Chinese economy before 1949; the socialist era, 1949-1978; economic reform and market transition; the role of state enterprises; foreign investment; foreign trade; China’s role in the East Asian trade-production network; the Chinese financial system; Chinese monetary and exchange rate policy; China’s role in global imbalances; the internationalization of the Yuan; and the housing market."
credit,p01292,Part 10: Majors and Courses,Course Descriptions,Prerequisite(s): ECON 101,357,Curriculum & Degree Requirements,"POLECON 401 Political Economy of the Chinese Reform (4 credits) This course is a reading and research seminar that aims to provide students with a solid, broad understanding of China’s reform policies, programs, and strategies since 1978. It also examines the lessons the Chinese reformers and people learned from the 40-year reform experience as well as the challenges facing the Chinese economy and society in the future. Reading materials include both authoritative and new works on China’s politics, institutions, and economic development at various stages of the reform period. Students have opportunities to apply basic economic theories to the empirical analysis of China’s economic transitions and sociopolitical change."
credit,p01293,Part 10: Majors and Courses,Course Descriptions,Prerequisite(s): ECON 101,357,Curriculum & Degree Requirements,POLECON 490 Senior Seminar: Advanced Topics (4 credits) This seminar is a core component of the interdisciplinary major in Political Economy. Students will apply to interdisciplinary topics the knowledge and methods of analysis that they have gained in different disciplines. Students will re-connect with the broader community of faculty and students in their major and further develop their capacities to translate between their areas of expertise and the larger questions and issues that apply across a variety of disciplines. The seminar will foster the ability to see their disciplinary knowledge from a wider perspective and to apply it flexibly. Specific topics will vary.
credit,p01294,Part 10: Majors and Courses,Course Descriptions,POLSCI 20 American Government and Politics (4 credits),358,Academic Procedures — Topic 2,Credit for Advanced Placement on the basis of the College Board examination in American government and politics
credit,p01295,Part 10: Majors and Courses,Course Descriptions,POLSCI 21 Comparative Government and Politics (4 credits),358,Curriculum & Degree Requirements,"Credit for Advanced Placement on the basis of the College Board examination in comparative government and politics POLSCI 101 International Politics (4 credits) The theory and practice of international politics and foreign policy; analysis of the various elements of national power and its impact on differing world views and foreign policy behavior, the instruments of foreign policy, and the controls of state/nation behavior across different historical periods and from different national and analytical perspectives. POLSCI 102 Social Choice and Democracy (4 credits) The central theme of this course is to examine the liberal conception of democracy as the aggregation of individual preferences."
credit,p01297,Part 10: Majors and Courses,Course Descriptions,POLSCI 21 Comparative Government and Politics (4 credits),358,Curriculum & Degree Requirements,"Social choice theory will be used as our theoretical framework for the analysis of combining individual opinions, preferences, interests, or welfares to reach a collective decision. POLSCI 103 American Ideas and the Idea of America (4 credits) What is the story of the United States? What fundamental ideas of America have been formed as a nation and as an empire? Are there connections we can draw between the US today and its past? What relevance does the US have in China historically and in the present day? What place does the US have in the Chinese imagination?"
credit,p01299,Part 10: Majors and Courses,Course Descriptions,POLSCI 21 Comparative Government and Politics (4 credits),359,Curriculum & Degree Requirements,"POLSCI 105 Contemporary Political Ideologies (2 credits) The goal of this course is to understand the fundamental alternative political ideologies or theories that have shaped our world and to consider which political theories may shape our world in the future. To accomplish this goal we will 1) Investigate the theories at the foundation of liberal democracy, capitalism, Marxism, fascism, and anti-liberal Islam; 2) Consider how each of these theories addresses such fundamental human questions as: What is the best form of government? What is the nature of human beings? 3) Study through close textual analysis the principal arguments both for and against each of these theories."
credit,p01300,Part 10: Majors and Courses,Course Descriptions,POLSCI 21 Comparative Government and Politics (4 credits),359,Curriculum & Degree Requirements,"POLSCI 106 Political Rhetoric, Crisis, and Leadership (2 credits) This course engages in a series of case studies to evaluate the requirements of political rhetoric, especially during times of crisis. Examples are drawn from ancient Greek and Roman history, the American founding, and the U.S. Civil War. Students will be able to identify how political leaders in various contexts use common logical and rhetorical constructions to negotiate political uncertainty and danger. POLSCI 201 Political Institutions and Processes (4 credits) The purpose of this course is to examine and understand issues related to political institutions and processes."
credit,p01301,Part 10: Majors and Courses,Course Descriptions,POLSCI 21 Comparative Government and Politics (4 credits),359,Curriculum & Degree Requirements,"The main topics that will be examined over the course of the term include the central themes, theories, concepts, and questions of the contemporary study how policy-making processes vary across different institutional arrangements. POLSCI 202 U.S. Citizenship: History, Meaning and Conflict (4 credits) What does it mean to be and to become an American citizen? What combination of political principles, cultural identity, and historical experience does and should constitute U.S. citizenship? This course explores the meaning of citizenship and nationhood in different historical contexts, amidst competing constitutional interpretations, and at the center of contemporary policy debates."
credit,p01302,Part 10: Majors and Courses,Course Descriptions,POLSCI 21 Comparative Government and Politics (4 credits),359,Curriculum & Degree Requirements,"POLSCI 203 Civil Rights and Civil Liberties (4 credits) This course examines the meaning rights and liberties in the American and global context. It considers competing justifications as well as specific legal and policy debates ranging from freedom of speech and the press, religion, sexuality, abortion, and discrimination. POLSCI 204 The U.S. Constitution and its Critics (4 credits) The U.S. Constitution is the foundation of the American legal and political system. It is the oldest national constitution still in effect, and it has influenced many subsequent constitutions around the world."
credit,p01305,Part 10: Majors and Courses,Course Descriptions,POLSCI 21 Comparative Government and Politics (4 credits),360,Curriculum & Degree Requirements,"POLSCI 207 Democratic Institutions in America (4 credits) From the framing of the Constitution to the present day, the US has had unique political institutions and political culture, which have long arrested the minds of political theorists, philosophers, writers and academics. Drawing on multiple disciplines, such as sociology, history, philosophy, and literature, this course will explore America’s democratic political structures as well as the various institutions that live alongside them. Students will examine the US Constitution and political system. They will look at the relation of the US political system to American culture, to race, to education, to capitalism, and to empire."
credit,p01306,Part 10: Majors and Courses,Course Descriptions,POLSCI 21 Comparative Government and Politics (4 credits),360,Curriculum & Degree Requirements,"POLSCI 208 Political and Social Inequality (4 credits) How do different groups with different levels of political power shape political outcomes? How do gender, racial, environmental, and social inequalities express themselves through the political system? What is a ‘fair’ level of inequality? How do different institutional designs shape and channel inequality? This class introduces students to readings, arguments, and concepts that begin to explore the answers to these questions."
credit,p01307,Part 10: Majors and Courses,Course Descriptions,POLSCI 21 Comparative Government and Politics (4 credits),360,Curriculum & Degree Requirements,"POLSCI 209 Democratic Erosion (2 credits) The course responds to the widespread media coverage and commentary suggesting that democracies around the world are backsliding into authoritarianism by treating “the threat of democratic erosion as an empirical question, rather than merely a political one”. The first week of the course focuses on definitions—democracy, democratic consolidation, democratic erosion. In each of the next six weeks, the following particular themes will be investigated: institutions, populism, the media, polarization, exclusion, and resistance. POLSCI 210 International Relations in East Asia (4 credits) This course helps students understand the interactions among states in East Asia since WW II."
credit,p01309,Part 10: Majors and Courses,Course Descriptions,POLSCI 21 Comparative Government and Politics (4 credits),361,Curriculum & Degree Requirements,"POLSCI 211 Politics and Literature (4 credits) In the past, the poet was regarded, not as an antipolitical bohemian nor as a political partisan, but rather as a wise teacher who could help us to understand the drama of human life as a whole and the drama of political life in particular. The goal of this course is to investigate the nature of politics and human nature by studying a number of masterpieces of classical literature. As we study these works, we will consider such themes as the equality of the sexes, democracy and aristocracy, science and politics, religion and politics, love and politics, and ambition and politics."
credit,p01310,Part 10: Majors and Courses,Course Descriptions,POLSCI 21 Comparative Government and Politics (4 credits),361,Curriculum & Degree Requirements,"POLSCI 212 Pathologies of Modern Society: Foundational Ideas (4 credits) This course introduces the ideas of 4 social theorists: Tocqueville, Marx, Durkheim, and Weber. Described as “the founding fathers” of modern social theory, these thinkers sought to understand modern society, and its pathologies, in order to improve human life. Their ideas – such as public opinion and democratic despotism, alienation and ideology, rationalization and disenchantment, and organic solidarity and anomie – are still used by social scientists today to analyze and frame social, economic, and political problems. POLSCI 213 Populism (2 credits) Populism is widely recognized as a threat to liberal democratic states around the world today."
credit,p01311,Part 10: Majors and Courses,Course Descriptions,POLSCI 21 Comparative Government and Politics (4 credits),361,Curriculum & Degree Requirements,"In this course, we will analyze the phenomenon of populism from three basic perspectives. First, we will read theories of what populism is and how it relates to liberal democracy. Second, we will examine what the aims and practices of different populist movements from around the world are (movements such as those in Venezuela, Brazil, Hungary, Poland, Turkey, France, and India). Third, we will investigate what the causes of populism are and how we can respond to it. POLSCI 214 Authoritarianism and the Struggle for Democracy in Latin America (4 credits) This subject explores the precarious balance between the ideal of democracy and histories of authoritarianism in Latin America."
credit,p01313,Part 10: Majors and Courses,Course Descriptions,POLSCI 21 Comparative Government and Politics (4 credits),361,Curriculum & Degree Requirements,"POLSCI 216 War and Peace: Foundations of the International Political Order (2 credits) Most nations claim to seek peace, yet war is a recurrent feature of international politics. This course examines the reasons why this is the case. Is war an inevitable result of the clashing interests of states, or is it a regrettable consequence of their failure to correctly assess those interests? We will"
credit,p01314,Part 10: Majors and Courses,Course Descriptions,POLSCI 21 Comparative Government and Politics (4 credits),362,Curriculum & Degree Requirements,"study the greatest works of political philosophy and political science in order to understand the causes of war and the prospects for a more resilient peace. POLSCI 219 The U.S. Legal System: Lawyers, Judges, Lawmakers, & Bureaucrats (4 credits) In this course students will learn how the U.S. legal system actually operates: the 3 branches of government (legislators, judges, and agencies), the 3 levels of government (local, state, and federal), and the 4 main actors (judges, lawmakers, bureaucrats who regulate your daily life, and lawyers who have to deal with all the others). You will also learn about the principles of and tools for interpreting laws and regulations."
credit,p01315,Part 10: Majors and Courses,Course Descriptions,POLSCI 21 Comparative Government and Politics (4 credits),362,Majors & Courses,"Students will do practical exercises on current issues throughout the term to best develop their oral and written advocacy skills. POLSCI 221 US/China Relations (4 credits) This course addresses the complex relationship between China and the United States including the two countries' foreign relations, trade, cultural exchanges, and images and (mis) representations of each other. The relationship between China and the United States is now, and will likely continue to be, the most important international relationship of our era."
credit,p01316,Part 10: Majors and Courses,Course Descriptions,POLSCI 21 Comparative Government and Politics (4 credits),362,Majors & Courses,"In order to understand present and future challenges and opportunities more fully, this course will examine the long and tumultuous history of US-China relations from colonial America to the present with a historical approach. The course will explore the relationship in actual time and circumstance. Paying equal attention to Chinese and American perspectives, this course will discuss the relationship’s diplomatic, economic, and military components, as well as social and cultural interactions. Previous study of international relations is helpful, but not required. POLSCI 301 Program Evaluation (4 credits) This course introduces students to the approaches used by social scientists to evaluate the implementation and impacts of public policies."
credit,p01318,Part 10: Majors and Courses,Course Descriptions,Prerequisite(s): STATS 101 and SOSC 102,362,Curriculum & Degree Requirements,"POLSCI 302 Public Opinion (4 credits) Examines nature and role of public opinion from a comparative perspective, providing a broadbased introduction to the dynamics of citizens' social and political attitudes. The goal of the course is to help students arrive at a more comprehensive understanding of forces that shape beliefs, attitudes, and opinions of the public, how those views are publicly expressed, and the influence of those opinions on policy outcomes. While the design, implementation, and analysis of public"
credit,p01320,Part 10: Majors and Courses,Course Descriptions,Prerequisite(s): None,363,Curriculum & Degree Requirements,"POLSCI 303 International Politics of East Asia (4 credits) Course explores the economic, political, and security issues in East Asia. Examines respective theoretical and historical backgrounds of the region (Japan, North Korea, South Korea, Chinese mainland, Hong Kong, Macau, Taiwan, Southeast Asia). Focuses on issues surrounding the region, including globalization, economic interdependence, nuclear proliferation, territorial disputes, and terrorism. Utilization of some international relation theory and methodological tools for more systematic analysis of these issues. Readings will be drawn from international relations theory, political science and history."
credit,p01321,Part 10: Majors and Courses,Course Descriptions,Prerequisite(s): None,363,Curriculum & Degree Requirements,"POLSCI 304 Revolutions and Foundings: A Comparative Perspective (4 credits) This course examines the Founders of the American political order and compares them with the more contemporary founders of other political traditions. This course examines the political thought and careers of key protagonists in the American Revolution and constitutional Founding (such as George Washington, Thomas Jefferson, John Adams, Alexander Hamilton, and James Madison) and revolutionaries and founders in other modern settings (such as Mohandas Gandhi, Che Guevara, Nelson Mandela, Vaclav Havel, Mao Zedong, and Lee Kwan Yew). POLSCI 305 American Capitalism in the World (4 credits) This course examines American economic history and the global reach of capitalist markets."
credit,p01322,Part 10: Majors and Courses,Course Descriptions,Prerequisite(s): None,363,Curriculum & Degree Requirements,"It explores patterns of commerce, the development of the regulatory state, business cycles and crises, the nature of the corporation and the changing of labor markets and the meaning of work. The course considers crises, contradictions, and competitive virtues and drawbacks associated with the modern American economy and highlights key trade-offs and lessons for democratic institutions, business, and culture. POLSCI 307 Political Economy of Institutions (4 credits) Without paying attention to institutions, one cannot understand why some societies are wealthy and others poor; why some are innovative and others un-creative; or why some are politically stable and others in perpetual turmoil."
credit,p01324,Part 10: Majors and Courses,Course Descriptions,Prerequisite(s): None,364,Curriculum & Degree Requirements,"credible commitment, redistribution, the provision of collective goods, coordination, protection of expectations, generation of common knowledge, governance, rent seeking, and the reduction of transaction costs. POLSCI 308 Global Governance (4 credits) This course provides an overview of the evolving architecture, processes and variable outcomes of global governance. Governance, at whatever level of social organization it occurs, refers to the systems of authoritative rules, norms, institutions, and practices by means of which any collectivity, from the local to the global, manages its common affairs. Global governance is generally defined as an instance of governance in the absence of government."
credit,p01326,Part 10: Majors and Courses,Course Descriptions,Prerequisite(s): None,364,Curriculum & Degree Requirements,"POLSCI 310 America in the World (4 credits) This course examines the place of America in the wider world and the nature of American regional and global engagement. I t explores how Americans have viewed and defined themselves in relation to numerous other nations and peoples examines the relation between ideology, politics, culture, and foreign policy. POLSCI 311 The Political and Social Thought of Hannah Arendt (4 credits) Hannah Arendt is one of the most important 20th century western political thinker. Although her work covered a wide range of subjects, her foremost concern was politics and society."
credit,p01328,Part 10: Majors and Courses,Course Descriptions,Prerequisite(s): None,364,Curriculum & Degree Requirements,"POLSCI 312 Islamic Political Thought (4 credits) This course aims to introduce students to the Islamic tradition of political thought through the careful study of selected foundational political texts of Islamic civilization. Students will be exposed to the great variety of thinking about politics that has taken place in the Islamic world through close readings and in-depth discussions of specific primary texts, including the Qur’an, the writings of Muslim philosophers, theologians, historians, and literary writers in the Middle Ages. Students"
credit,p01329,Part 10: Majors and Courses,Course Descriptions,Prerequisite(s): None,365,Curriculum & Degree Requirements,"will be introduced to such fundamental themes as: politics and religion, the individual and the political order, wisdom and political rule, power and conquest, tradition and modernity. By establishing familiarity with the intellectual background of Muslim societies, this course fosters students’ abilities to navigate an increasingly globalized world and to engage with actors from industry, government, and civil society with culturally and religiously diverse backgrounds. POLSCI 313 Political Psychology (4 credits) Are political ideologies ingrained in our DNA? Why do neurological and physiological processes define our political preferences? Why do we get angry when discussing politics? Can we estimate the causal effect of cultures on individual political behavior?"
credit,p01331,Part 10: Majors and Courses,Course Descriptions,Prerequisite(s): STATS 101 or Consent of the Instructor,365,Curriculum & Degree Requirements,"POLSCI 314 Refugees and the Biopolitics of Citizenship (4 credits) The refugee is caught between national and international political logics. Each country applies its own calculus for deciding which asylum seekers should be granted the status of refugee, and how refugees should be accommodated or denied access to public goods, rights and residency. This course examines the politics of national responses to record numbers of people seeking asylum, including bureaucracies of (in)validation, xenophobia, the construction of walls and detention centers, international accords, multicultural solidarity, and novel categories of citizenship."
credit,p01332,Part 10: Majors and Courses,Course Descriptions,Prerequisite(s): STATS 101 or Consent of the Instructor,365,Curriculum & Degree Requirements,"Contemporary responses to refugees reveal the interconnectedness of political and structural violence, the limits of humanitarianism and hope for new forms of international cooperation. POLSCI 315 American Politics in Comparative Perspective (4 credits) This course examines the key actors, institutions, and processes in American politics from an explicitly comparative and rational choice perspective. Topics covered include federalism and the states, the constitution and its interpretation, Congress and its committees, the presidency and bureaucracy, the court system, and voting and elections. For each, America is compared with other advanced industrial democracies, newer democracies, and authoritarian regimes. These comparisons generate insights into what makes America alternately typical and atypical, successful and unsuccessful."
credit,p01334,Part 10: Majors and Courses,Course Descriptions,Courses with Course Subject: Psychology (PSYCH),366,Majors & Courses — Topic 3,"PSYCH 101 Introductory Psychology (4 credits) Broad survey of the field of modern psychology. The main goal of this course is to provide students with an introduction to the important topics, theories, research, and applications in psychology. PSYCH 102 Cognitive Psychology (4 credits) Overview of cognitive processes including pattern recognition, concept formation, attention, memory, imagery, mental representation, language, problem solving, and modes of thinking. The basic approach is both empirical (using data collection and analysis) and theoretical (building models using inductive/deductive reasoning). Application of basic laboratory results to cognition in everyday life."
credit,p01335,Part 10: Majors and Courses,Course Descriptions,Prerequisite(s): PSYCH 101,366,Majors & Courses — Topic 3,"PSYCH 103 Developmental Psychology (4 credits) Overview of the cognitive, social, and emotional changes that occur throughout the lifespan, with emphasis on the period from infancy to adolescence. Examines both the empirical evidence and the theoretical models used in understanding human psychological development."
credit,p01336,Part 10: Majors and Courses,Course Descriptions,Prerequisite(s): PSYCH 101,366,Curriculum & Degree Requirements,"PSYCH 104 Social Psychology (4 credits) Effects of social interaction and social processes on a wide range of individual attitudes and behaviors (for example, conformity, leadership, prejudice, aggression, altruism). Emphasis on the logic, reasoning, research designs, and methods by which knowledge is generated."
credit,p01337,Part 10: Majors and Courses,Course Descriptions,Prerequisite(s): PSYCH 101,366,Majors & Courses — Topic 3,"PSYCH 105 Abnormal Psychology (4 credits) This course provides a broad overview of abnormal psychology. Areas of focus include: Reviewing different theoretical perspectives for conceptualizing abnormal behavior; Approaches to the diagnosis and assessment of psychopathology; Major classes of psychopathology including how they are defined and treated; Current research, methods, and theories in the field of abnormal psychology."
credit,p01338,Part 10: Majors and Courses,Course Descriptions,Prerequisite(s): PSYCH 101,367,Academic Procedures,"PSYCH 110 Mindfulness, Stress, and Health: Eastern and Western Perspectives (2 credits) Mindfulness-based therapies are based in Eastern and Western philosophies, theories, and research. They have been shown to be significantly helpful for stress-related problems, mental health problems, and medical disorders. Mindfulness-based therapies are also revolutionizing the way that psychologists think about and treat human suffering. In this course, we will explore the theories, techniques, and research on mindfulness-based therapies from Eastern and Western traditions. A combination of lecturing, class discussion, and experiential exercises will be used to help students gain a well-developed understanding of this important area of psychological research and practice."
credit,p01339,Part 10: Majors and Courses,Course Descriptions,Prerequisite(s): PSYCH 101,367,Curriculum & Degree Requirements,"Students will also acquire basic skills in how to use mindfulness-based techniques to reduce stress and distress. PSYCH 313 Political Psychology (4 credits) Are political ideologies ingrained in our DNA? Why do neurological and physiological processes define our political preferences? Why do we get angry when discussing politics? Can we estimate the causal effect of cultures on individual political behavior? This course introduces you to advanced research topics in political psychology---a discipline that applies rigorous psychological and statistical methods to the analysis of political behavior. First, we will examine the genetic and environmental origins of political beliefs. Second, we will learn how our brain processes political information."
credit,p01341,Part 10: Majors and Courses,Course Descriptions,Courses with Course Subject: Public Policy (PUBPOL),368,Curriculum & Degree Requirements,"PUBPOL 101 Introduction to Policy Analysis (4 credits) Governments constantly face questions such as: How do we address deforestation? How can we slow down climate change? How can we make food safer? This course teaches a systematic way of dealing with these questions, namely policy analysis. This technique enables students to identify, examine, and evaluate options to implement policy goals. Readings will be a combination of theory and case studies from around the world. PUBPOL 102 Introduction to the United States Health Care System (4 credits) Overview of the key health policy issues in the United States."
credit,p01343,Part 10: Majors and Courses,Course Descriptions,Courses with Course Subject: Public Policy (PUBPOL),368,Majors & Courses,"PUBPOL 106 Urbanizing China: Spatial and Social Dynamics in Chinese Cities (2 credits) This course investigates the dramatic urban transformation that has taken place in the past 30 years in China. The scale and speed of this transformation means that it has far-reaching consequences for China, Asia, and the world, influencing everything from poverty alleviation to food security. Understanding why and how China has urbanized --- and how China poises to urbanize in the next three decades --- is therefore of critical importance. This course covers various topics related to China’s urbanization, including rural-to-urban migration, urban inequality, real estate development and land market, as well as urban governance."
credit,p01344,Part 10: Majors and Courses,Course Descriptions,Courses with Course Subject: Public Policy (PUBPOL),368,Majors & Courses,"Students will learn how to develop annotated bibliography and write a well-reasoned essay about one or more topics related to China’s urbanization. PUBPOL 110 Introduction to Human Rights (4 credits) This course introduces students to the field of human rights. The course has two primary purposes: to define and explore the key terms, concepts, foundations and theories of human rights; and examine alternative or competing definitions of rights using a case-based approach. PUBPOL 120 Globalization and Corporate Citizenship (4 credits) This course will critically examine the origins and diffusion of increasingly prevalent notions of corporate citizenship and corporate social responsibility from an anthropological perspective."
credit,p01345,Part 10: Majors and Courses,Course Descriptions,Courses with Course Subject: Public Policy (PUBPOL),369,Curriculum & Degree Requirements,"PUBPOL 201 Climate Change Law and Policy (4 credits) Climate Change is one of the major challenges facing humanity in the 21st century. Climate Change has been described as a “super wicked problem”, which stems from the greenhouse gases emissions produced by virtually all human activities, has no simple solution and yet requires urgent and drastic action to be taken at the global level."
credit,p01346,Part 10: Majors and Courses,Course Descriptions,Courses with Course Subject: Public Policy (PUBPOL),369,Curriculum & Degree Requirements,"In this course, we will examine the range of legal and policy responses to this “wicked problem” which have been proposed by experts, as well as those which have been concretely applied at the international level and different jurisdictions, especially in the United States, the EU, and China, three major emitters of greenhouse gases. We will look at various studies put forward by academics and think tanks, informed newspaper articles, as well as policy documents and law. PUBPOL 202 Global Disasters: Science and Policy (4 credits) In this interdisciplinary course, students will examine the multifaceted aspects of ""global"" disasters."
credit,p01348,Part 10: Majors and Courses,Course Descriptions,Courses with Course Subject: Public Policy (PUBPOL),369,Curriculum & Degree Requirements,"Students will attend the lecture and labs components of the course and complete on-line quizzes to demonstrate understanding of the material presented. Additionally, they will prepare one research paper on a relevant topic, the results of which will be presented to the class. PUBPOL 209 The Politics of Environmental Crises (2 credits) This course helps students understand what happens during and after a disaster in terms of politics and policy. It is structured around five themes: crisis detection; decision-making and coordination; crisis communication; accountability; and learning and policy change."
credit,p01349,Part 10: Majors and Courses,Course Descriptions,Courses with Course Subject: Public Policy (PUBPOL),369,Curriculum & Degree Requirements,"During the course, we will apply each of these themes to case studies of environmental crises, for example oil spills and chemical leaks. Readings will be a combination of theory and case studies from around the world. PUBPOL 210 Development and Africa (4 credits) Addresses the vexed issue of economic development in Africa - its many failures, its occasional successes - from the early colonial period to the present. PUBPOL 211 Globalization and Public Policy (4 credits) How the various aspects of globalization affect, and are affected by public policy at the international, national and local levels. Development of an analytic framework for thinking about globalization"
credit,p01350,Part 10: Majors and Courses,Course Descriptions,Courses with Course Subject: Public Policy (PUBPOL),370,Majors & Courses,"and its core concepts, major institutions and political dynamics; survey of a range of major policy areas affected by globalization; focus on a policy area of particular interest. PUBPOL 212 Immigrant Dreams, U.S. Realities: Immigration Policy History (4 credits) Immigrants and immigration policy in the United States from 1850 to the present, with focus on origins and power of immigrant exclusion during three waves of migration: Northern European and Asian migrations between 1850 and 1880, Eastern European, Latin American, and Asian migrations, 1880-1920, and Latin American, African, and Asian migrations, post 1965. Immigrant roles in shaping policy debates, citizenship rights, labor movements, and American culture, past and present."
credit,p01351,Part 10: Majors and Courses,Course Descriptions,Courses with Course Subject: Public Policy (PUBPOL),370,Curriculum & Degree Requirements,"PUBPOL 213 Authoritarian Regimes (4 credits) Examine the variety of ways in which authoritarian regimes operate. Study the emergence and persistence of authoritarian regimes, the institutions they adopt, leadership change, government/opposition relations, their potential for democratic transition as well as the theories that explain these outcomes. PUBPOL 214 Globalization and History (4 credits) Examination of globalization issues in a historical perspective. Reviews phenomena, institutions, e.g. empires, states, religion, corporation, and international agencies, and policies which enabled exchange of commodities, people, and cultures. Explores empirical evidence on growth and development for different world regions and historians' and social scientists' interpretations."
credit,p01352,Part 10: Majors and Courses,Course Descriptions,Courses with Course Subject: Public Policy (PUBPOL),370,Curriculum & Degree Requirements,"PUBPOL 215 Law, Ethics and Responsibility (4 credits) Examines the intersection of law and neuroscience, including the use of neuroimaging to determine if a witness is telling the truth; the implications of neuroscience for determining the mental competency of defendants, the insanity defense, the imposition of punishment on defendants. Considers the extent to which recent advances in brain science cause us to reevaluate fundamental legal concepts of ""intent,"" ""insanity,"" and responsibility; the ways in which neuroscience may be applied to these and related issues; and the inherent limitations and incongruities of applying brain science to legal questions."
credit,p01353,Part 10: Majors and Courses,Course Descriptions,Courses with Course Subject: Public Policy (PUBPOL),370,Curriculum & Degree Requirements,"PUBPOL 216 Civic Participation and Public Policy (4 credits) Overview of patterns in Americans' engagement in and disengagement from civic life. Theories of why people do (and do not) participate. Differences across lines of gender, race, ideology, generation, and class. Role of American interest groups and social movements in policy change. Influence of public policies (e.g., federal tax laws, participation requirements, programs such as AmeriCorps) on civic and political participation. Implications for equality, voice, and the health of American democracy."
credit,p01354,Part 10: Majors and Courses,Course Descriptions,Courses with Course Subject: Public Policy (PUBPOL),371,Academic Procedures,"PUBPOL 217 Enterprising Leadership (4 credits) The central goal of this course is to provide students with analytical competence, enterprising leadership identity, and personal agency important to exercising leadership in organizations, in communities, and in life. The course explores the many facets of leadership and leadership development including the processes by which people affect change in a variety of roles and situations. Leadership within a framework of ethics, values, and innovative action are emphasized as a basis for contributing to the process of making good things happen without reliance on formal authority."
credit,p01355,Part 10: Majors and Courses,Course Descriptions,Courses with Course Subject: Public Policy (PUBPOL),371,Curriculum & Degree Requirements,"PUBPOL 218 Ethics in an Unjust World (4 credits) The course considers the question, ""How can we fix poverty?"" It begins by exploring the nature of poverty through a variety of descriptive metaphors (for example, poverty as a ""trap"" or a ""disease""). It then considers the word ""we,"" and in doing so introduces several basic understandings of ethics (deontology, utilitarianism, virtue ethics, etc.) Finally it considers the word ""fix"" and offers three models for responding to poverty: working for, working with, and being with. PUBPOL 219 The U.S. Legal System: Lawyers, Judges, Lawmakers, & Bureaucrats (4 credits) In this course students will learn how the U.S."
credit,p01356,Part 10: Majors and Courses,Course Descriptions,Courses with Course Subject: Public Policy (PUBPOL),371,Curriculum & Degree Requirements,"legal system actually operates: the 3 branches of government (legislators, judges, and agencies), the 3 levels of government (local, state, and federal), and the 4 main actors (judges, lawmakers, bureaucrats who regulate your daily life, and lawyers who have to deal with all the others). You will also learn about the principles of and tools for interpreting laws and regulations. Students will do practical exercises on current issues throughout the term to best develop their oral and written advocacy skills. PUBPOL 220 Introduction to Regulatory Governance (4 credits) The course will help you to understand the nature of regulatory governance in complex social environments."
credit,p01357,Part 10: Majors and Courses,Course Descriptions,Courses with Course Subject: Public Policy (PUBPOL),371,Curriculum & Degree Requirements,"We will explore the reasons why governments and others use regulation as a tool to achieve policy goals, and how regulation is implemented and enforced in daily practice. Building on the work of leading regulatory governance scholars, we will explore how their theoretical insights could be applied in practical settings. Throughout the course, we will essentially ask: what can regulatory governance accomplish and what is beyond its reach? PUBPOL 301 Political Analysis for Public Policy-Making (4 credits) How and why do policies come about? What is the role of media, non-governmental organizations, and politicians? Why do some issues attract the attention of policymakers while others do not?"
credit,p01360,Part 10: Majors and Courses,Course Descriptions,Prerequisite(s): PUBPOL 101 or POLSCI 201,372,Curriculum & Degree Requirements,"PUBPOL 303 Policy Choice as Value Conflict (4 credits) Public policy should be informed by evidence and facts, but it cannot be determined by them. People disagree about public policy not only because they disagree about empirical matters but also because they hold different understandings of familiar political concepts and they assign different weightings to competing political values. This course aims both to illustrate these general propositions and, more importantly, to introduce the tools and techniques with which one can construct and critique reasoned arguments about the political concepts and values that underpin policy choice."
credit,p01362,Part 10: Majors and Courses,Course Descriptions,Prerequisite(s): PUBPOL 101,372,Curriculum & Degree Requirements,"PUBPOL 304 Microeconomic Policy Tools (4 credits) Development and application of analytical economic tools in a policy environment. Emphasis on application of economic methods in a variety of policy settings and developing testable hypotheses that might be used to guide economic policy. Analytical topics include willingness to pay, derived demand, multi-market interactions, comparative advantage, investment analysis, and decision making under uncertainty. Applications include tax analysis, including incidence, effective protection, shadow pricing, introduction to government expenditures, labor market policy, examples of regulation and pricing externalities."
credit,p01363,Part 10: Majors and Courses,Course Descriptions,Prerequisite(s): PUBPOL 101. Anti-requisite: ECON 201,372,Curriculum & Degree Requirements,"PUBPOL 305 - War and Public Health in Africa (4 credits) An inquiry into the nature of contemporary war in sub-Saharan Africa and its human cost. Uses public health as a parameter to assess the impact of organized collective violence on people’s lives. Link between war and public health established and measured with respect to civilian deaths, gender based violence, physical and psychological trauma, mental disorders, malnutrition and famine, and the spread of epidemic diseases, inter alia HIV/AIDS."
credit,p01364,Part 10: Majors and Courses,Course Descriptions,Prerequisite(s): PUBPOL 101. Anti-requisite: ECON 201,372,Curriculum & Degree Requirements,"Special attention is given to rape as “a weapon of war”, to the trafficking of human beings in war zones, the child soldier phenomenon, and to death counts as a vector of humanitarian or political advocacy. PUBPOL 306 International Development and Poverty (4 credits) What factors account for the persistence of poverty in some countries? Is it always going to be the same way – i.e., will poor people remain poor within the foreseeable future – or can something be"
credit,p01367,Part 10: Majors and Courses,Course Descriptions,Prerequisite(s): GLHLTH 101,373,Curriculum & Degree Requirements,"PUBPOL 307 Market Power and Public Policy (4 credits) The purpose of antitrust laws is to control how firms attain and maintain their market position, presumably for the betterment of consumers, or at least for the benefit of society. Using a rigorous set of tools from microeconomic and game theory, this class will investigate the underpinnings of policies meant to deal with market power broadly defined, such as antitrust laws, the regulation of public utilities, the regulation of financial markets, and anti-dumping rules."
credit,p01368,Part 10: Majors and Courses,Course Descriptions,Prerequisite(s): ECON 202,373,Curriculum & Degree Requirements,"PUBPOL 308 Managing the Oceans to Solve Global Problems (4 credits) This course highlights the importance of the oceans in addressing central development and environmental problems facing the world, including poverty, hunger, access to energy, climate change, and biodiversity loss. The fundamental role the oceans could play in helping to solve these problems depends on public policies created to manage them. The course will expose students to the important laws and policies that make the resources and services provided by the ocean resilient and sustainable, and explore challenges of protecting corals, regulating fishing and pollution, and helping climate refugees."
credit,p01369,Part 10: Majors and Courses,Course Descriptions,Prerequisite(s): ECON 202,373,Curriculum & Degree Requirements,"PUBPOL 310 Family Rights and Human Rights (4 credits) Explores relationship between state, family formation, and individuals. Surveys regulation of sexuality, reproduction, adoption, immigration, and incarceration with focus mainly on U.S. and past 200 years. PUBPOL 311 Economic and Political History of the European Union (4 credits) The idea in the wake of WW II of a common Europe is still a long way from fulfilling its intended goals, with numerous challenges remaining. This multi-disciplinary course deciphers the complexities of the EU, predicts its future given its demographic, social and economic makeup, and analyzes the EU’s institutions and the way they function."
credit,p01371,Part 10: Majors and Courses,Course Descriptions,Prerequisite(s): ECON 202,374,Curriculum & Degree Requirements,"to today’s twenty-seven, the course addresses the question of the future of the EU, which in spite of multiple differences, has created a unique political and economic model. PUBPOL 312 News as Moral Battleground (4 credits) Ethical inquiry into journalism and its effect on public discourse. Issues include accuracy, transparency, conflicts of interest and fairness. Topics include coverage of national security, government secrecy, plagiarism/fabrication, and trade-offs of anonymous sourcing. PUBPOL 315 Economics of the Public Sector (4 credits) Applies tools of intermediate micro economics to the public sector. Develops economic justifications for government intervention into the economy and examines and evaluates various government policies and programs."
credit,p01373,Part 10: Majors and Courses,Course Descriptions,Prerequisite(s): ECON 201 or PUBPOL 304,374,Curriculum & Degree Requirements,"PUBPOL 316 The Modern Regulatory State (4 credits) Much of the policymaking that structures our world emerges not from Congress or the courts, but from regulatory institutions. This course outlines the historical origins and evolution of modern regulatory institutions, focusing on the Western European and North American experience, from the nineteenth century to the present. For our purposes, “regulatory institutions” include not only public agencies, commissions, bureaus, and boards, but many quasi-public and private entities as well. As this course will reveal, these varied institutions have complex relationships with the businesses, organizations, and individuals whom they hope to regulate, as well as with legislatures, presidential administrations, and the courts."
credit,p01374,Part 10: Majors and Courses,Course Descriptions,Prerequisite(s): ECON 201 or PUBPOL 304,374,Curriculum & Degree Requirements,"Course readings and discussions will incorporate a wide range of disciplinary perspectives, and include a discussion of the recent “revolt” against regulation. PUBPOL 317 Plastic Planet: Pollution and Solutions (4 credits) Plastic is ubiquitous in our modern lives, but its proliferation is increasingly questioned because of its adverse environmental impacts. This course examines plastic pollution from a politics and policy perspective. It does so by following the life cycle of plastics, from mining resources, refinement and manufacturing to using plastic in our daily lives to disposal. Throughout the life cycle, we will consider policy tools for dealing with the identified issues."
credit,p01377,Part 10: Majors and Courses,Course Descriptions,Prerequisite(s): PUBPOL 101 or Consent of the Instructor,375,Curriculum & Degree Requirements,"PUBPOL 410 Counterterrorism Law and Policy (4 credits) This course explores the novel legal and policy issues resulting from the United States' response to 9/11 attacks and the threat posed by modern terrorist organizations. Topics include preventative/preventive war; detention, interrogation, and prosecution of suspect terrorists; domestic surveillance; and government secrecy and public access to information."
credit,p01379,Part 10: Majors and Courses,Course Descriptions,Courses with Course Subject: Religious Studies (RELIG),377,Majors & Courses,"RELIG 101 Comparative Religious Studies (4 credits) Who are you? What might you become? What is the world and does the world have a purpose? Questions like these lie at the heart of religious traditions around the world, and have inspired and frightened humans since the very beginning of our history. In this course, we will explore some of these traditions by going on a vision quest, a journey for insight. We will encounter ghosts, people who can fly, charismatic healers, and many more weird things. This is a course that might change your life. Welcome to the study of religion."
credit,p01380,Part 10: Majors and Courses,Course Descriptions,Courses with Course Subject: Religious Studies (RELIG),377,Curriculum & Degree Requirements,"RELIG 102 Prophets and Priests (4 credits) This course studies the relationships among charismatic authority, priestly tradition, religious institutions, and state power. It uses as a case study the historical context of Palestine in the first century CE and examines the social and political context for the emergence of the Christian movement inspired by the teaching of Jesus of Nazareth. Topics include the nature of authority, religious resistance to state power, the concept of divine law, and popular sects. Other religious contexts may also be included in order to offer a comparative perspective."
credit,p01381,Part 10: Majors and Courses,Course Descriptions,Courses with Course Subject: Religious Studies (RELIG),377,Academic Procedures,"RELIG 103 Law and Revelation (4 credits) This course focuses on the concept of religious law, the traditions of jurisprudence that emerge in religious societies, and their relationship to the modern nation state. It introduces students to the Islamic concepts of Qur’an, Sharia, and Fiqh (jurisprudence) with a view to understanding how divine laws function in human societies. Topics include concepts of divine revelation, sacred texts, law codes, legal institutions and modern forms of fundamentalism. Other religious traditions may also be included by way of comparison. RELIG 104 Myth and Nation (4 credits) This course studies the role of religion in establishing the founding mythology of peoples and nations."
credit,p01383,Part 10: Majors and Courses,Course Descriptions,Courses with Course Subject: Religious Studies (RELIG),377,Academic Procedures,"RELIG 105 Gods and People (4 credits) This course introduces the Hindu concepts of darsan (vision of the gods) and dharma (path) so as to explore how religious visions, as represented in art, architecture and mythology, engage the"
credit,p01384,Part 10: Majors and Courses,Course Descriptions,Courses with Course Subject: Religious Studies (RELIG),378,Academic Procedures,"social and material reality of religious practitioners’ daily lives. In so doing it exposes the cultural power of religious frameworks to structure normative hierarchies of gender, class and race. Students gain a functional understanding of religious cultures that may be applied to other traditions and contexts by way of comparison. RELIG 106 Religion and Leadership (4 credits) Different religions have portrayed leaders in different ways, through stories, exemplars and which attributes of leaders and followers are emphasized or downplayed."
credit,p01386,Part 10: Majors and Courses,Course Descriptions,Courses with Course Subject: Religious Studies (RELIG),378,Academic Procedures,Also considered will be whether these portrayals make specific religious lenses more or less amenable to leadership development in different contexts (for example where innovation is important or where coleadership is essential). RELIG 107 Readings in Religious Literature (2 credits) This course introduces students to a variety of religious literature and sacred texts from across the world. Students learn how to read and interpret these texts and in this way come to reflect on the nature of religion and its function in human societies.
credit,p01387,Part 10: Majors and Courses,Course Descriptions,Courses with Course Subject: Religious Studies (RELIG),378,Majors & Courses,"In addition discussing fundamental theological questions about the nature of existence, the course will also examine the practical ways in which religions shape the embodied lives of religious practitioners across the world. RELIG 201 Confucianism, Daoism and Buddhism (4 credits) It is often said that there are three teachings that have defined Chinese society through the ages. Confucianism, Daoism, and Buddhism are traditions that have produced some of the most profound, provoking, and funny ideas and practices in the history of humankind. In this course, we will examine these ideas and practices intellectually and experientially."
credit,p01388,Part 10: Majors and Courses,Course Descriptions,Courses with Course Subject: Religious Studies (RELIG),378,Majors & Courses,"In doing so, you will not only gain a firm knowledge of some of the most important sources of East-Asian culture, but also a new perspective on your own life. RELIG 202 Modern Buddhism (4 credits) An examination of Buddhism in Asia, Europe, and the United States from the mid-nineteenth century to the present. The course emphasizes how global exchanges resulted in the emergence of Buddhism in the United States and Europe, and the transformation of Buddhism in Asia."
credit,p01390,Part 10: Majors and Courses,Course Descriptions,Courses with Course Subject: Religious Studies (RELIG),379,Majors & Courses,"In all cases the course examines how Buddhism transformed in response to the emergence of new global contexts. RELIG 203 Judaism, Christianity, and Islam (4 credits) In contrast to the Chinese concept of the “three traditions”, Islamic tradition came to define the overlapping identity of Jewish, Christian and Islamic peoples by the concept of “the people of the book”. This course offers an introduction to the three traditions of Judaism, Christianity and Islam by focusing on the concept of the sacred text as the written revelation of God."
credit,p01391,Part 10: Majors and Courses,Course Descriptions,Courses with Course Subject: Religious Studies (RELIG),379,Majors & Courses,"Comparisons between the Jewish Torah, Christian gospels and Islamic law, and the practices of scribes, commentators, and textual scholars illuminate the similarities and also differences between the three great monotheistic traditions of the world. RELIG 204 The Problem of Evil (4 credits) This courses explores the problem of evil for Eastern and Western religious thought and discusses several attempts to confront the reality of evil, to square that with one’s worldview, and to find a way of living with that worldview. This courses examines theological, philosophical, psychological, and popular cultural conceptions and responses."
credit,p01392,Part 10: Majors and Courses,Course Descriptions,Courses with Course Subject: Religious Studies (RELIG),379,Curriculum & Degree Requirements,"RELIG 302 Religious and Philosophical Thought on the Environment (4 credits) This course explores the ways in which a variety of religious traditions across the world have shaped fundamental conceptions of humanity’s place within nature, including the kinds of environmental ethics that arise from these conceptions. The course examines the foundational texts and practices of selected world religions and considers how these texts and practices are being used by contemporary religious leaders to shape religious responses to current ecological challenges, such as environmental pollution, global climate change, and the factory farming of nonhuman animals."
credit,p01393,Part 10: Majors and Courses,Course Descriptions,Courses with Course Subject: Religious Studies (RELIG),379,Majors & Courses,"RELIG 303 The Human Condition (4 credits) Exploration of the problem of the human condition for Eastern and Western religious thought. This courses examines theological, philosophical, psychological, and popular cultural conceptions and responses. It explores how traditions of religious thought have conceptualized the basic problem of the human condition, whether as the consequences of karmic bonds, the general condition of human ignorance, or a lack of proper moral training. At the same time the course offers a framework for understanding religious movements as positing solutions to the problems they identify, whether conceptualized as salvation, liberation, perfection, or immortality."
credit,p01394,Part 10: Majors and Courses,Course Descriptions,Courses with Course Subject: Religious Studies (RELIG),380,Curriculum & Degree Requirements,"RELIG 304 Ethics in Religious Perspective (4 credits) This course examines how and why religious traditions propose ethical norms, their continued significance in the contemporary world, and recent attempts to foster a more inclusive, global approach to ethics. Whether formulated in divine laws, ritual formulas or monastic codes, religious traditions have asserted their authority and identity by specifying what they regard as the ultimate norms for human conduct. These norms were formulated in the last Axial period around 2,500 years ago and reflect the values and interests of those societies."
credit,p01396,Part 10: Majors and Courses,Course Descriptions,Courses with Course Subject: Social Science (SOSC),381,Curriculum & Degree Requirements,SOSC 101 Foundational Questions in Social Science (4 credits) People everywhere ponder and debate fundamental questions: What does it mean to be human? How is society to be ordered? What is a moral life? Our ancestors asked such questions as well: it is likely that those questions lie at the origins of humanity itself. They also provide the foundations for much of the most important research in the social sciences today. This course examines the ways in which social scientists from a diversity of disciplines approach these fundamental questions.
credit,p01397,Part 10: Majors and Courses,Course Descriptions,Courses with Course Subject: Social Science (SOSC),381,Curriculum & Degree Requirements,"Study material for the course will include foundational texts from across the social sciences, as well as cutting-edge research from the present day. This course will not attempt to answer these vast questions, or provide neat solutions for students: rather, we want to excite students about the social sciences and whet their appetites for further study. SOSC 102 Introduction to Research Methods (4 credits) This course provides students with an understanding of research designs and research methods used in the social sciences. Students will learn about the scientific method, research methods and design, measurement, and ethical issues. Topics include quantitative and qualitative approaches, as well as mixed methods."
credit,p01398,Part 10: Majors and Courses,Course Descriptions,Prerequisite(s): SOSC 101 or consent of the instructor,381,Academic Procedures,"SOSC 110 Innovation and Creativity (2 credits) The overall goal of this course is to develop and enhance the creative potential of the students and assist them to engage in innovation-driven activities through hands-on projects. The design of the course focuses on the core principles of project-based learning, creative thinking, and interdisciplinary collaboration. First, students will gain fundamental knowledge regarding the concepts and processes of creativity and innovation. Second, students will learn various tools to unlock their creativity, improve the flexibility and originality of their ideas, collaborate and contribute to a creative team."
credit,p01399,Part 10: Majors and Courses,Course Descriptions,Prerequisite(s): SOSC 101 or consent of the instructor,381,Curriculum & Degree Requirements,"And third, students will practice what they have learned via inspiring exercises and projects on both an individual and group level. SOSC 203 The Social, Political, and Economic Implications of Immigration (4 credits) The regulation of labor immigration is among the most important and controversial public policy issues in high-income countries, but these issues have implications for understanding the social, political, and economic structures of all nations. Many countries in Europe and North America, including the UK and the US, have experienced very rapid increase in labor immigration over the past 20 years. In China, immigration, return migration, and internal migration have shaped much of its development."
credit,p01401,Part 10: Majors and Courses,Course Descriptions,Prerequisite(s): SOSC 101 or consent of the instructor,382,Curriculum & Degree Requirements,"SOSC 301 Religion and Community in America (4 credits) The U.S. has been characterized as a “nation with the soul of a church.” This unpacks that statement and explores the distinctive role that religious belief and institutions have played in American life. This course examines religious figures and movements, the role religion plays in politics and public life, the cultural contours of religious popular and social movements, the racial, ethnic and gendered dimensions of religious life, and the nature of individualism and social solidarity in the U.S."
credit,p01402,Part 10: Majors and Courses,Course Descriptions,Prerequisite(s): SOSC 101 or consent of the instructor,382,Majors & Courses — Topic 3,"SOSC 311 The Future of the City (4 credits) Rapid technological change may imply that cities will dramatically change form as new technologies emerge, with important implications for urban design. Self-driving cars, the possibility of three-dimensional transportation networks, telecommuting, urban agriculture, green cities, etc. This course will explore implications of these developments for urban design in light of underlying sociological and economic forces at work. SOSC 313 Decision Making Under Uncertainty (4 credits) This course is about the techniques available to improve decision ‐ making and limit mistakes. Methods include game theory, social choice theory, statistics and econometrics and computational modeling."
credit,p01404,Part 10: Majors and Courses,Course Descriptions,"Prerequisite(s): MATH 101 or 105, and STATS 101",382,Majors & Courses — Topic 3,"SOSC 314 Computational Social Science: Tools to Collect & Analyze Human Behavior Using Data from the Internet (4 credits) This course explores the inter-disciplinary field of computational social science, drawing from sociology, computer science, and related disciplines. Students will obtain skills to automate collection of social science data from new sources (Twitter, Facebook, Google, etc.), to classify unstructured data into discrete variables and to analyze them using a combination of techniques that includes screen-scraping, natural language processing and machine learning. Complex ethical and legal issues that arise when working with these novel sources of data."
credit,p01406,Part 10: Majors and Courses,Course Descriptions,Prerequisites: MATH 101 or 105 and STATS 101; or MATH 205; or Consent of the Instructor,382,Majors & Courses — Topic 3,SOSC 320 Data in the World: Applied Social Statistics (4 credits) This course to explore how to extend statistical techniques learned in earlier classes and how to apply them to real-world problems. The course starts with the standard linear model and then
credit,p01408,Part 10: Majors and Courses,Course Descriptions,"Prerequisites: STATS 101 required, MATH 205 highly encouraged",383,Curriculum & Degree Requirements,"SOSC 333 Social and Economic Networks (4 credits) Individuals are embedded in a network of relationships used to exchange information and favors, access economic opportunities and share risk. The structure of these relationships determine the individual’s opportunities and the aggregate outcomes of social and economic systems. The course will discuss the typical properties of network structures (e.g. 6-degrees of separation, clustering, homophily and segregation), how network ties are formed and how agents interact through these ties. Students will learn about a wide range of applications, including the spread of diseases, fashions and political opinion; financial networks; networks in organizations and the labor market; online social networks, etc."
credit,p01409,Part 10: Majors and Courses,Course Descriptions,Courses with Course Subject: Sociology (SOCIOL),384,Majors & Courses,"SOCIOL 104 Love, Marriage, and Family in Comparative Perspective (4 credits) This course explores the process of family transformation in contemporary East Asia and the U.S. from a comparative perspective. It introduces different concepts, theories, and frameworks to explain the slow but noticeable family changes in East Asian societies and some distinct characteristics in the US. It will draw literature from sociology, demography, anthropology, and economics to study love, passion, marriage, cohabitation, mate selection, same-sex couples, and divorce across social contexts. SOCIOL 110 Sociological Inquiry (4 credits) This course introduces students to the world of sociology. Sociologists study social relationships, social interactions, and the influence of structural forces upon people."
credit,p01410,Part 10: Majors and Courses,Course Descriptions,Courses with Course Subject: Sociology (SOCIOL),384,Curriculum & Degree Requirements,"This course offers students a broad survey of sociology, covering a wide variety of sociological themes including the relationship between individual and society, important social institutions in the society, and various social inequalities. Students will acquire knowledge in the main sub-fields in sociology and develop valuable skills, such as critical reading and thinking. SOCIOL 111 Contemporary Social Problems (4 credits) Social problems both reflect and generate social change; this course provides a comparative analysis of the major social problems that have propelled social and cultural dynamics across historical periods, nations, and social groups by gender, race/ethnicity, and social class."
credit,p01411,Part 10: Majors and Courses,Course Descriptions,Courses with Course Subject: Sociology (SOCIOL),384,Curriculum & Degree Requirements,"The course explores the origins and implications of deviant behavior, social conflict and inequality, human progress and social change. Because studying social problems often involves specialize research methods, this course also investigates issues such as the unique inductive and deductive processes and related analysis methods that have developed in this field. SOCIOL 180 Society, the Self, and the Changing Natural World (4 credits) This course is an exploration of the changing and contrasting perceptions of social, themselves, and the natural world that people develop. It investigates how our perceptions are conditioned by the times we live in and reigning assumptions of our societies."
credit,p01412,Part 10: Majors and Courses,Course Descriptions,Courses with Course Subject: Sociology (SOCIOL),384,Academic Procedures,"The course covers a range of related topics including the exploration of perceptions of the self through the arts and the examination of conflicts between science and society. SOCIOL 202 Sociology of Culture (4 credits) The terms “culture” and “cultural” have a wide range of meanings: objects, genres, actions (especially conventional), mental representations, and even complex institutional structures are all part of culture. Many sociologists argue that culture is not its object, rather it is an approach; it is about shared meaning and permeates all of social life. This course will allow students to engage in"
credit,p01413,Part 10: Majors and Courses,Course Descriptions,Courses with Course Subject: Sociology (SOCIOL),385,Academic Procedures,"and contribute to this conversation in an effort to develop their understanding of culture and related changes in social processes over time. This course exposes students to the unique approaches the sociologists take to understanding culture and introduces them to many of the major theorists of culture. By the end of the course, students will have a basic toolkit for understanding society culturally. SOCIOL 204 Identity, Action, and Emotion (4 credits) Sociologists and social psychologists have made significant strides in recent decades using mathematical models to describe how people import cultural meanings into social interactions."
credit,p01414,Part 10: Majors and Courses,Course Descriptions,Courses with Course Subject: Sociology (SOCIOL),385,Academic Procedures,"This course explains how people maintain identities in role relationships and group interactions, and it explores a theory of how people perform normal institutional roles, respond to odd situations, and try to feel good about themselves. Students will learn to use computer simulations to model self, identity and emotional processes. They will leave the course knowing how to think scientifically about routine and unexpected parts of everyday life. SOCIOL 205 Gender, Work, and Organizations (4 credits) Research and theories on gender issues in the organization of work are central to inquiry across the social sciences and in sociology, in particular."
credit,p01416,Part 10: Majors and Courses,Course Descriptions,Courses with Course Subject: Sociology (SOCIOL),385,Curriculum & Degree Requirements,"SOCIOL 211 Social Inequality (4 credits) Variations in the structure of inequality over time and across nations shape the way people behave, the interactions they have every day, and the challenges they will face across the life course. Inequality shapes and is shaped by educational institutions, economic development, work institutions, and state welfare programs. This course explores the nature, forms, and socioeconomic bases of inequality and social stratification. It pays particular attention to age, gender, race, ethnicity, class, region, and family as dimensions of inequality. The course pays particular attention to the degree to which people are able to change positions in the social structure over time."
credit,p01417,Part 10: Majors and Courses,Course Descriptions,Courses with Course Subject: Sociology (SOCIOL),385,Majors & Courses,"SOCIOL 301 Race, Ethnicity, and Citizenship (4 credits) Race, ethnicity, and citizenship structure interactions and social change in all countries, and they also condition the forms of interaction that determine global processes and well-being. This course provides a critical framework to access origins, manifestations and evolution of race, ethnicity and citizenship. The course reviews and addresses the origins of and theoretical orientations of race, ethnicity and citizenship as constructs with social and political implications. It examines different"
credit,p01418,Part 10: Majors and Courses,Course Descriptions,Courses with Course Subject: Sociology (SOCIOL),386,Majors & Courses,"ethnographies as well as quantitative studies to pinpoint how social scientists actually examine and draws conclusions about race, ethnicity and citizenship. SOCIOL 305 Theory and Society (4 credits) This course exposes students to major classical and modern social theorists from the Enlightenment to the present. The course pays particular attention to theories seeking to follow models of the natural sciences and those seeking a more critical and interpretive understanding of modern society. Topics also include examining how sociological theory relates to other modern currents, such as conservatism, socialism, existentialism, anti-colonialism, feminism, post-modernism."
credit,p01419,Part 10: Majors and Courses,Course Descriptions,Courses with Course Subject: Sociology (SOCIOL),386,Curriculum & Degree Requirements,"SOCIOL 306 Contemporary Population Problems (4 credits) Demography is an interdisciplinary field that intersects with sociology, economics, population health, statistics, and mathematics. The population issues, such as aging, population decline, fertility, and migration, also associate with economic development and policy making in different countries. This course will review key population problems in contemporary industrialized and developing societies. The following issues can be discussed in the course: the end of population growth, population aging, mortality in developed and developing countries, migration, and urbanization. SOCIOL 311 The Political and Social Thought of Hannah Arendt (4 credits) Hannah Arendt is one of the most important 20th century western political thinker."
credit,p01421,Part 10: Majors and Courses,Course Descriptions,SPANISH 25 Advanced Intermediate Spanish (4 credits),387,Academic Procedures — Topic 2,Credit for Advanced Placement on the basis of the College Board Examination in Spanish.
credit,p01422,Part 10: Majors and Courses,Course Descriptions,STATS 20 Basic Statistics and Quantitative Literacy (4 credits),388,Majors & Courses — Topic 3,"Credit for Advanced Placement on the basis of the College Board Examination in Statistics (Score of 5). STATS 101 Introduction to Applied Statistical Methods (4 credits) This course will introduce students to common statistics used in social science research articles and the media with the goal of making them informed and critical consumers of research results reported by various sources. Students will gain understanding of the conceptual basis and purpose of different statistics, as well as the formulas for deriving them. The relationship of statistical analysis to other components of the research process will be explicated."
credit,p01424,Part 10: Majors and Courses,Course Descriptions,STATS 20 Basic Statistics and Quantitative Literacy (4 credits),388,Majors & Courses — Topic 3,"STATS 102 Introduction to Data Science (4 credits) As an introductory course in data science, this course will show students not only the big picture of data science but also the detailed essential skills of loading, cleaning, manipulating, visualizing, analyzing and interpreting data with hands on programming experience. Prerequisite(s) : None. Not open to students who have credit for COMPSCI 101. STATS 201 Introduction to Machine Learning for Social Science (4 credits) In almost every field, there is a need to draw inference from or make decisions based on data."
credit,p01427,Part 10: Majors and Courses,Course Descriptions,"Prerequisite(s): MATH 101 or 105, and STATS 101",389,Majors & Courses — Topic 3,"STATS 210 Probability, Random Variables and Stochastic Processes (4 credits) This course covers probability models, random variables with discrete and continuous distributions, independence, joint distributions, conditional distributions, expectations, functions of random variables, central limit theorem, stochastic processes, random walks, and Markov chains. Prerequisite(s): MATH 205. COMPSCI 201 or COMPSCI 101 or STATS 102 is recommended. STATS 301 Statistics (4 credits) An introduction to the concepts, theory, and application of statistical inference, including the structure of statistical problems, probability modeling, data analysis and statistical computing, and linear regression. Inference from the viewpoint of Bayesian statistics, with some discussion of sampling theory methods and comparative inference. Applications to problems in various fields."
credit,p01428,Part 10: Majors and Courses,Course Descriptions,Prerequisite(s): MATH 201 and MATH 205,389,Majors & Courses — Topic 3,"STATS 302 Principles of Machine Learning (4 credits) This course covers maximum likelihood estimation, linear discriminant analysis, logistic regression, support vector machine, decision tree, linear regression, Bayesian inference, unsupervised learning, and semi-supervised learning. Students are not allowed to take both MATH 405 and STATS 302 because of the content overlap. Students who are planning to major in Data Science should take STATS 302."
credit,p01429,Part 10: Majors and Courses,Course Descriptions,"Prerequisite(s): COMPSCI 201, STATS 210; and Pre or Co-requisite(s): MATH 304, MATH 305. Anti-requisite: MATH 405",389,Majors & Courses — Topic 3,"STATS 303 Statistical Machine Learning (4 credits) This course covers statistical inference, parametric method, sparsity, nonparametric methods, learning theory, kernel methods, computation algorithms and advanced learning topics."
credit,p01430,Part 10: Majors and Courses,Course Descriptions,Prerequisite(s): STATS 302,389,Majors & Courses — Topic 3,"STATS 304 Bayesian and Modern Statistics (4 credits) This course covers Bayesian inference, prior and posterior distributions, multi-level models, model checking and selection, and stochastic simulation by Markov Chain Monte Carlo."
credit,p01431,Part 10: Majors and Courses,Course Descriptions,Prerequisite(s): STATS 302,389,Majors & Courses — Topic 3,"STATS 305 Study Design: Design of Surveys and Causal Studies (4 credits) Investigation of study designs collecting data and their implications for statistical inference. Design and analysis of surveys of populations, including stratification, clustering, multi-stage sampling, design-based inference, considerations when analyzing convenience samples and big"
credit,p01433,Part 10: Majors and Courses,Course Descriptions,Prerequisite(s): STATS 101,390,Majors & Courses — Topic 3,"STATS 401 Data Acquisition and Visualization (4 credits) This course introduces the principles and methodologies for data acquisition and visualization, along with tools and techniques used to clean and process data for visual analysis. It also covers the practical software tools and languages such as Tableau, OpenRefine and Python/Matlab."
credit,p01434,Part 10: Majors and Courses,Course Descriptions,Prerequisite(s): STATS 302,390,Majors & Courses — Topic 3,"STATS 402 Interdisciplinary Data Analysis (4 credits) This course covers interdisciplinary applications of data analysis for social science, behavioral modeling, health care, financial modeling, advanced manufacturing, etc. Students are expected to solve a number of practical problems by implementing data algorithms with R during their course projects."
credit,p01435,Part 10: Majors and Courses,Course Descriptions,Prerequisite(s): STATS 302,390,Majors & Courses — Topic 3,"STATS 403 Deep Learning (4 credits) This course covers neural network, deep belief network, Boltzmann machine, convolutional neural network, recurrent neural network, and deep learning applications for speech, image, video, etc."
credit,p01436,Part 10: Majors and Courses,Course Descriptions,Prerequisite(s): STATS 303,390,Majors & Courses — Topic 3,"STATS 404 Probabilistic Graphical Models (4 credits) This course covers Bayesian network, Markov random field, Gaussian graphical model, message passing, generalized linear model, expectation-maximization, factor analysis, state space model, conditional random field, variational inference, approximate inference, Dirichlet process, kernel graphical model and spectral algorithm."
credit,p01437,Part 10: Majors and Courses,Course Descriptions,Courses with Course Subject: Third Language (TLANG),391,Majors & Courses — Topic 2,"TLANG 191 – Independent Study in Third Language 1 (4 credits) This is a guided independent study course in which learners will learn basic skills in the target language. The specific goals and other aspects of the course (e.g. materials, learning methods) to be determined through discussion between the learner and instructor, but normally learners in this course will learn how to introduce themselves, manage daily interactions, and deal with daily life issues; in other words, the course will cover the amount and type of material normal for a first term language course."
credit,p01438,Part 10: Majors and Courses,Course Descriptions,Courses with Course Subject: Third Language (TLANG),391,Majors & Courses — Topic 2,"The target language must be one which faculty in the Language Learning Studio are able to speak and can provide coaching for. This course is for students whose Third Language track students, i.e. those whose English and Chinese language proficiency is such that they need no further study of these languages. TLANG 192 – Independent Study in Third Language 2 (4 credits) In this guided independent study course students will master the skills and language knowledge normally covered in a second term language course. While the specific goals and other aspects of the course (e.g."
credit,p01441,Part 10: Majors and Courses,Course Descriptions,Prerequisite(s): TLANG 191 or equivalent,391,Majors & Courses — Topic 2,"TLANG 291 – Independent Study in Third Language 3 (4 credits) In this guided independent study course students will master the skills and language knowledge normally covered in a third term language course. While the specific goals and other aspects of the course (e.g. materials, learning methods) will be determined through discussion between the learner and instructor, normally learners in this course will learn how to communicate about topics such as school life, work, travel and so forth. The target language must be one which faculty in the Language Learning Studio are able to speak and can provide coaching for. This course is for is for Third Language track students."
credit,p01442,Part 10: Majors and Courses,Course Descriptions,Prerequisite(s): TLANG 192 or equivalent,392,Majors & Courses — Topic 2,"TLANG 292 – Independent Study in Third Language 4 (4 credits) In this guided independent study course students will master the skills and language knowledge normally covered in a fourth term language course. While the specific goals and other aspects of the course (e.g. materials, learning methods) will be determined through discussion between the learner and instructor, normally learners in this course will learn how to communicate about topics such as one’s country and community, social issues, and so forth. This is a guided independent study course in which learners will learn basic oral and/or written skills for talking about topics such as school life, work, travel and so forth."
credit,p01444,Part 10: Majors and Courses,Course Descriptions,Courses with Course Subject: US Studies (USTUD),393,Majors & Courses,"USTUD 210 American Musicals (4 credits) This course examines the history of American musicals, focusing on the period from Show Boat to Sondheim with attention to poetics, aesthetics, and politics. It demonstrates how the American musical has functioned as a popular representation of key themes such as immigration, race and gender and sexual diversity. Students will learn to identify historical and cultural references, and place the evolution of the musical in its proper social and historical context, including the significance of Broadway and New York in the popular American cultural imagination."
credit,p01445,Part 10: Majors and Courses,Course Descriptions,Courses with Course Subject: US Studies (USTUD),393,Majors & Courses,"Students learn to interpret music as text and understand the relationship of musical theater to other musical forms such as blues, jazz, pop and rock. USTUD 301 The Western Across Boundaries (4 credits) This course studies the film genre that has, for better and for worse, defined what it means to be an American for Americans themselves and for the rest of the world. It places these films in the historical context of the American westward expansion, and the genocide of native Americans. It examines these films through the myths of the American pioneer, rugged individualism, heroic masculinity, and drama of the American landscape."
credit,p01449,Part 10: Majors and Courses,Course Descriptions,Courses with Course Subject: Written and Oral Communication (WOC),394,Majors & Courses — Topic 2,"WOC 104 Introduction to University Writing for International Students (2 credits) This is an introductory academic writing course designed for international students who attended high schools where English was not the medium of instruction, and have not previously studied academic writing in English. It is designed to help equip students with the academic reading & writing skills in English that they need to succeed in their DKU courses. This content-based language course is focused on the topic of language learning motivation."
credit,p01450,Part 10: Majors and Courses,Course Descriptions,Courses with Course Subject: Written and Oral Communication (WOC),394,Majors & Courses — Topic 2,"Through academic reading, writing papers, and delivering presentations which explore theories and narratives on language learning, students will become well prepared to meet the academic expectations of their DKU professors. Prerequisite(s): None. Limited to CSL track students. WOC 110 Should We Care About Endangered Languages (2 credits) This course examines the issue of endangered languages, in particular whether or not it is important to be concerned about the decreasing number of languages in the world. Through studying this issue, staking out positions, and making cases for those positions, students will build their ability to present clear and effective arguments in papers and oral presentations."
credit,p01451,Part 10: Majors and Courses,Course Descriptions,Courses with Course Subject: Written and Oral Communication (WOC),394,Academic Procedures,"WOC 190 Special Topics in Writing (2 credits) This is a theme-based writing seminar course through which students strengthen their creative or expository writing skills through exploration of a topic chosen by the instructor. This course is open to all undergraduate students. WOC 201 Academic Writing 1: Argumentation Across Disciplines (2 credits) This course aims to help students become better academic writers by exploring how the features of a persuasive argument vary across the sciences, humanities, and social sciences. The course will first explore fundamental features of argumentative writing for a general audience, including organizational structure and language."
credit,p01453,Part 10: Majors and Courses,Course Descriptions,Prerequisite(s): EAP 102B or equivalent,395,Academic Procedures,"WOC 202 Academic Writing 2: Genre & Structure Across Disciplines (2 credits) Genre & Structure Across Disciplines examines how genre knowledge can contribute to the construction of persuasive academic texts. It is a continuation of WOC201, adding genre knowledge and organizational strategies to previous discussions of the rhetorical and linguistic features of academic writing. Firstly, we explore the concepts of ‘moves’ in academic writing, including the CARS model, problem-solution, and general-specific texts. Secondly, we connect the ideas of moves to rhetoric & persuasion, exploring the concepts of literacy, discourse communities, intertextuality, and genre sets."
credit,p01454,Part 10: Majors and Courses,Course Descriptions,Prerequisite(s): EAP 102B or equivalent,395,Academic Procedures,"The final project is a collaborative guide to writing across disciplines for the WLS and the DKU community. Prerequisite(s): Must complete WOC 201 (Academic Writing 1: Argumentation Across Disciplines) with a grade of B or higher. WOC 205 Writing about Endangered Languages (4 credits) Through study of endangered languages, this course will help students improve their ability to research an issue by using library resources in multiple languages, and to write a well-grounded and persuasive course paper in which students make a case for their position on this issue; students will also improve their ability to make their case through a well-informed and persuasive oral presentation."
credit,p01455,Part 10: Majors and Courses,Course Descriptions,Prerequisite(s): EAP 102B or equivalent,395,Academic Procedures,"Last but not least, through study of this issue, students will learn more about the role of languages in today’s globalizing world. Prerequisite(s): EAP 102B or equivalent or consent of the instructor. WOC 206 Debating Scenarios for Sustainable Futures (2 credits) This course will focus on the fundamentals of argumentation, refutation, and value and impact analysis. Rather than allowing debates to end with a winner, however, students will also explore the importance of reconciliation with consensus-building tasks that generate alternative solutions by considering all stakeholder perspectives and suggesting amicable resolutions to these debates."
credit,p01456,Part 10: Majors and Courses,Course Descriptions,Prerequisite(s): EAP 101B or equivalent or consent of the instructor,395,Majors & Courses — Topic 2,"WOC 208 An Introduction to Language Teaching (2 credits) This course introduces the key components of language teaching to students who have an interest in teaching languages and who may wish to engage in language teaching assignments either during or after their DKU studies. Based on the Cambridge English Teaching Framework and using English as the main language of focus, the course is rooted in pedagogical theory focusing on practical knowledge and teaching skills that can be easily applied to the teaching of various languages (i.e. not only teaching English)."
credit,p01458,Part 10: Majors and Courses,Course Descriptions,Prerequisite(s): EAP 101B or equivalent or consent of the instructor,396,Academic Procedures,"WOC 211 Composing Research 1: Developing a Research Proposal (2 credits) WOC 211 aims at preparing students for their signature work at DKU and similar projects. This research preparedness course will engage students with writing on the research process and guide them in producing a research proposal on their chosen topics. Students will search for and evaluate relevant literature, store and manage references, frame the research question(s), and determine research approaches. Students will develop their critical thinking, problem-solving, teamwork, and communication skills during the research proposal writing process. These learning modules will help students learn how to engage in academic conversations and contribute to the existing literature."
credit,p01459,Part 10: Majors and Courses,Course Descriptions,Prerequisite(s): EAP 101B or equivalent or consent of the instructor,396,Academic Procedures,"WOC 213 From Text to World: Editing and Publishing (2 credits) In this course students will learn the fundamentals of editing while working together to produce a publication (anthology or journal/magazine issue) that showcases the talents of DKU's student writers. Students will learn how to give more effective feedback, edit for style and content, and consider texts from a potential reader's perspective, while following the journey of a written text from the writer's conception to the editors' curation and finally into print. Each student will undertake an independent writing project upon which they will practice the editing and revision skills we learn in this class."
credit,p01460,Part 10: Majors and Courses,Course Descriptions,Prerequisite(s): EAP 101B or equivalent or consent of the instructor,396,Academic Procedures,Students are encouraged to contact the instructor in advance to learn about the publication's theme for a given session and to discuss their potential independent project. WOC 290 Special Topics in Written and Oral Communication (4 credits) This is a theme-based writing seminar course that has an emphasis on cross-cultural inquiry. It provides guided practice in intellectual reading and writing of the sort expected in courses across the academy and in civic and professional life beyond the university. The specific theme of the course will vary according to instructor. This course may be repeated for credit if the course content of the two courses is different.
graduation,p00027,Part 2: A Liberal Arts Education at Duke Kunshan University,A 21st Century Curriculum,Dual Degrees,14,Student Life & Support,Duke Kunshan University students successfully completing the course of study required by Duke Kunshan University and Duke University will be conferred both a Duke Kunshan University graduation certificate and diploma officially approved by the MOE as well as a diploma from Duke University indicating that the degree has been granted in accordance with the requirements of Duke Kunshan University and Duke University (Duke University is accredited by SACSCOC). All students must fulfill the requirements for both the Duke University and the Duke Kunshan University degrees. Students will be alumni of both institutions.
graduation,p00045,Part 3: The Curriculum,Key Components,Core Components,18,Student Life & Support,"A total of 136 Duke Kunshan University credits is required for graduation with a Duke Kunshan University bachelor’s degree, 1 which is equivalent to 34 Duke University course credits (1 Duke course credit is equivalent to 4 Duke Kunshan University credits). A total of 34 Duke University course credits is required for graduation with a Duke bachelor’s degree. More details on the course credit requirement are explained below in the Degree Requirement section. 1 There are additional MOE requirements for the Chinese mainland and Hong Kong, Macau, Taiwan students to obtain a Duke Kunshan University bachelor’s degree. See section on Credits Required for Degrees."
graduation,p00070,Part 3: The Curriculum,Undergraduate Signature Work,Credits Required for Degree,24,Student Life & Support,"Duke Kunshan University adheres to the academic standards upheld by Duke University and the relevant requirements for graduation and degree awarding by the education administration authorities of China. All undergraduate students must meet the requirements of both Duke University and Duke Kunshan University before they can graduate and be awarded a graduation certificate and a bachelor’s degree from Duke Kunshan University, as well as a bachelor’s degree from Duke University. A total of 136 Duke Kunshan University credits is required for international students to graduate and obtain the degrees, inclusive of 34 Duke Kunshan University credits earned through courses taught or co-taught by Duke faculty (i.e."
graduation,p00072,Part 3: The Curriculum,Undergraduate Signature Work,Credits Required for Degree,24,Student Life & Support,"A total of 156 (Class of 2022) or 158 (Class of 2023 and beyond) Duke Kunshan University credits is required for Chinese students to graduate and obtain the degrees, including: (1) 136 Duke Kunshan University credits required for graduation with a Duke University bachelor’s degree, inclusive of 34 Duke Kunshan University credits earned through courses taught or co-taught by Duke faculty (i.e. 8.5 courses; 1 course credit at Duke is equivalent to 4 Duke Kunshan University credits); and (2) 20 (Class of 2022) or 22 (Class of 2023 and beyond) Duke Kunshan University credits required by the education administration authorities of China."
graduation,p00073,Part 3: The Curriculum,Undergraduate Signature Work,Credits Required for Degree,24,Majors & Courses — Topic 2,"The aforementioned graduation requirements apply to all Chinese students, including those from Hong Kong, Macau, and Taiwan. The detailed explanations are as follows:"
graduation,p00091,"Part 4: Admission, Scholarships and Financial Aid",Application Requirements,,28,Student Life & Support,"International Applicants need to submit the following: • The Common Application form including personal essays • High School Transcript 5 • External Exam results or predicted scores, if applicable (e.g. IB, WAEC, GCSE, A-Levels, etc.) • Two Teacher Recommendation Letters • Counselor Recommendation Letter • SAT or ACT exams 6 • Early Decision Agreement (if applicable) • OPTIONAL: o SAT Subject Tests o TOEFL/IELTS or Duolingo for Non-Native English speakers 5 A final high school transcript will be due upon high school graduation and before enrolling at DKU. 6 Verified SAT or ACT Scores from the testing center will be due before enrolling at DKU."
graduation,p00108,Part 5: Financial Information,Estimated Expenses,"Total Cost of Attendance ¥ 115,560 ¥ 115,260 ¥ 7,235",33,Academic Procedures — Topic 2,"overdue fines, damaged or lost books, replacement processing fees, etc. If the deposit is not sufficient to cover the charges, the student will be responsible for settling all outstanding amounts and replenishing their campus deposit balance to RMB 2,000 (or USD 300) after the payment due date. If the full amount of the campus deposit drops below RMB 2,000 (or USD 300), access to the student residence and library collections may be restricted. The campus deposit will be rolled over from year to year, and the balance will be refunded to the student after their graduation or withdrawal from the university."
graduation,p00112,Part 5: Financial Information,Estimated Expenses,"Total Cost of Attendance ¥ 115,560 ¥ 115,260 ¥ 7,235",34,Academic Procedures — Topic 2,"sure you include or pay for the service charge before initiating your wire transfer. Your student account will be credited for the actual amount received (net of fees assessed by both the sending bank and the intermediary bank). Restriction on Past Due Accounts Tuition and fees are due before the start of each term. If your account remains unpaid, you will not be allowed to register for future terms and may be administratively withdrawn from the University. As long as your account is past due, you may not have access to academic transcripts, be able to have academic credits certified, or receive a diploma at graduation."
graduation,p00129,Part 6: Academic Procedures and Information,Entrance Credit and Placement,Forfeiture of Precollege Credit Awarded,37,Student Life & Support,"Students who successfully complete a course at Duke Kunshan University for which they received precollege credit may not use that precollege credit or any higher precollege credit in that subject to satisfy degree requirements, but the precollege work will remain on the Duke Kunshan University transcript. A student who enrolls in a course for which precollege credit was awarded and who subsequently fails or withdraws from the course after the Drop/Add deadline will be allowed to apply the pre-college credit toward graduation requirements according to the policy governing use of such credits (see above)."
graduation,p00132,Part 6: Academic Procedures and Information,Entrance Credit and Placement,International Placement Credit (IPC),38,Academic Procedures — Topic 2,These credits may be used to satisfy the quantitative reasoning requirement but not other general education requirements; any combination of two IPC or AP courses may be used toward the required 136 credits for graduation.
graduation,p00133,Part 6: Academic Procedures and Information,Entrance Credit and Placement,Prematriculation Credit,38,Student Life & Support,"First-year Duke Kunshan students may submit for evaluation college courses taken at another accredited college or university after commencement of the student’s junior year of high school. (For details concerning transferring this work, see the section “Work Taken During High School.”) Prematriculation credits awarded for such work may be used as electives and, thus, may not be used to satisfy the general education requirements. Any combination of eight prematriculation, IPC, or AP credits may be used toward the 136 credits required for graduation (credits do not have to be designated by the student)."
graduation,p00159,Part 6: Academic Procedures and Information,Registration,Withdrawal from a Course,42,Academic Procedures — Topic 2,"Students are cautioned that taking an underload may result in a delayed graduation date. (See section on Satisfactory Performance Each Term (Term Credit Requirements).) If a student notes errors in his/her course schedule, he/she should immediately consult with his/her advisor during the one-week schedule correction period that occurs immediately after Drop/Add ends."
graduation,p00162,Part 6: Academic Procedures and Information,Undergraduate Course Load,,43,Academic Procedures — Topic 2,"The maximum number of credits a student can take in any subsequent 7-week session without special permission is 10 (two 4-credit courses and one 2-credit course) plus one PE course. Students should note that in order to reach the 136 credits required for graduation, they will need 8 additional credits beyond the minimum course load of 16 credits per term for eight terms. These additional credits can be earned by any combination of terms in which a student registers for greater than the 16-credit minimum, AP and IPC credits, or transfer credits."
graduation,p00163,Part 6: Academic Procedures and Information,Undergraduate Course Load,,43,Academic Procedures — Topic 2,"Students who enroll in or withdraw to an underload, earn a failing grade (F or NC), or repeat a course in any term should work with their academic advisor to develop a plan to make up credits in order to avoid a delayed graduation date. Students studying abroad at other institutions may be subject to that institution’s policies."
graduation,p00167,Part 6: Academic Procedures and Information,Undergraduate Course Load,Underload,44,Academic Procedures — Topic 2,"Thus, there are only two possible enrollment patterns involving two underloads: • One withdrawal to an underload plus one enrollment in an underload, or • Two enrollments in an underload Students should take note that an underload may affect a student’s scholarship or ability to graduate on time; 8 additional credits above the minimum of 16 per term are needed in order to meet the 136 credits requirement for graduation. Students should not count on an overload later to compensate for a previous underload. Students taking an underload will be ineligible for the Dean’s list and the Dean’s List with Distinction during that term."
graduation,p00178,Part 6: Academic Procedures and Information,Undergraduate Course Load,Enrollment in an Underload,45,Academic Procedures — Topic 2,"AP, IPC, and transfer credits When considering whether to enroll in an underload, students should note that they: • will be ineligible for the Dean’s list and the Dean’s List with Distinction during that term; • may not withdraw from a course during the underload term; • must pass at least 12 course credits in order to meet term continuation requirements; and • may need to make up credits (e.g., in summer or in future terms) to stay on track for graduation."
graduation,p00188,Part 6: Academic Procedures and Information,Course Repeat,,47,Academic Procedures — Topic 2,"The grade earned in the repeated course as well as the grade earned originally appear on the transcript, the former identified as a repeat; both grades count in the grade point average, but the credit for only one counts toward the required number of courses for term credit requirements and the 136 credits required for graduation. A student may not use a CR/NC option on a course being taken for a second (or more) time. (See section on Credit/No Credit (CR/NC) Grading System.) A student may not repeat a course after having passed another course for which the original course is a specific prerequisite."
graduation,p00191,Part 6: Academic Procedures and Information,Course Repeat,,47,Academic Procedures — Topic 2,"The advisor will make a recommendation to the Dean of Undergraduate Studies or designee, whose decision whether or not to grant permission is final. The course will count only once towards the 136 credits required for graduation and for fulfillment of term credit requirements. Certain courses as designated in the course description (such as Research Independent Study, certain WOC courses, and applied music courses) may be repeated for credit without special permission."
graduation,p00201,Part 6: Academic Procedures and Information,Declaration of Major,,49,Student Life & Support,"All undergraduate students enter Duke Kunshan University without a major and are assigned an academic advisor. When preparing to declare a major in the sophomore year, students work with their advisors, and potentially others who have advised them, to develop a long-range academic plan. This plan lays out the courses they anticipate taking in their remaining terms and is reviewed by their advisor to confirm that it will meet established requirements for graduation."
graduation,p00203,Part 6: Academic Procedures and Information,Declaration of Major,,49,Student Life & Support,"Students who have declared a major and wish to change it may do so by submitting a form to the Office of the University Registrar. No changes in majors can be made after the end of the Drop/Add period of the first session of the spring term in the senior year. Students receive three confirmations of their graduation: a Duke University diploma (issued by Duke University), a Duke Kunshan University diploma (from the Ministry of Education of the PRC), and a Duke Kunshan University graduation certificate (from the Ministry of Education of the PRC)."
graduation,p00210,Part 6: Academic Procedures and Information,Incomplete Coursework and Excused Absence from Final Exam,,50,Academic Procedures — Topic 2,"An I assigned in the summer must be resolved in the succeeding fall term. If the I is not completed by the deadline, it will convert to an F and be reported to the Office of the Registrar. A student who is not enrolled in the university, including a student who experiences a voluntary or involuntary separation, withdrawal, or leave of absence from Duke Kunshan University in the session following receipt of an I, or who is studying away during the session following receipt of an I must still clear the I by the designated deadline. Students may not complete work in a course after graduation."
graduation,p00211,Part 6: Academic Procedures and Information,Incomplete Coursework and Excused Absence from Final Exam,,50,Academic Procedures — Topic 2,"Once recorded, a notation of the I will remain permanently on the student’s record, even after the final grade is assigned for the course. In addition, an I cancels eligibility for Dean’s List and Dean’s List with Distinction in the semester in which the I grade was issued. For purposes of determining satisfactory progress each term and toward graduation, incomplete work in a course indicated by a grade of I is not presumed to be satisfactory performance in that course. Because a grade of I is not presumed to be satisfactory performance, a course with an unresolved I grade may not be used to fulfill a pre-requisite requirement."
graduation,p00218,Part 6: Academic Procedures and Information,Grading and Grade Requirements,Passing Grades,52,Academic Procedures — Topic 2,"Passing grades are A, exceptional; B, superior; C, satisfactory; CR, pass (See Credit/No Credit grading system below); and D, low pass. These grades (except CR) may be modified by a plus or minus. Although the D grade represents low pass, not more than 8 credits passed with D grades (D+, D, D-) may be counted among those required for term credit requirements or among the 136 credits required for graduation. Courses for which a D grade is earned, however, may satisfy other requirements. For information on repeating a course with a D grade, see the section on Course Repeat."
graduation,p00220,Part 6: Academic Procedures and Information,Grading and Grade Requirements,Failing Grades,52,Academic Procedures — Topic 2,"In such cases, both grades are included in the calculation of the cumulative grade point average, but the credit for only one is counted for term credit requirements or among the 136 credits required for graduation."
graduation,p00222,Part 6: Academic Procedures and Information,Grading and Grade Requirements,A+ 4.0 C+ 2.3 A 4.0 C 2.0 A3.7 C1.7 B+ 3.3 D+ 1.3 B 3.0 D 1.0 B2.7 D1.0 F 0,52,Majors & Courses — Topic 2,"All grades that appear on the record, with the exception of CR and NC, military training (or designated substitutions for students from Hong Kong, Macau, and Taiwan), and the designated Chinese society and culture courses specified by the education administration authorities of China (see section on Credits Required for Degrees), are included in the calculation of the cumulative grade point average. For repeated courses, both grades will be calculated into the cumulative grade point average, but only one will count toward the credits required for graduation. The term and cumulative grade point averages are determined at the end of each term and displayed for students."
graduation,p00241,Part 6: Academic Procedures and Information,Grading and Grade Requirements,Credit/No Credit (CR/NC) Grading System for the Class of 2025 and Beyond,55,Academic Procedures — Topic 2,"The change of grading basis to CR/NC can be done through filing a form with the registrar, but students need to get approval from their advisors. Students who receive a NC (by changing a grade of D+ or below) should be mindful of term credit requirements, e.g. that they may be subject to academic warning (see section on Progress Toward Graduation), or that they may have to take an extra course a later term or during the summer in order to ensure that they graduate on time."
graduation,p00244,Part 6: Academic Procedures and Information,Progress toward Degree,,56,Academic Procedures — Topic 2,"Students must achieve a satisfactory record of academic performance each term and make satisfactory progress toward graduation each year. Progress is assessed primarily by a student’s grade-point average. (See also the section on Academic Warning, Probation, and Suspension relevant for your class year.) However, other factors including enrollment in an underload, withdrawal to an underload, course repeat, grades of F or NC, D grades beyond 8 credits, leaves of absence, and suspensions may impact the total number of credits and therefore hinder a student’s progress toward graduation. Students should discuss with their academic advisor any factors that might impact their ability to meet term credit requirements."
graduation,p00247,Part 6: Academic Procedures and Information,Progress toward Degree,Satisfactory Performance Each Term (Term Credit Requirements),56,Academic Procedures — Topic 2,"All students must meet the following minimum requirements at the start of each fall and spring term or receive an academic warning: To be on track for an on-time graduation, at the start of the A student should have earned at least 7 An academic warning will be issued to students who have earned less than 7 2nd term at Duke Kunshan 16 credits 12 credits 3rd term at Duke Kunshan 34 credits 30 credits 4th term at Duke Kunshan 52 credits 46 credits 5th term at Duke Kunshan 68 credits 62 credits 6th term at Duke Kunshan 84 credits 78 credits 7th term at Duke Kunshan 102 credits 96"
graduation,p00251,Part 6: Academic Procedures and Information,Progress toward Degree,Satisfactory Performance Each Term (Term Credit Requirements),57,Academic Procedures — Topic 2,"Students who receive an academic warning for failing to meet the term credit requirements may make up additional credits by enrolling in 20 credits in a subsequent term, enrolling in an overload once a positive academic trajectory has been established, or completing summer coursework at Duke or on another approved study away program. (See Section on Study Away.). Alternatively, students might delay their graduation date. (See Section on Time Limit for Completing Undergraduate Degree.)"
graduation,p00293,Part 6: Academic Procedures and Information,Academic Recognition and Honors,Graduation with Distinction,63,Academic Procedures — Topic 2,"Graduation with Distinction accords recognition to up to 5% of students in each graduating class who achieve excellence in their signature work products and meet other academic criteria as determined by the faculty. Students may be nominated for consideration by their signature work mentor. Each nominated student’s overall achievement in the major, including the signature work,"
graduation,p00294,Part 6: Academic Procedures and Information,Academic Recognition and Honors,Graduation with Distinction,64,Academic Procedures — Topic 2,"is assessed by a faculty committee, which is responsible for awarding distinction. Graduation with Distinction is separate and distinct from Latin Honors (see below)."
graduation,p00298,Part 6: Academic Procedures and Information,Notification of Intention to Graduate,,64,Academic Procedures — Topic 2,"The Diploma Form submitted by students is official notification that they expect to have completed all requirements for the degree and to receive the diploma on a particular graduation date. They will be confirmed for that specific graduation if basic requirements, i.e., general education, one major, number of credits earned through courses taught or co-taught by Duke faculty, and any additional requirements for students from the Chinese mainland, Hong Kong, Macau and Taiwan have been completed. It is the responsibility of students to submit the form on or before established deadlines."
graduation,p00300,Part 6: Academic Procedures and Information,Graduation and Commencement,,64,Academic Procedures — Topic 2,Commencement exercises are held once a year in May when degrees are conferred upon and diplomas are issued to those who have completed degree requirements by the end of the spring term. Students who complete requirements by the end of the summer term or by the end of the fall term receive diplomas in May of the following academic year. Students who are within 20 credits of graduation at the end of the spring term may request to participate in the annual commencement exercises.
graduation,p00389,Part 9: Student Affairs and Campus Life,Chinese Student Services and Student Mobility,,82,Majors & Courses — Topic 2,"This office provides military training, transitional support related with Dang'An, Hukou, and train ticket discounts based on MOE's prescriptive procedures only for Chinese mainland students. Military training is essential for Chinese mainland students to learn at minimum military related theory, physical training, and field survival training. The office usually facilitates military training by the end of the first academic year. The office receives the Dang'An from the student's high school, files and keeps it. The file is kept in the office for four years and transfers to the place where students will go after their graduation."
registration,p00104,Part 5: Financial Information,Estimated Expenses,"Total Cost of Attendance $37,573 $33,457",32,Majors & Courses — Topic 2,"International Travel includes an estimate of the cost of one roundtrip from an international destination to Shanghai for international students, typical visa costs, and the additional health check and registration costs associated with establishing legal residence in China for non-Chinese students. Students wishing to return to their home countries during breaks in their study before the end of the year should budget additional funds for these trips."
registration,p00153,Part 6: Academic Procedures and Information,Registration,,41,Academic Procedures — Topic 2,"Students are expected to register at specified times for each successive term. Prior to registration each student receives instructions via e-mail. Students prepare a course plan via the Student Information System, and should discuss it at an appointed time with their academic advisor prior to registration."
registration,p00154,Part 6: Academic Procedures and Information,Registration,,42,Academic Procedures — Topic 2,"Those students who have not paid any fees owed to or fines imposed by the university (such as student residence fines, library fines, and other possible fines) by the date specified for registration for the following term will not be permitted to register for the following term until such fees and fines have been paid in full, notwithstanding the fact that the student may have paid in full the tuition for the following term. Students who, for any reason, fail to register for the fall or spring term are placed on involuntary administrative leave of absence and must apply for reinstatement if they wish to return."
registration,p00207,Part 6: Academic Procedures and Information,Class Scheduling,,50,Academic Procedures — Topic 2,"Class times are officially scheduled at registration unless designated “to be arranged” (TBA). After registration begins, no class time may be changed without prior permission of the Registrar’s Office. Within-class tests (except for the final exam) are to be given during the regular class meeting times."
registration,p00243,Part 6: Academic Procedures and Information,Grading and Grade Requirements,The W and WA Designations,55,Academic Procedures — Topic 2,The designation W is recorded when a student officially withdraws from a course after the Drop/Add period. (See the sections on course changes in the section on Registration). WA indicates withdrawal from an audited course.
registration,p00283,Part 6: Academic Procedures and Information,Changes in Status,Leave of Absence,62,Academic Procedures — Topic 2,"If the leave of absence starts from the first term in their freshmen year, students should first complete all the new student registration procedures before applying for a leave of absence. A student may receive transfer credit for no more than two courses, up to a maximum of 8 credits, taken at another accredited four-year institution in the US or similarly accredited institution abroad and with a liberal arts and general education curriculum while on leave of absence for personal or medical reasons."
registration,p00285,Part 6: Academic Procedures and Information,Changes in Status,Leave of Absence,62,Academic Procedures — Topic 2,"Registration information will be provided by the university registrar to all students who are approved to return from a leave of absence. All returning students must register prior to the first day of classes for the term of intended enrollment. Students who are scheduled to return from leave of absence who fail to apply to return from leave of absence, extend their leave of absence, voluntarily withdraw from the university, or register for courses by the end of drop/add of the term they are expected back will be administratively withdrawn from the university and must apply for readmission if they wish to return."
registration,p00319,Part 6: Academic Procedures and Information,Compliance with Academic Regulations,,67,Student Life & Support,"Under no circumstances may students ignore official rules and requirements, as this is a breach of the Duke Kunshan University Community Standard. Students who ignore official rules and requirements will at the least have their registration for the next academic term blocked by the Dean of Undergraduate Studies until after the close of the last window of that registration period. They could also be subject to involuntary withdrawal for a period of two terms and/or other possible disciplinary action."
registration,p00391,Part 9: Student Affairs and Campus Life,International Student Services,,82,Student Life & Support,"This office provides visa information to international students, and works with the local Public Security Bureau (Police) and Entry-Exit Inspection and Quarantine Bureau (Immigration) to ensure the smooth processing of student visas, temporary residence permits, and residence registration for all students, both domestic Chinese and international students. In addition to helping students with their legal onboarding requirements, International Student Services provides an array of university programs aimed at helping international students' integration with DKU, Kunshan and surrounding areas. Programs offered through this area allow for cross-cultural interaction among the very diverse student body at DKU."
academic integrity,p00120,Part 6: Academic Procedures and Information,Academic Integrity,,36,Academic Procedures — Topic 2,"Students are responsible for maintaining high standards of academic honesty and personal integrity in all matters, including reporting the results of their studies, laboratory work, and research; completing assignments; writing papers; and taking quizzes, tests, and examinations. When confronted with a possible violation of academic integrity, it is important that faculty members deal fairly and consistently with students. The University’s disciplinary process is independent of, and in addition to, an instructor’s decision on how to grade academically dishonest work. Instructors are expected to communicate with students their policy regarding grading of an academically dishonest assignment (e.g., zero on the assignment, reduced/failing grade for the course, or other approach)."
academic integrity,p00122,Part 6: Academic Procedures and Information,Academic Integrity,,36,Student Life & Support,"Violations of academic integrity that occur while the student is residing at Duke University or other institution (for example, during a study-abroad program) will be handled by the host institution according to the host institution’s policies, although DKU reserves the option to investigate the case and impose additional penalties if such action is deemed warranted. In the event a DKU student is suspected of an academic integrity violation at Duke University, DKU may share information regarding previous academic integrity violations that occurred at DKU. Duke University, at its discretion, may use this information in the resolution of disciplinary proceedings."
academic integrity,p00308,Part 6: Academic Procedures and Information,Procedure for Resolution of Students' Academic Concerns,,66,Academic Procedures — Topic 2,"Students have the right to make any informal or formal complaint they deem important without fear of retaliation or any other adverse consequences because of doing so. If a student has questions or concerns about the policies and procedures related to the academic complaint resolution process, the student may consult their academic advisor or the Office of Undergraduate Studies at any point during the process or before initiating a formal or informal complaint. Issues related to academic integrity will be resolved according to the Undergraduate Academic Integrity Policy 8 ."
