row,term,tfidf
0,line,0.659497876160793
0,number,0.5670719501206879
0,last,0.22899399068573087
0,monday,0.19164754427142516
0,price,0.16150163151536764
1,art,0.35960090608145895
1,photography,0.2645127461205245
1,bollywood,0.2645127461205245
1,hollywood,0.2645127461205245
1,author,0.2645127461205245
2,number,0.4830368998382712
2,long,0.43718986660751874
2,mfi,0.34996659770368815
2,strategy,0.27950186214051115
2,kucoin,0.27454387689358206
3,invest,0.6004602811710759
3,still,0.5690427479178553
3,time,0.4866748495203625
3,user,0.2386887249532413
3,bitcoin,0.14769253604220256
4,historic,0.28047148546200923
4,relapsing,0.28047148546200923
4,effort,0.23928400924007628
4,superb,0.2366943453007463
4,flip,0.2366943453007463
5,vet,0.44325241674323085
5,target,0.36445005288232457
5,number,0.26212813018892744
5,boom,0.2611224381037129
5,srm,0.25584050968274025
6,robust,0.45840222842396827
6,report,0.3485457381963189
6,read,0.3229453505861325
6,finance,0.30218753163807016
6,month,0.30111687792231895
7,plan,0.41284505604715477
7,win,0.39342791048845127
7,weekly,0.3897786351046488
7,could,0.3648225029655747
7,start,0.36123784716853646
8,hodling,0.5191535601463103
8,checking,0.2930297581087896
8,generate,0.28488298104203985
8,dfi,0.27822657950627866
8,passiveincome,0.27822657950627866
9,etf,0.9515657786892588
9,url,0.23761125082590784
9,bitcoin,0.19509859637745222
10,sxp,0.6047085359794521
10,buy,0.340038578401121
10,filled,0.3284808677486133
10,hourly,0.2986037694913907
10,spot,0.27056114134014575
11,coinbasepro,0.2992151482879644
11,spotlight,0.2992151482879644
11,dvpn,0.2992151482879644
11,sentinel,0.2992151482879644
11,uidesign,0.2992151482879644
12,user,0.6756342914655677
12,seem,0.20628449602256
12,ridiculous,0.19914651681593404
12,whether,0.19360987000371227
12,followed,0.1890861001691041
13,largest,0.4457041208802217
13,heard,0.41624067679652244
13,pit,0.39627754647960595
13,user,0.39392124755450475
13,community,0.3486909945885011
14,rich,0.6156453966845095
14,gone,0.34898895831143506
14,crazy,0.33836929050000397
14,matter,0.3103958219032801
14,believe,0.2689520614803745
15,dumping,0.9464570865250639
15,crypto,0.27983687071933566
15,bitcoin,0.16096679518614201
16,automatic,0.49707296658952715
16,rebound,0.46653158283515894
16,due,0.4313888310559342
16,think,0.3070626047186418
16,hour,0.27652122096427345
17,dsf,0.3601878381177471
17,加密货币,0.3281922945980353
17,币圈,0.3281922945980353
17,区块链,0.3281922945980353
17,gamefi,0.28778082229928686
18,bar,0.5411002872546528
18,tnt,0.2951581315447397
18,black,0.2650775136101548
18,tell,0.23572891794238587
18,happen,0.2335766334016749
19,number,0.5444817631060261
19,interval,0.29586315798501256
19,median,0.27768459899236203
19,mempool,0.27768459899236203
19,quant,0.27119639044993166
20,cryptoinvestor,0.4165401730958707
20,alpha,0.4165401730958707
20,premium,0.4090908291435321
20,service,0.38647106167459633
20,discount,0.38200570226646596
21,revolution,0.5695682470394406
21,financial,0.44900792780831944
21,say,0.40826691119990294
21,cryptonews,0.32534417359271617
21,defi,0.31422143139012243
22,number,0.810959884559635
22,pst,0.2937755601782546
22,tf,0.27572526832147026
22,hr,0.26383584502288465
22,sell,0.1834970805922812
23,number,0.7490294887663577
23,addr,0.37510891939499136
23,tx,0.32770323569959126
23,whale,0.2975467832626825
23,alert,0.2712504305567623
24,gt,0.7258380618677988
24,protocol,0.27859481797735763
24,level,0.23495423630470255
24,interoperability,0.16912661234773005
24,anon,0.16912661234773005
25,sentiment,0.4412473456535924
25,detail,0.41111085641976786
25,analysis,0.39358325548575795
25,twitter,0.37962807979106566
25,day,0.3079302668774074
26,much,0.471735066477633
26,richard,0.3538838625699982
26,silly,0.3416385620200777
26,owns,0.3416385620200777
26,owning,0.332140369003281
27,referral,0.6251931842829199
27,earning,0.324641746961561
27,using,0.2897382774595039
27,start,0.25651668664169003
27,today,0.23236520453074172
28,number,0.7863597309720924
28,size,0.2916668173528473
28,total,0.2398491968766214
28,mined,0.2300424110568204
28,fee,0.22228116055926234
29,officially,0.4127398739359428
29,yes,0.38541315073321597
29,feg,0.3812419963741465
29,saitama,0.35842046308987613
29,holder,0.32357794861353234
30,defense,0.47935795467758713
30,spending,0.2614790669611274
30,joke,0.2524312122802193
30,shot,0.23967897733879356
30,piece,0.23967897733879356
31,dream,0.9439774347077977
31,url,0.2339944189323319
31,btc,0.23270843274579883
32,education,0.6362883869558305
32,matter,0.5558031806661439
32,invest,0.44904512400444613
32,url,0.2690339566470144
32,bitcoin,0.11044962546441388
33,serve,0.6036488995455342
33,prefer,0.5533213522452672
33,hard,0.42527194111797345
33,shib,0.3414698888783077
33,user,0.15208492095671053
34,government,0.4360327568837362
34,even,0.3690700880014533
34,restriction,0.2703523465765653
34,lockdown,0.2703523465765653
34,avoid,0.2427997746635823
35,xau,0.3467659581984976
35,beware,0.3254598061561615
35,coindesk,0.3114258025785325
35,opinion,0.2965491592942253
35,technical,0.2825151557165963
36,change,0.6578761836450506
36,number,0.4859434766771838
36,btc,0.39886980263065447
36,price,0.38058984719665495
36,bitcoin,0.16465756353026922
37,pool,0.5181632378791152
37,kucoin,0.48178438945869745
37,mining,0.39794431955410814
37,via,0.3793799215189826
37,cryptocurrencies,0.3256563093667717
38,hash,0.5747635961088706
38,large,0.5708665596392457
38,transaction,0.5073974733153136
38,number,0.1751230677835843
38,url,0.14453803164299986
39,suddenly,0.46716795747640644
39,bitcoincrash,0.4120539045620525
39,smart,0.3552107527053348
39,etc,0.33968772138209263
39,everyone,0.3047542636375471
40,gem,0.5448658385156976
40,presale,0.30066955003588586
40,ico,0.27849883039580076
40,ido,0.2705857580439832
40,bscgems,0.2609009402010422
41,earn,0.45979384832256454
41,cryptotab,0.43037784520509914
41,affiliate,0.4116877655041187
41,booming,0.24397140357310354
41,browsing,0.24397140357310354
42,number,0.6025356364400193
42,byte,0.3920551480370149
42,information,0.33962446384962713
42,reward,0.3090689667510452
42,visit,0.30462903314700857
43,updated,0.5032556065553235
43,xlm,0.4297677631861349
43,matic,0.3900640442350017
43,xrp,0.30899182641606276
43,number,0.2778707652963039
44,bitcoinbutton,0.8380749863682512
44,binance,0.3762211589121345
44,crypto,0.247791775192367
44,number,0.21032569120655822
44,url,0.17359255862578588
45,dumping,0.6733553931680337
45,harder,0.3673003404256489
45,night,0.31876459826372244
45,straight,0.31410986167032834
45,even,0.25070906666879395
46,usdt,0.6046140973920417
46,number,0.37160841452917304
46,completed,0.25991895533250375
46,comp,0.23747222036019788
46,kucoin,0.21121122391534772
47,calling,0.5989263557855631
47,happened,0.5989263557855631
47,people,0.4125377145604525
47,number,0.31750979730193524
47,bitcoin,0.10758533066070275
48,smallbusiness,0.623620628284734
48,solution,0.5261620403472576
48,look,0.38952377324355525
48,need,0.3792323835082443
48,user,0.15711665180051196
49,island,0.5623638725687553
49,private,0.5492240221946437
49,altcoinnews,0.28118193628437765
49,tg,0.27461201109732186
49,decentralized,0.22619076616987482
50,descending,0.4608624501626587
50,broken,0.3999632388325336
50,small,0.37164671813142014
50,breakout,0.3556996806671213
50,hopefully,0.34333019743030674
51,dogelon,0.37484489906124036
51,hardware,0.36442350757196196
51,original,0.3559086107304707
51,black,0.348709368030617
51,shibacoin,0.33205170885422447
52,aim,0.5030559120917629
52,mar,0.44661527777591964
52,pit,0.40753828076235
52,user,0.4051150245838743
52,moon,0.32933586837317647
53,stock,0.4181605571660671
53,drinking,0.3226697983659305
53,chicken,0.3115045854888061
53,majority,0.3115045854888061
53,recovery,0.27224339889722066
54,please,0.6697379267084859
54,target,0.6051114410140184
54,price,0.34086500652799767
54,number,0.21761106814840694
54,bitcoin,0.1474710948834862
55,delta,0.33974047768864757
55,automated,0.3188659884216628
55,avoid,0.3051163138454214
55,losing,0.28309064374191645
55,usdc,0.27679139687205584
56,analyst,0.5540760601490337
56,target,0.40839223888953663
56,luna,0.404645539886464
56,top,0.3825538303707119
56,today,0.3722996747608268
57,number,0.8730873018805475
57,tether,0.20923740469843857
57,binancecoin,0.20468005879564746
57,cardano,0.1644434002737236
57,top,0.162442286726118
58,number,0.6402893275294392
58,jst,0.3358844820552459
58,仮想通貨,0.32654626325745095
58,jpy,0.31891638294556524
58,report,0.2645433629115883
59,kick,0.3635770387318304
59,cyrpto,0.19832316107079234
59,defi,0.1965221924011002
59,ren,0.19146066472612847
59,ubx,0.19146066472612847
60,giveaway,0.5287845031205104
60,mention,0.39902306798131415
60,winner,0.34440551720866014
60,comment,0.3333119272595894
60,friend,0.32424780428567335
61,dumped,0.9536156788761733
61,user,0.2559848252156241
61,bitcoin,0.15839477977781236
62,safest,0.5280985889101871
62,probably,0.46780959092758895
62,question,0.45581341592835894
62,way,0.3436464467355329
62,buy,0.259531462433375
63,number,0.5605961983653899
63,best,0.3953879647971418
63,hour,0.38733608858415414
63,id,0.283631812373883
63,ask,0.2628439620984045
64,chance,0.7145314166384013
64,blockchaintechnology,0.2981036333715356
64,solananfts,0.2911383261575625
64,learning,0.28524924281974817
64,longer,0.28524924281974817
65,user,0.44508533734590094
65,lovecoin,0.3533226994531322
65,airdrop,0.3367074883008778
65,guideline,0.31163951968478143
65,participated,0.29440810561431996
66,etoro,0.3449038871875989
66,btfd,0.3449038871875989
66,classic,0.32748014880795356
66,accumulate,0.3208559509111567
66,massive,0.2716470663949253
67,listed,0.47353513762202176
67,explorer,0.33101347750022836
67,rapidly,0.3106751965561538
67,official,0.28727274810843
67,growing,0.275818822267822
68,balance,0.4050442210835079
68,weekend,0.40168647991889933
68,bounce,0.38220737830771273
68,drop,0.379863587562478
68,even,0.35242441119379636
69,current,0.6598056426526541
69,number,0.5716019064740826
69,price,0.4476773383806637
69,bitcoin,0.19368214976945358
70,backing,0.5816676730252006
70,jan,0.5299980401926692
70,would,0.3838856694738449
70,want,0.3778382855540143
70,number,0.2851323419625913
71,amazon,0.6284479275996093
71,discount,0.3299022096990235
71,shop,0.3067972707982298
71,shopping,0.3024144197508106
71,bitcoincash,0.3024144197508106
72,gamers,0.4857687917882168
72,despite,0.4060260254693563
72,use,0.3628751056620728
72,want,0.3155445213420909
72,metaverse,0.28488607835706614
73,scarce,0.3447947462100996
73,reminder,0.33286395268729213
73,friendly,0.33286395268729213
73,accumulate,0.3096554838346497
73,giant,0.3041176501398401
74,usd,0.6028437161290039
74,price,0.42800358376332676
74,safemoon,0.41252934171463507
74,number,0.34155132989001025
74,dogecoin,0.3198865152179133
75,wright,0.6313033387703725
75,bsv,0.5260370203302911
75,keep,0.41182701223383084
75,let,0.36205961189941827
75,url,0.1198613951048599
76,build,0.4906570594351341
76,wealth,0.47028154798260613
76,investing,0.37099707704399243
76,way,0.36991573558047747
76,today,0.34337751369819336
77,probability,0.7443836423559699
77,closing,0.3810962839165314
77,staying,0.3810962839165314
77,number,0.37362528806600326
77,url,0.07709301863054026
78,back,0.5914752118863336
78,going,0.5612437148680568
78,number,0.44749075106513136
78,btc,0.3673072201254489
79,plastic,0.5238272605121456
79,plasticfinance,0.2619136302560728
79,compliant,0.2619136302560728
79,esg,0.2458210136186526
79,environment,0.24007731012822858
80,number,0.6212954588463352
80,session,0.38998083521045257
80,usd,0.31632597283199465
80,position,0.27294223204516865
80,profit,0.26748467763793676
81,number,0.7655808706665043
81,feb,0.19925787185425153
81,comment,0.178918945282751
81,pm,0.17719663159653953
81,kishu,0.1755787665752251
82,clearly,0.5990201826372846
82,aave,0.5055226548884619
82,shiba,0.4020592713463081
82,ltc,0.3833029077541635
82,eth,0.20021623500903177
83,maybe,0.5742106279487902
83,upward,0.34370700189969167
83,celebrate,0.334151302373372
83,bottom,0.26193446443694524
83,yet,0.26193446443694524
84,solution,0.5945834900358709
84,forward,0.5872080873291683
84,trading,0.35719423699303654
84,blockchain,0.29985724140190273
84,crypto,0.19099008854865596
85,number,0.5378939333287962
85,list,0.24354679538809762
85,bsv,0.24354679538809762
85,xtz,0.23812746619998185
85,bitcoinprice,0.23570194927952356
86,idiot,0.509950474690724
86,ur,0.49577289470976454
86,damn,0.45842746212024343
86,chance,0.39610979665180435
86,buying,0.3422761406371598
87,scenario,0.39166620092905036
87,forward,0.38680784881052493
87,higher,0.3611494815577835
87,look,0.2899549658450524
87,need,0.2822942278768607
88,tuned,0.4007142795815223
88,changed,0.39043864882111234
88,direction,0.39043864882111234
88,stay,0.3369485321643405
88,trend,0.30779598958663035
89,feg,0.8059559967528512
89,autodeployer,0.23875483309399298
89,fegarmy,0.2321170007749161
89,fegtoken,0.2181358426284377
89,quite,0.20866282646418063
90,bankruptcy,0.339939350928399
90,taken,0.3304883991680624
90,undervalued,0.32276640931901307
90,due,0.30559346770962714
90,ftx,0.27865699959756873
91,cardano,0.5098772289074982
91,number,0.3867308346442575
91,price,0.3028867272175968
91,recent,0.261053065661318
91,alert,0.24508592413938526
92,thing,0.6118259598664754
92,good,0.3379687889429492
92,dy,0.314739965661492
92,note,0.2731496480383259
92,maybe,0.2538112516253055
93,happened,0.5272025353433124
93,period,0.5125400164347426
93,ever,0.4200608575412557
93,thing,0.3936257402574715
93,best,0.3449630208288742
94,clearly,0.5414251405655836
94,activity,0.4731853956007871
94,uniswap,0.4619163981126104
94,block,0.37104660833205727
94,wallet,0.3360502419357186
95,user,0.7159715031301424
95,url,0.539554396826664
95,bitcoin,0.4430190284520288
96,let,0.6636450336883397
96,go,0.6533303794491025
96,user,0.291538286243256
96,btc,0.21849510796363256
97,campaign,0.4472449021505609
97,buck,0.4472449021505609
97,republican,0.4472449021505609
97,texas,0.41976507704060906
97,donate,0.4099571029269863
98,load,0.8725991423587515
98,ethereum,0.3554638386669285
98,user,0.2398410454503823
98,url,0.18074363301682292
98,bitcoin,0.14840555311743098
99,route,0.5444064993625249
99,alice,0.5109568271152445
99,signal,0.3174646142048799
99,free,0.30123590901089525
99,crypto,0.2950871661768608
100,healthcare,0.37554770570578944
100,mtn,0.3625527799304134
100,convince,0.352473132415819
100,loses,0.352473132415819
100,gateio,0.3259221415352902
101,filecoin,0.41830726284144165
101,stellar,0.39061193339252964
101,cosmos,0.38638451493113257
101,number,0.38184308093783015
101,bitcoincash,0.35806574709643046
102,pump,0.5775181398876502
102,megapump,0.36415003191713097
102,sky,0.35963299911003876
102,powerful,0.3305815927201326
102,history,0.3194942929764852
103,difficulty,0.5991029973536248
103,hashrate,0.5991029973536248
103,miner,0.46508455051571934
103,price,0.23551163982347853
103,bitcoin,0.10189124350528164
104,tonight,0.5261036757097394
104,trying,0.5062433205890449
104,short,0.37314982488088827
104,really,0.3683032194029974
104,future,0.3252978713701737
105,number,0.720587949402615
105,low,0.335034626237207
105,high,0.3246877214793888
105,year,0.3203466314208098
105,day,0.30676391121418434
106,cheer,0.37806545105794187
106,welcome,0.3398674848747818
106,sorry,0.33490459493227115
106,ahead,0.32631654071797517
106,wave,0.32254621797036814
107,emas,0.31452527385551987
107,continuation,0.2883026043385036
107,everywhere,0.27296332600224527
107,reversal,0.26537168965655183
107,broke,0.2536381207810132
108,gonfty,0.449703993049089
108,gaming,0.36175471327059416
108,metaverse,0.26373535963406025
108,compatible,0.2395718812364407
108,defi,0.23739633376172076
109,dca,0.3158094590523917
109,luffy,0.3094213333536025
109,whole,0.2751631215577418
109,cro,0.2702820997043118
109,rich,0.2680415114302554
110,zone,0.68313610850825
110,range,0.6777186725605487
110,url,0.16671648406281359
110,btc,0.1658002438526822
110,bitcoin,0.13688809734632457
111,axie,0.3346408639805806
111,name,0.2974344376976765
111,friend,0.28639875333351367
111,participate,0.2840245610021478
111,babydoge,0.27962971003293047
112,music,0.6284838310405438
112,newyear,0.22854926975697049
112,produced,0.22854926975697049
112,purely,0.22854926975697049
112,providing,0.22854926975697049
113,number,0.5605961983653899
113,best,0.3953879647971418
113,hour,0.38733608858415414
113,id,0.283631812373883
113,ask,0.2628439620984045
114,blog,0.3387909831662806
114,legal,0.31636027558215835
114,ukraine,0.3129364496436284
114,country,0.2861485407858803
114,latest,0.28259290161184425
115,ground,0.4250122904463571
115,sunday,0.4150817131528436
115,shake,0.3994124247446214
115,betting,0.36893161965231097
115,face,0.3583564504714916
116,rarible,0.3311467536240501
116,home,0.31283673044227667
116,cryptoartist,0.3092221559604611
116,nftcollectors,0.27792096458631255
116,digitalart,0.27621668407872985
117,ask,0.732899868058041
117,listed,0.34717050917417325
117,exchange,0.28303380594721433
117,url,0.27645776029748265
117,coin,0.26856519435674436
118,blockchaintechnology,0.5576709768618348
118,blockchains,0.5336239015045059
118,huge,0.40557002279106047
118,block,0.3931092947334408
118,blockchain,0.25282375299975723
119,number,0.5846020268783019
119,bullwhale,0.49067505095327324
119,longed,0.39228346322479773
119,worth,0.3483989514725421
119,future,0.28806517050498076
120,number,0.7434232868158296
120,long,0.5767387739140016
120,close,0.31924134714577285
120,btc,0.08717330715994512
120,bitcoin,0.07197207844346953
121,cro,0.4707197139332986
121,shib,0.3394260892457258
121,stockstowatch,0.30001793997602877
121,aint,0.30001793997602877
121,baby,0.2565709400521604
122,bitwise,0.49013139726414134
122,ceo,0.413534325719908
122,according,0.39931701698471894
122,run,0.36282258804650136
122,bull,0.31759033414730115
123,non,0.3757758315578572
123,complete,0.3567925146928416
123,kyc,0.3495753925740679
123,phone,0.34332363702981056
123,atm,0.34332363702981056
124,ur,0.4698669750744959
124,dfi,0.4588883506475499
124,lap,0.25031335476086186
124,apy,0.23493348753724794
124,number,0.23032786112572065
125,bitstoreswap,0.31571603331006376
125,daos,0.30479143876021836
125,socialfi,0.30479143876021836
125,role,0.30479143876021836
125,project,0.28346676952041616
126,realize,0.42678481106822247
126,couple,0.40838161825572733
126,bitfinex,0.374523556071479
126,ago,0.32525545406334144
126,worth,0.3117001701087258
127,ape,0.7033507307625246
127,usdc,0.3516753653812623
127,moon,0.2652285881419706
127,sol,0.2624953389636908
127,token,0.2550655797616705
128,number,0.5182318002710454
128,day,0.30335002047348747
128,bcha,0.28159932505690355
128,abc,0.28159932505690355
128,market,0.2638579066350849
129,zep,0.2684138272661344
129,dent,0.251921822561555
129,hokk,0.24603557129987283
129,akro,0.24603557129987283
129,explode,0.24603557129987283
130,rise,0.4369001202296817
130,continue,0.4369001202296817
130,latest,0.41965770408959496
130,breaking,0.4147549804284512
130,news,0.31731684646862673
131,say,0.3730159985229676
131,really,0.3718245877832555
131,know,0.3551010264466378
131,buffett,0.27969650552980796
131,existence,0.271920417901007
132,btcusd,0.5734873145393116
132,fractal,0.4874453916553357
132,broke,0.3930836196636367
132,support,0.29138349937906804
132,next,0.2789943911305608
133,discounted,0.31322021414975887
133,exclusive,0.2871063503542817
133,lesson,0.2871063503542817
133,virtual,0.2871063503542817
133,pro,0.2871063503542817
134,catcoin,0.4024849893860305
134,babycat,0.4024849893860305
134,babycatcoinbsc,0.3885579636491939
134,mobile,0.3492998830334257
134,baby,0.3441992571907817
135,net,0.4652457582815085
135,december,0.4316606986699302
135,bet,0.4137351285793236
135,number,0.35750984328447294
135,move,0.3293329167466294
136,number,0.638663157266936
136,price,0.42874248038021845
136,updated,0.33048334975040605
136,minute,0.2794175480369847
136,ltc,0.24500680449202153
137,bnb,0.5067049129414347
137,update,0.4474157461899594
137,binancecoin,0.3110346356001107
137,price,0.29688912496646663
137,number,0.28430474690114066
138,number,0.44749232978572384
138,schedule,0.26828180493916726
138,citizen,0.2547288350976398
138,jan,0.237654112427957
138,usdc,0.22640728012538053
139,nftdrop,0.4048171042175822
139,giveaway,0.35813872295662624
139,ultimate,0.251410015429285
139,nftartwork,0.24294792322961775
139,nft,0.2399536707686987
140,number,0.7490294887663577
140,addr,0.37510891939499136
140,tx,0.32770323569959126
140,whale,0.2975467832626825
140,alert,0.2712504305567623
141,season,0.7745357872178649
141,bear,0.5909612406235745
141,url,0.17429450312829947
141,bitcoin,0.14311028117751487
142,volume,0.5060897230208615
142,fil,0.5020228933883456
142,number,0.2571803865601821
142,vol,0.25619367720148195
142,boost,0.25619367720148195
143,usesaitapro,0.3297795986838659
143,wearesaitama,0.3183683682542293
143,saitamallc,0.2961705835477661
143,saitamatoken,0.2961705835477661
143,saita,0.2961705835477661
144,whale,0.42642627266351385
144,ponzi,0.2993472331188558
144,rekt,0.2892716445149502
144,cycle,0.2850475766087611
144,saving,0.27773802016011107
145,burned,0.4167636186576051
145,pitbullcoin,0.3968550444890188
145,bscpitbull,0.3866783771967179
145,pitbulltoken,0.3706207875798742
145,metaverse,0.2554313426041816
146,aim,0.2954685436061304
146,incredible,0.28272777955597406
146,hr,0.28272777955597406
146,project,0.28265447346225964
146,waste,0.2776715170131805
147,fix,0.9355067573691069
147,user,0.30044397916273824
147,bitcoin,0.185904605380284
148,number,0.6418031176659337
148,𝗽𝗹𝘂𝗻𝗴𝗲𝗱,0.29926985746403684
148,𝗔𝗖𝗧𝗜𝗢𝗡,0.29926985746403684
148,𝗣𝗥𝗜𝗖𝗘,0.29926985746403684
148,𝗕𝗜𝗧𝗖𝗢𝗜𝗡,0.29926985746403684
149,economy,0.4957192008794685
149,fee,0.43521813593392317
149,finance,0.4011070243902985
149,coinbase,0.38335497681119113
149,cryptocurrencies,0.3226431031226312
150,closed,0.7143896656781136
150,open,0.5844345155855128
150,market,0.36513263765094506
150,bitcoin,0.12149839293876971
151,deeplearning,0.30987233367937395
151,movie,0.30987233367937395
151,iot,0.2831115992017642
151,innovation,0.2785642813570591
151,announced,0.2785642813570591
152,hedera,0.34757252927142096
152,nuke,0.34757252927142096
152,hbar,0.2896167443098303
152,lunc,0.28028794658963707
152,listing,0.27505534347041266
153,diversify,0.5766078472317697
153,rule,0.460509568866242
153,portfolio,0.4485909309656539
153,cryptocurrecy,0.4268372778979654
153,ethereum,0.21530504667591574
154,solid,0.4585232564945917
154,dropping,0.44577544966879235
154,fud,0.4007322384215609
154,nothing,0.38695506540487257
154,tell,0.37932664688983125
155,february,0.46161536056424035
155,stream,0.4338107734924358
155,seems,0.40982417168456386
155,far,0.3688188050528557
155,bullish,0.2820728861515252
156,watchinwhales,0.4546604341977869
156,whalealert,0.44617252868804913
156,hash,0.4256734311318184
156,large,0.4227872621111957
156,transaction,0.3757816689782718
157,got,0.5797181941375626
157,need,0.3981757108160904
157,hacked,0.39202764860902567
157,user,0.21995320804964255
157,finding,0.21070492771958357
158,naks,0.5566811568203135
158,number,0.5457680023546493
158,per,0.2891844065814186
158,one,0.21332240009786033
158,steady,0.19770805396393654
159,tether,0.5459933324179674
159,moving,0.5087028595205468
159,need,0.4301898224360102
159,user,0.3564568189801403
159,get,0.3447112912593602
160,follower,0.522166334423781
160,sir,0.46057230814269506
160,trend,0.3888805841074906
160,need,0.3600085580845645
160,die,0.2960042086908126
161,withdrawal,0.3363142623437426
161,musk,0.3137707887822307
161,busd,0.305724674797234
161,uniswap,0.30219227434533963
161,deposit,0.29035339663846615
162,wallstreet,0.3565938348794691
162,overbought,0.3565938348794691
162,market,0.3560011726142473
162,daytrading,0.34121731507641334
162,weakly,0.3351150341760963
163,vaccine,0.5689028917774867
163,fruit,0.5689028917774867
163,powerful,0.4513665497190327
163,altcoins,0.34004148191433314
163,url,0.11188535831864424
164,user,0.6434863424714311
164,future,0.48252435360713836
164,nfts,0.41977947802939064
164,nft,0.3648793616799384
164,url,0.16164325156353757
165,babydoge,0.4263487109836269
165,user,0.2804783456874625
165,babydogecards,0.2686851902684999
165,babydogeexchange,0.2686851902684999
165,babydogewallet,0.2686851902684999
166,cryptocurrencytrading,0.4597940014188996
166,bitzippwallet,0.4597940014188996
166,cryptoinvestor,0.42773551423693884
166,tokensale,0.41333856448788187
166,token,0.2814312876016162
167,well,0.7783472033978183
167,url,0.4274261909414229
167,btc,0.42507714270419955
167,bitcoin,0.17547622349063466
168,cutting,0.40136437323093177
168,table,0.40136437323093177
168,giving,0.309778284906947
168,left,0.309778284906947
168,looking,0.2800793482417711
169,number,0.8704000814960248
169,jun,0.1991419977258786
169,tictoknextblock,0.1680203557898282
169,recipient,0.1680203557898282
169,remaining,0.1622438165197163
170,fraud,0.40940831382858606
170,buy,0.4024034172845919
170,banking,0.3887259625545309
170,central,0.36804361128047575
170,fight,0.36804361128047575
171,cardanoada,0.32831778418894353
171,hodling,0.32831778418894353
171,vechain,0.3162024683595974
171,usdc,0.31278035029814183
171,shibarmy,0.3011752878584284
172,let,0.8884516573459794
172,user,0.3902955050429368
172,bitcoin,0.24150170041318833
173,dash,0.47058571757800993
173,xrp,0.45634358670454434
173,putting,0.2973268325455923
173,xrparmy,0.2870385520921243
173,xrpcommunity,0.2725380352168097
174,load,0.5968607121120925
174,waiting,0.4882853404999106
174,hit,0.44445591015724634
174,binance,0.26793739518824516
174,ethereum,0.24313844648453092
175,number,0.8353720691039163
175,sep,0.19697279947147184
175,tictoknextblock,0.19149460617173047
175,recipient,0.19149460617173047
175,remaining,0.18491102225199818
176,made,0.5122239636641546
176,luna,0.4585509960329213
176,also,0.4585509960329213
176,back,0.43996533577156305
176,number,0.3328633467481218
177,user,0.8331518814057052
177,bsc,0.29828138899188217
177,excited,0.269418696468258
177,part,0.22210210343615283
177,great,0.17987188695935327
178,dip,0.3917411618139239
178,saved,0.2768482248041777
178,rose,0.2559938843848499
178,simple,0.22766328024099494
178,report,0.22428172864455354
179,great,0.4810748659312136
179,ambition,0.2948156665819231
179,defi,0.29213845139443967
179,project,0.2647013005130201
179,decentralization,0.24565679487377617
180,giveaway,0.5370107136524299
180,newyear,0.41975522259861964
180,airdrop,0.40001598233318425
180,airdropcrypto,0.3541564444017503
180,luck,0.3292920721997781
181,capable,0.6852605141699403
181,achieving,0.5781689282741979
181,people,0.4096327712260381
181,url,0.13010588760494193
181,bitcoin,0.10682775316377843
182,number,0.7565171965910094
182,stats,0.29006633551518113
182,terra,0.27746958363831237
182,polkadot,0.25585050750187927
182,tether,0.2538215505790707
183,number,0.7729587361568747
183,btc,0.6344562965238559
184,onlyfans,0.7202548366251788
184,monster,0.24008494554172624
184,rid,0.24008494554172624
184,killer,0.23177738301451942
184,october,0.22006853126195197
185,sanction,0.43857332666677745
185,us,0.4233975507520143
185,iran,0.4116263044497737
185,used,0.3334688498828742
185,china,0.32465642951587675
186,million,0.3674434335963887
186,traditional,0.27460356593219687
186,participant,0.27460356593219687
186,class,0.27460356593219687
186,charles,0.2651015695074389
187,maanky,0.4057714566458236
187,sponsored,0.4057714566458236
187,due,0.3841821916834745
187,oil,0.37349734426287834
187,bottom,0.3256858344960112
188,please,0.41817219955545065
188,qr,0.39376537342468343
188,mine,0.32080624743793007
188,scan,0.32080624743793007
188,code,0.3039132772381337
189,current,0.6598056426526541
189,number,0.5716019064740826
189,price,0.4476773383806637
189,bitcoin,0.19368214976945358
190,lovely,0.57634602128199
190,lovelyinufinance,0.288173010640995
190,qualified,0.288173010640995
190,managed,0.288173010640995
190,experienced,0.25417585329580483
191,user,0.5860790986822687
191,contest,0.31190142233417445
191,sharing,0.31190142233417445
191,project,0.2983746805193472
191,thank,0.24303955673154556
192,bitcoincrash,0.5546252094032957
192,breakdown,0.5305394218019832
192,ahead,0.5239584420856869
192,number,0.2893017611514751
192,bitcoin,0.19605458413371227
193,credit,0.4434558752115817
193,card,0.4197681495508901
193,fast,0.4159355247424988
193,exchange,0.306495001006944
193,xrp,0.26889824334339757
194,belongs,0.3120988655551528
194,everytime,0.3120988655551528
194,beauty,0.2963323602067822
194,greatest,0.2963323602067822
194,falling,0.2633851941490456
195,swan,0.4200328660418373
195,cointelegraph,0.4102186349341585
195,ceo,0.3775908043940734
195,risk,0.34278335458576853
195,cryptocurrency,0.30577340802330544
196,office,0.7203994378038733
196,post,0.5647065852551679
196,cryptocurrencynews,0.27748971061632816
196,buy,0.18208056731492508
196,market,0.179800531811991
197,user,0.47791197608968994
197,xlc,0.4578174115813498
197,liquidchain,0.4578174115813498
197,legitcommunity,0.4578174115813498
197,big,0.30334931978706925
198,eos,0.3980466751025581
198,million,0.36831881412563156
198,xrp,0.2816476770474714
198,trading,0.27903598810123353
198,killer,0.26573313543296706
199,cointelegraph,0.525238836432793
199,magazine,0.5146144184084367
199,community,0.38337001042197155
199,stop,0.37774057339403
199,bsc,0.2584267935518523
200,number,0.6867410573494795
200,dot,0.41555524410225325
200,ada,0.3460954771616708
200,eur,0.28787025530254134
200,eth,0.21406319243557975
201,jinx,0.45781977702404664
201,shot,0.4196503270332952
201,might,0.3656391239695333
201,dream,0.3506645837202789
201,guy,0.31382211061941895
202,number,0.4511107346159329
202,equal,0.36810490100791776
202,bitcoiners,0.3522320177824876
202,july,0.3403764049300688
202,report,0.2982110634048112
203,user,0.34115978773483724
203,project,0.3039496291123964
203,rare,0.2937953063119968
203,feature,0.27299524254274393
203,yieldfarming,0.2655713784462926
204,newsletter,0.4275504392081044
204,updated,0.40390998865980937
204,everything,0.37128185593968566
204,stay,0.3485742976940631
204,community,0.3243102633936571
205,transfered,0.49022221194083637
205,number,0.41952488289557005
205,unknown,0.41669951692876045
205,coinbase,0.38300519679492967
205,wallet,0.3642553409301633
206,viral,0.2748966536623225
206,payton,0.2748966536623225
206,thankful,0.26538451564106225
206,blessed,0.26538451564106225
206,influencer,0.2580063281837582
207,leaving,0.3726570746557137
207,ship,0.3726570746557137
207,memecoins,0.3597621722205659
207,hurry,0.3415878280031736
207,board,0.3234134837857814
208,antminer,0.5067738461896596
208,host,0.49493287837992356
208,usa,0.4399046805818902
208,amp,0.2705289315461395
208,nfts,0.26623071337189436
209,adoption,0.6876258848877453
209,look,0.5326068346668138
209,like,0.4467887781070049
209,url,0.1618953896149283
209,bitcoin,0.13292957788852877
210,bringing,0.2887092844252245
210,scheme,0.2828693352202519
210,generation,0.2733483684799049
210,quick,0.2733483684799049
210,instead,0.25155088186249513
211,cryptogems,0.3428616863242534
211,phenomenal,0.3428616863242534
211,fill,0.29321028327543097
211,contract,0.26897017378050125
211,bag,0.26462514421707406
212,tradingview,0.5248498777548876
212,stockmarket,0.48145979483195006
212,live,0.40314681991541595
212,chart,0.3976762108509245
212,going,0.3541398058962986
213,user,0.3494904051579243
213,featuring,0.34679555531898243
213,sustainable,0.3347955286056492
213,doxxed,0.32548758475688055
213,piece,0.3178824408794821
214,future,0.7979968150864418
214,cryptotrading,0.44892436655983736
214,blockchain,0.29954977420556467
214,crypto,0.19079425140035208
214,url,0.13366247627051506
215,tradingview,0.47443687886603797
215,view,0.44307404465192285
215,term,0.42492820171528733
215,long,0.34652270470607344
215,btcusd,0.3263518288218528
216,user,0.5907662385595868
216,hatch,0.46896876764877454
216,count,0.4527412305503595
216,chicken,0.4527412305503595
216,url,0.0890400023235661
217,interoperable,0.3043137542839713
217,libonomy,0.3043137542839713
217,direct,0.3043137542839713
217,thus,0.3043137542839713
217,provides,0.27894244179689676
218,white,0.3051410879114244
218,paper,0.29801134783791083
218,project,0.2919075326349402
218,cyclicallnvesting,0.2867614526721467
218,experienced,0.2867614526721467
219,please,0.9224845971652179
219,user,0.32827249149906623
219,bitcoin,0.20312395062601837
220,hunt,0.37427789748786994
220,experience,0.36977104639485797
220,exciting,0.36977104639485797
220,together,0.36165038021939017
220,bitcoins,0.329829222520592
221,ksm,0.6469588174673777
221,volume,0.44271732997435714
221,number,0.421830639214801
221,bear,0.23609250675194093
221,whale,0.2345970249868482
222,fix,0.9124124247723947
222,user,0.2930270865248091
222,url,0.2208245052108302
222,bitcoin,0.18131528226306054
223,rock,0.46513187195466416
223,coinhuntworld,0.3589307380043291
223,vault,0.3589307380043291
223,location,0.35665783265544504
223,playing,0.3446247872337844
224,feg,0.4398379592949129
224,regular,0.269933892608531
224,shine,0.269933892608531
224,push,0.24242396683194198
224,couple,0.24242396683194198
225,lazy,0.4356318222887461
225,lifetime,0.4356318222887461
225,greatest,0.42545311550779824
225,missed,0.38675587075503554
225,work,0.3142190805175395
226,credit,0.4434558752115817
226,card,0.4197681495508901
226,fast,0.4159355247424988
226,exchange,0.306495001006944
226,xrp,0.26889824334339757
227,user,0.5763279237147688
227,airdrop,0.5449907898247877
227,thank,0.4182427696133817
227,airdropinspector,0.40488743826452883
227,crypto,0.1549904546986525
228,altcoins,0.4567833722473533
228,cnbc,0.38210835325799974
228,lfg,0.34350191113214906
228,recovery,0.3339484607417309
228,inflation,0.2948635462372285
229,process,0.5211765255588288
229,bloomberg,0.5128054262411138
229,portfolio,0.4596992557770074
229,gold,0.40858962667616444
229,cryptocurrency,0.20186043705255002
230,saitanobi,0.4243487038332217
230,shinja,0.3708649529762307
230,saitama,0.33667751227016113
230,hanzowallet,0.21217435191661085
230,wolfclan,0.21217435191661085
231,key,0.4294008370822392
231,coin,0.31893754538782376
231,trusting,0.2881988292331734
231,ledger,0.27822640139635063
231,nano,0.2588274586191008
232,number,0.6577516043758326
232,dominates,0.47654970292046894
232,bsv,0.3970876920306471
232,bch,0.3200651865151967
232,market,0.22326297656210226
233,alone,0.4904066285710646
233,leave,0.4607201811781915
233,call,0.4403491612506276
233,cash,0.4094792558464075
233,idea,0.399354617209254
234,control,0.940972091096935
234,user,0.28783751545176056
234,bitcoin,0.1781041506400652
235,sand,0.5361947643345635
235,number,0.47943985727263394
235,volume,0.41931586155469686
235,sandusdt,0.3473604929756376
235,bear,0.22361296062440628
236,turkish,0.5635004053961506
236,place,0.4500412715344611
236,bet,0.4500412715344611
236,next,0.32252526169431134
236,day,0.30351255188413345
237,influence,0.4897032549327083
237,turkey,0.4897032549327083
237,thought,0.37725630356792755
237,could,0.33921653071053165
237,way,0.327774423897839
238,green,0.4266895722933654
238,candle,0.4120199862249785
238,ta,0.39344400271029767
238,safemoon,0.3512807272867328
238,nice,0.3437614450652714
239,nft,0.5589730033689965
239,nftgiveaway,0.45942030978537596
239,love,0.4362969696610013
239,nftcommunity,0.3739985078171892
239,bnb,0.26736302166238024
240,dca,0.5032329635127257
240,alter,0.2745023514878222
240,basic,0.26500385734565596
240,compare,0.2576362529031669
240,method,0.24211798761419656
241,coinbase,0.37707936552260946
241,recoveryphrase,0.28086202179595776
241,phrase,0.28086202179595776
241,anonymous,0.27429957153521817
241,trustwallet,0.27429957153521817
242,cheap,0.6012081679789081
242,gm,0.53060761198586
242,sat,0.42679070262423763
242,today,0.4039690964845062
242,bitcoin,0.10799521330646587
243,pit,0.5924821872372481
243,upcoming,0.2380860791387272
243,pitmag,0.22212693665983319
243,pitbullcoin,0.22212693665983319
243,bscpitbull,0.21643087215861032
244,grow,0.6915657655865529
244,think,0.5063388266356522
244,blockchain,0.3487668362676335
244,cryptocurrency,0.28001532155289655
244,bitcoin,0.25555996972415207
245,game,0.7075195598204524
245,sat,0.6564307354035036
245,url,0.20229787442002076
245,bitcoin,0.1661033777327549
246,relative,0.39231484004033196
246,cycle,0.3865860914527724
246,great,0.3688230864016552
246,selloff,0.22602474535398742
246,timing,0.21820370226239585
247,cbdcs,0.5387670027771425
247,study,0.4489306033850338
247,salvador,0.4302878661110757
247,el,0.41582743565715485
247,blockchain,0.2292459780726205
248,number,0.9013041457302107
248,last,0.23550549908097446
248,fibonacci,0.17523991804115147
248,price,0.1660939757350074
248,indicator,0.15139389533488745
249,data,0.4577604786836464
249,see,0.33913229563800623
249,curious,0.30315165224095836
249,thread,0.28452527026250024
249,distribution,0.26738739243826026
250,etherium,0.49768220186603684
250,visit,0.44269968206610677
250,nftart,0.39853816795521463
250,solana,0.3810497443205362
250,bsc,0.2861150270041938
251,false,0.6754675301435534
251,true,0.500018727214871
251,xrp,0.3455740077555929
251,binance,0.2779443382484397
251,cryptocurrency,0.23075537538588645
252,cnbc,0.43481233045022005
252,bubble,0.3908809247952424
252,bill,0.3709597698524066
252,call,0.3632074120220617
252,reason,0.350401265335509
253,pamp,0.680043753794797
253,bought,0.500319290404629
253,buy,0.32263983673684954
253,price,0.24504212856405944
253,eth,0.21943243251092315
254,lnbingo,0.4234513672987809
254,draw,0.38814728783613855
254,card,0.3381906915189795
254,learn,0.31753912891085384
254,mined,0.31346231205093555
255,bluesparrow,0.5865648526883946
255,trading,0.24328208031379453
255,huuuuge,0.21997964840440057
255,bestdrawtoken,0.20827552570689817
255,breakdown,0.20248298179987567
256,inr,0.6601709909635448
256,number,0.45093038023529697
256,exchange,0.2857715989058727
256,coindcx,0.22997358276025226
256,btcinr,0.22460016064893298
257,nfa,0.3819745065768256
257,moonshot,0.3819745065768256
257,ratio,0.3730495238246113
257,jump,0.35896694587879524
257,side,0.35320124499173744
258,coinmarketcap,0.5933328045953845
258,polkabridge,0.26882317980072223
258,altcoin,0.26605784844556024
258,explode,0.24641079520594422
258,coingecko,0.23330039066625857
259,wallstreetbets,0.42430823169589144
259,riot,0.4082906432410189
259,mara,0.4082906432410189
259,hodl,0.2844278518906602
259,see,0.2589212263660045
260,airdrop,0.6695306139097399
260,user,0.5900240208679034
260,amazing,0.2986777446562157
260,bsc,0.21123781679051773
260,cryptocurrency,0.16000932558453543
261,number,0.8689122736470535
261,tictoknextblock,0.17705166068449282
261,recipient,0.17705166068449282
261,remaining,0.17096462518230746
261,distributed,0.16606404269240824
262,hyips,0.6679208361628355
262,emilynews,0.33396041808141774
262,monitor,0.32240452044459017
262,paying,0.306117397494346
262,en,0.29992532072866657
263,trading,0.34971144692067796
263,leveraged,0.32378007506379275
263,attention,0.30981850240302006
263,member,0.30427775330781254
263,provide,0.2781942774114149
264,nocoiners,0.4881231722070708
264,magazine,0.4383767987247166
264,quality,0.430536931731446
264,cryptocurrencynews,0.3529342813031829
264,via,0.30153394522700083
265,end,0.5869086798039607
265,may,0.5750581704370639
265,btc,0.32333997686606386
265,price,0.308521506457525
265,bitcoin,0.26695614675046847
266,accepts,0.4562756233507387
266,musk,0.42569102256667646
266,tesla,0.38726138247627545
266,pay,0.37327418874871965
266,elon,0.36848180139386766
267,slogan,0.48669859982514424
267,bluesparroweth,0.48669859982514424
267,bluesparrow,0.3965202681110402
267,happy,0.31970429849866927
267,everyone,0.3174949630628892
268,nifty,0.7201744779322173
268,reversal,0.32370236047126627
268,finance,0.25291619932785264
268,trend,0.252020114479096
268,investing,0.2417227269352419
269,hosted,0.42707353295426476
269,number,0.40706052203973375
269,salvador,0.35330895202443435
269,el,0.34143550651998184
269,user,0.3343640132068962
270,salvador,0.49291281815829424
270,el,0.476347787888572
270,selling,0.46597257967679767
270,buying,0.3999141347023167
270,hodl,0.3792238843173727
271,understood,0.40517618676601336
271,shitcoins,0.3638832364193175
271,anymore,0.3638832364193175
271,yes,0.333714441606482
271,else,0.3235951643361614
272,rainbow,0.4837310780434345
272,haha,0.4540094526856856
272,artist,0.39841444751586547
272,hey,0.37633441112240146
272,dream,0.37051120468688964
273,update,0.5529917232004444
273,price,0.3669455762626953
273,eth,0.3285955801571322
273,recent,0.3162643292237017
273,usd,0.2584217086060955
274,allow,0.5515814469873864
274,house,0.5176909283381543
274,bill,0.45429790938871406
274,plan,0.4058074743237191
274,crypto,0.14948811806786852
275,video,0.5018408991240224
275,stay,0.4844114102756499
275,also,0.4269524378729422
275,need,0.40964750771966546
275,url,0.3836965291039735
276,accordingly,0.30210506008105287
276,decade,0.28907812583663495
276,elsalvador,0.2793481803149353
276,surprise,0.2752690190646191
276,mind,0.2752690190646191
277,joke,0.3751497419894986
277,silly,0.3751497419894986
277,though,0.3372463654232545
277,created,0.33232175018468885
277,even,0.26524501771290204
278,market,0.4566780581355006
278,efficient,0.4467501006933144
278,beat,0.43771333590565115
278,give,0.3543875400965029
278,believe,0.33129571602685626
279,dominance,0.6637308003083524
279,current,0.45670381084964
279,altcoin,0.4255584180087436
279,cryptocurrency,0.2937833440309624
279,number,0.19782550504274848
280,cpi,0.6165685183111901
280,gas,0.487621039942815
280,fell,0.33339839382252284
280,august,0.21707227387851397
280,july,0.20552283943706337
281,user,0.37211372105106905
281,thehodlers,0.369244427398245
281,visa,0.3564676114195835
281,strike,0.3564676114195835
281,explains,0.3564676114195835
282,wow,0.4781853274946157
282,wolfpack,0.3097805165971467
282,pack,0.3097805165971467
282,contribution,0.29906130633790134
282,saitapro,0.2782096792477965
283,user,0.3577549988679285
283,muna,0.27417009952689014
283,sharing,0.26654765635378097
283,airdropdetective,0.2550539766670097
283,vision,0.2550539766670097
284,number,0.737816005538203
284,unknown,0.36642352530804234
284,wallet,0.3203068895295403
284,symbol,0.2004278524711897
284,detail,0.19219998709290415
285,qnt,0.8888611204230022
285,eth,0.3304829963582806
285,url,0.19445826212367093
285,btc,0.1933895586901049
285,bitcoin,0.15966640410526498
286,user,0.6676737043491233
286,supreme,0.5300203259474491
286,crypto,0.2872893622377922
286,good,0.28456876663109276
286,airdrop,0.2525479016411892
287,arrr,0.3156519470473034
287,forbes,0.3047295700485578
287,bullrun,0.25454668773843236
287,alt,0.24362431073968668
287,bitcoincash,0.23831799251245578
288,hiring,0.44004640830404645
288,fidelity,0.44004640830404645
288,announcement,0.37981365742710776
288,job,0.3607173205655734
288,number,0.31456910847447234
289,number,0.9301709511519219
289,hex,0.15507317173753096
289,usdc,0.1497417566118353
289,luna,0.11649083360499346
289,sol,0.11176931064315175
290,looking,0.5016517743124347
290,minting,0.3170378224298147
290,mr,0.31194558406357903
290,nftproject,0.2870702583691226
290,definitely,0.264448118789423
291,promote,0.4751748441221786
291,spanish,0.4751748441221786
291,scheme,0.4267480809381239
291,government,0.3831884574112902
291,million,0.31791261648436314
292,scenario,0.8284978214643275
292,get,0.47848976352034744
292,user,0.24739679747057208
292,bitcoin,0.15308079773900427
293,number,0.5460646387508747
293,pair,0.3030314451615392
293,result,0.28767170180934387
293,trend,0.25988350763079415
293,top,0.2370621735059504
294,gaming,0.46866729398143825
294,pkr,0.3103746853165105
294,several,0.2913045024479245
294,shibnobi,0.26542787670101725
294,purchase,0.2556332730852261
295,number,0.7800154697311604
295,hour,0.47157316481370676
295,day,0.22829331255707264
295,current,0.22509486167551632
295,btc,0.16006214271459798
296,user,0.5314798728484356
296,art,0.4779781037304169
296,moon,0.4320634260040038
296,go,0.3970112599069327
296,nft,0.3013677586471569
297,best,0.5988378675025599
297,time,0.5417191554582851
297,buy,0.500318525644691
297,user,0.26568509678796287
297,bitcoin,0.1643969807996556
298,kotlin,0.49981556171834657
298,reactjs,0.4825206454474531
298,smile,0.4274349345009865
298,always,0.34717712950843066
298,love,0.33439832716528434
299,crazy,0.49724326290949095
299,br,0.29072251786335573
299,theory,0.29072251786335573
299,circle,0.2728598124239085
299,addition,0.2728598124239085
300,exposure,0.39733066603314676
300,uniswap,0.32725265126441383
300,index,0.3144319922122832
300,power,0.29232265685317665
300,use,0.2785739840882138
301,forbes,0.7763965216969372
301,steve,0.2587988405656457
301,ahead,0.22337492664004766
301,economy,0.21840445573771203
301,global,0.20855765775471016
302,avatar,0.35698923652082515
302,nft,0.305997643007105
302,limited,0.30529195690754146
302,musk,0.30529195690754146
302,collection,0.2974632680308161
303,flip,0.5476646496269769
303,confluence,0.31545711283004835
303,fib,0.29169445362098395
303,expected,0.2835818685042271
303,plan,0.24728046640870524
304,chaos,0.5673597060562587
304,etherium,0.4610388563738923
304,tether,0.4535910883456499
304,right,0.35048390190347206
304,market,0.2753346503032568
305,number,0.8163576407893623
305,ranking,0.328559260867934
305,cap,0.2714576896686834
305,change,0.24559886534053638
305,market,0.1847327933618191
306,bouncing,0.3828653152001525
306,nicely,0.3593411300126264
306,flag,0.3509449848974318
306,test,0.30874860347218086
306,pattern,0.30577652052971516
307,project,0.4497427063386465
307,user,0.33653410857987054
307,airdrop,0.31823547340158936
307,attraction,0.29454275156752363
307,projector,0.2817516017361013
308,user,0.5601853526362869
308,contest,0.4173696897077915
308,girl,0.4076176847498641
308,thanks,0.3048238829177753
308,awesome,0.2963926350038305
309,monthly,0.7372878032671811
309,looking,0.6174490029943608
309,url,0.16799643614039575
309,btc,0.16707316157150182
309,bitcoin,0.1379390444412062
310,download,0.5920832440498753
310,please,0.49683262382680193
310,news,0.3903840375548902
310,nft,0.30075765765495427
310,url,0.2664740778549385
311,user,0.5980061374577881
311,defiyieldprotocol,0.2966975165314222
311,inspiration,0.26169468218892333
311,approach,0.2537313626434827
311,achieving,0.25033003012347405
312,dont,0.44175657157315457
312,increase,0.40220330955405054
312,promise,0.2588976217742505
312,prefer,0.24581871893644827
312,mind,0.2293412500576395
313,zesty,0.33632963573133307
313,claiming,0.3340492392950696
313,boltcoiner,0.31232392058187364
313,unlock,0.3108558498780127
313,ln,0.308035133951161
314,fight,0.6299431378563126
314,better,0.4643115033214781
314,want,0.44253185297652137
314,money,0.3814502373856961
314,user,0.18287500053511005
315,number,0.7039112429411603
315,dot,0.42594512918116567
315,ada,0.35474870025312644
315,eth,0.21941528942050798
315,usdt,0.19087954064684254
316,might,0.3737590443713418
316,qtum,0.23399339832280427
316,dai,0.23399339832280427
316,iota,0.20638807066626472
316,monero,0.2030730805375624
317,troy,0.35395983032398276
317,drep,0.35395983032398276
317,ankr,0.3360786068597942
317,xvg,0.3292804812060019
317,exactly,0.32339167690877385
318,close,0.6833998040737882
318,ath,0.6803901722776912
318,url,0.18764310700303133
318,btc,0.18661185828904459
319,orijin,0.46326393742234934
319,launchpad,0.406535689048593
319,ido,0.3701359755779057
319,polygon,0.3328157861158291
319,love,0.3302340962328709
320,hacking,0.5982977871352623
320,hack,0.3187326077132432
320,serious,0.28113018758594904
320,inbox,0.28113018758594904
320,service,0.2655857191728932
321,nftart,0.4722961391071959
321,gon,0.3002199393559165
321,openseanft,0.297478830034544
321,marketing,0.2948944434226827
321,started,0.2838113647252778
322,hash,0.5747635961088706
322,large,0.5708665596392457
322,transaction,0.5073974733153136
322,number,0.1751230677835843
322,url,0.14453803164299986
323,feel,0.4685222165477838
323,banning,0.316459691611629
323,equity,0.316459691611629
323,wise,0.316459691611629
323,covid,0.305509364553545
324,number,0.6850235271079452
324,day,0.40098253496665254
324,avg,0.2872930956116832
324,moving,0.26767143585976094
324,low,0.21896811981315678
325,mine,0.39667305910922707
325,learn,0.36510780802981385
325,bitcoinnews,0.3464582027610075
325,bitcoins,0.31761730327151655
325,earn,0.30586542570286296
326,beat,0.5513218088608035
326,always,0.4264109718238034
326,end,0.42080028562635435
326,bull,0.39777894255409274
326,bear,0.39518785176442084
327,decrease,0.33725670312617667
327,number,0.3103294874361619
327,forever,0.30288566960756097
327,jump,0.2974689062870593
327,binance,0.277551731170065
328,later,0.3274865844652811
328,announcement,0.3274865844652811
328,user,0.29705597259730504
328,open,0.2947195873216851
328,nftgiveaway,0.27688383852137866
329,ltc,0.2936652315732666
329,bitcoinasset,0.23769264898940995
329,inj,0.23769264898940995
329,dcr,0.23769264898940995
329,apl,0.23769264898940995
330,number,0.3380101174915454
330,tear,0.2938713398853287
330,clueless,0.28370262845053734
330,incredible,0.26392186347839064
330,mind,0.25131445784472434
331,affiliateprogram,0.3564361737175015
331,travel,0.331584165054824
331,recommended,0.331584165054824
331,site,0.3256541620102584
331,affiliate,0.31151193254668746
332,seller,0.5129086321774546
332,bid,0.46392694652949557
332,sold,0.44781425114115686
332,alert,0.36314573060753064
332,number,0.28651105115175474
333,inside,0.3586155175291454
333,front,0.3586155175291454
333,sea,0.34049909962716235
333,virtual,0.34049909962716235
333,reality,0.33361155719803576
334,boredapeyachtclub,0.3051749988502398
334,nfts,0.30094270105068566
334,apecoin,0.2691720351075489
334,lucky,0.2648486135240063
334,rare,0.2648486135240063
335,issue,0.41961206022265424
335,oil,0.40794183985227594
335,paid,0.3899044460318744
335,away,0.3861511388421067
335,put,0.37615700210768505
336,zesty,0.3125649545807178
336,claim,0.2993342021447209
336,boltcoiner,0.2902554567897998
336,unlock,0.28889111834285974
336,ln,0.28626971109266497
337,corporation,0.42544088583954687
337,kill,0.3993007530369642
337,giant,0.37524957644248785
337,capital,0.3545009857695651
337,without,0.3111427876616098
338,sand,0.5797708421913428
338,sandusdt,0.3755901753468571
338,entry,0.2597153987911712
338,number,0.25920175682432933
338,stop,0.24759623962954158
339,shinja,0.4827803414167569
339,dojoverse,0.286101767850009
339,mexc,0.26224882905561764
339,avalanche,0.26224882905561764
339,dojoswap,0.25694411624114283
340,sir,0.49396434689633084
340,io,0.31746486499405824
340,memecoins,0.30647975632688007
340,android,0.29795904407437257
340,application,0.29099711524550403
341,bad,0.3348612476350883
341,lower,0.31138638734768365
341,stay,0.29860350690398035
341,level,0.2884345279183931
341,investor,0.2767663712249021
342,demand,0.4654630154796741
342,balance,0.4139895312288413
342,matter,0.4139895312288413
342,supply,0.3906483419379342
342,bullish,0.30265383940593416
343,bullish,0.9865756223669141
343,url,0.16330505611075274
344,user,0.4632594706934721
344,enthusiastic,0.28090814345920695
344,airdropdet,0.2659622909604792
344,wish,0.24713274367588164
344,luck,0.24041218735503064
345,fungible,0.3122698508277471
345,therefore,0.30358816308456443
345,kind,0.30358816308456443
345,meaning,0.30358816308456443
345,piece,0.29649470770297814
346,coingeek,0.41438155560536744
346,blockchainnews,0.365494968636226
346,used,0.3150746576646877
346,cryptocurrencynews,0.2996158855798667
346,bitcoinnews,0.29486542633352836
347,user,0.5164091972341801
347,essentially,0.5124272703444683
347,pizza,0.46970507254766336
347,give,0.37259672683383666
347,trading,0.25973045236727316
348,various,0.41122206346089923
348,brand,0.40161370017872733
348,surprise,0.37469314150593946
348,discount,0.3608665199610588
348,card,0.349923905804229
349,user,0.5250534876133702
349,excitement,0.3259953902963921
349,brings,0.3183783813452686
349,project,0.311857412199458
349,succeed,0.301438906868762
350,url,0.772857173968883
350,bitcoin,0.6345800096479812
351,keep,0.4597573202402548
351,going,0.4066790450321305
351,headed,0.3164754674858951
351,saitapro,0.3164754674858951
351,direction,0.2936298052699171
352,longs,0.41862127723582065
352,retest,0.3790516768437084
352,gon,0.3790516768437084
352,breakout,0.3663131107740215
352,na,0.35133555709810166
353,nftcollection,0.4871164729785289
353,two,0.4680273483188447
353,nftcommunity,0.35302069836476246
353,let,0.35302069836476246
353,go,0.3475339000643376
354,user,0.5027646104383581
354,dino,0.33259192946544697
354,dinosaur,0.3210833850881888
354,project,0.2986188532323966
354,excited,0.27096737301193674
355,need,0.7688349688567346
355,without,0.4623157652645168
355,bitcoin,0.39419087531781094
355,user,0.15926484834501875
355,url,0.12002160534155619
356,gold,0.5662156623092574
356,wrong,0.4213270024635989
356,buying,0.3537218559653845
356,nem,0.2635016101651819
356,nasdaq,0.23687863902054995
357,storage,0.6531235431436893
357,cold,0.6093440339886126
357,get,0.3472023401060355
357,bitcoin,0.22215735947722456
357,user,0.17951637331708323
358,bscgemsalert,0.3458646772782265
358,lunc,0.3162162627124866
358,burn,0.3131722944160512
358,friend,0.30761704121104344
358,rich,0.3050669532244864
359,thats,0.6815521652186398
359,bch,0.4877176047395495
359,top,0.43512107391878374
359,blockchain,0.30898609292048257
359,bitcoin,0.11320525396994387
360,really,0.6874037674796281
360,hope,0.6672300214026327
360,url,0.20338829457427707
360,btc,0.2022705134813841
361,seen,0.4696808168999331
361,eos,0.4433736572812113
361,ever,0.42402254024625524
361,month,0.40280406575556127
361,could,0.398667092925837
362,indie,0.4093602538105052
362,whitelist,0.39797927070044115
362,uk,0.380818188431031
362,book,0.3492453523179311
362,bitcoinnews,0.3017331202889039
363,user,0.9553238406094555
363,bitcoin,0.295561092776434
364,biden,0.4863089991008082
364,order,0.45224999803688304
364,report,0.44894617359966194
364,solana,0.35464672140773396
364,cryptonews,0.3028981476835249
365,dominance,0.6637308003083524
365,current,0.45670381084964
365,altcoin,0.4255584180087436
365,cryptocurrency,0.2937833440309624
365,number,0.19782550504274848
366,user,0.30243909712262534
366,sd,0.30010705040505564
366,airdrop,0.2859943369607227
366,vision,0.26952207049796706
366,glad,0.2647019769378107
367,daos,0.39783086768452885
367,saving,0.3433765031170491
367,yes,0.339409066351976
367,decentralized,0.31112915537195024
367,account,0.2849547017844963
368,undergarment,0.44177670472400077
368,sportswear,0.44177670472400077
368,medicaltextile,0.44177670472400077
368,bitenium,0.44177670472400077
368,sevenplus,0.44177670472400077
369,user,0.3169152505622635
369,extremely,0.3035900478791128
369,airdrop,0.29968336706331017
369,legit,0.2951496749432119
369,upcoming,0.2882533881155987
370,dogeday,0.3174258492154395
370,chr,0.30644209059551103
370,dent,0.2979224255210051
370,ont,0.28507584875013486
370,dogecoins,0.2754806140022154
371,virtual,0.42345067881110154
371,nothing,0.3763700973237635
371,rising,0.36558170933589934
371,play,0.33785498493795146
371,game,0.3067596193796644
372,earn,0.6192976771974702
372,write,0.41587759031160576
372,article,0.39366299170462915
372,sign,0.3584043563935399
372,daily,0.2862117761631177
373,buypit,0.2821011855940335
373,pitbulltokenarmy,0.2821011855940335
373,pitbullish,0.2821011855940335
373,pitbullmetaverse,0.27233975206044153
373,bsc,0.254453618925083
374,short,0.33085896560224554
374,john,0.24564849962378835
374,bias,0.24564849962378835
374,tp,0.23323891147533912
374,enjoy,0.22443416856299322
375,fuck,0.8934843446397782
375,url,0.40212321359942577
375,btc,0.19995661271410034
376,ngmi,0.5005322015377092
376,max,0.46282826130444144
376,sorry,0.4560698456708195
376,less,0.4259211713223615
376,still,0.3203213229279193
377,best,0.4572693199029185
377,day,0.4337212320869849
377,stacksats,0.38869091526191335
377,buy,0.38204048937403046
377,fool,0.3778845785439404
378,actual,0.3278886016760409
378,solananft,0.30774232077651925
378,piece,0.30055180188647285
378,nftcollection,0.25947825089366866
378,openseanft,0.25947825089366866
379,xvg,0.8688830167751921
379,verge,0.23350130264533536
379,canada,0.21722075419379802
379,usa,0.19705546132601548
379,decentralized,0.18261293673145151
380,hoping,0.39248218138996593
380,frens,0.3789012787833716
380,officially,0.3461791690217426
380,sorry,0.33564500256548624
380,fud,0.33114559716873015
381,artwork,0.3407918102092703
381,green,0.3259921959512054
381,nftcollection,0.3057615033744463
381,openseanft,0.3057615033744463
381,ethereum,0.28854384834634617
382,credit,0.4434558752115817
382,card,0.4197681495508901
382,fast,0.4159355247424988
382,exchange,0.306495001006944
382,xrp,0.26889824334339757
383,pump,0.5775181398876502
383,megapump,0.36415003191713097
383,sky,0.35963299911003876
383,powerful,0.3305815927201326
383,history,0.3194942929764852
384,embrace,0.4377590729349059
384,clarity,0.4377590729349059
384,regulatory,0.41086208046679223
384,india,0.34341583973293244
384,elon,0.32405367350397213
385,number,0.5876595991830601
385,dexit,0.41103447375997926
385,usd,0.324134018802241
385,hour,0.23685384694179937
385,dxt,0.20551723687998963
386,saylor,0.5465888184711721
386,lol,0.4696332267073184
386,bet,0.46511243248634077
386,life,0.41231222653096683
386,user,0.2934482858462436
387,number,0.5667431480459928
387,dip,0.4089895367540723
387,news,0.3426353326718583
387,crypto,0.33384958805272213
387,cryptonews,0.3159651792063337
388,user,0.4099965064151805
388,drop,0.3990869715709926
388,irony,0.27122340417680635
388,round,0.2545587721672158
388,algorand,0.2545587721672158
389,soar,0.343330872642154
389,enjoy,0.3136806414916397
389,side,0.3086423259206237
389,eye,0.3041353990643847
389,june,0.2897423814321263
390,nft,0.560203352971238
390,journal,0.43570393834474747
390,search,0.43570393834474747
390,create,0.37260761491286903
390,news,0.24238168862142767
391,tweet,0.9644535665287125
391,bitcoin,0.2642523755996267
392,number,0.3490045845668857
392,tb,0.30343010337659077
392,czech,0.30343010337659077
392,linux,0.29293063390444196
392,blackfriday,0.29293063390444196
393,user,0.6368464377593651
393,reminder,0.40671281504648
393,tomorrow,0.37835533859469866
393,talk,0.3432314102243728
393,set,0.3203279150417489
394,war,0.6625041177688915
394,youth,0.37555850350059355
394,nigerian,0.37555850350059355
394,stronger,0.3625632040934795
394,anything,0.2946203672806065
395,rich,0.37782480975957244
395,number,0.3351538779493065
395,change,0.30249026171631893
395,volume,0.2931240174422871
395,btcusd,0.2856856213877492
396,user,0.5687446756555384
396,lunapad,0.3224909717001096
396,participating,0.30267633444154085
396,popularity,0.2956041842904656
396,project,0.28954967218136546
397,cardano,0.5098772289074982
397,number,0.3867308346442575
397,price,0.3028867272175968
397,recent,0.261053065661318
397,alert,0.24508592413938526
398,play,0.5491138983343817
398,get,0.36586616051310356
398,rank,0.3311257177408198
398,betfurysuccess,0.3128168576914201
398,username,0.3128168576914201
399,leo,0.3522892594539957
399,hive,0.3400991363124811
399,passive,0.29015528884115716
399,bring,0.28701506776786373
399,lunc,0.2840915918899791
400,nftnyc,0.29348255442985416
400,prin,0.29348255442985416
400,nftcollections,0.28332729598135364
400,nftlaunch,0.2754502655658005
400,nftcommumity,0.2754502655658005
401,cryptocurency,0.5119595985465726
401,looking,0.49132759369168855
401,matic,0.4547308394690045
401,link,0.42926040141119287
401,cryptocurrency,0.2405338694212047
402,merrychristmas,0.5184195705246015
402,paris,0.47519778137431257
402,book,0.4269848602810371
402,link,0.3160627590301024
402,going,0.29914467271635525
403,number,0.38479701009194084
403,approx,0.3345486039849546
403,market,0.313471256713142
403,october,0.30665654503484785
403,fear,0.2647487169642524
404,life,0.9224845971652179
404,user,0.32827249149906623
404,bitcoin,0.20312395062601837
405,inu,0.6678251042330487
405,shiba,0.5193250482013827
405,contract,0.3143689820207271
405,keep,0.2614154581728456
405,let,0.2298246023668526
406,prime,0.3910300330386297
406,recommended,0.35117876767377837
406,program,0.3393586056744769
406,tool,0.33440314660304854
406,amazon,0.30675756474092647
407,defend,0.5894207804873024
407,trying,0.5385180980344477
407,key,0.45484140840818527
407,support,0.36497095385458933
407,url,0.11592058359771995
408,great,0.454238066145363
408,team,0.3225953801328912
408,ambition,0.27836935109529687
408,bitstoreswap,0.27836935109529687
408,daos,0.26873704872554977
409,altcoin,0.5311144030381081
409,ether,0.41418166445074694
409,gain,0.4080296988498051
409,via,0.3315015040466512
409,year,0.301840169982852
410,min,0.6319282075103057
410,delayed,0.47469795124415065
410,derivs,0.2427505878421368
410,oi,0.23994580184715653
410,sheet,0.23493138824497997
411,shiba,0.4645582421024383
411,upwards,0.34606808356642293
411,method,0.31618146546944
411,shibaarmy,0.3065601234428521
411,inu,0.29869891460933073
412,saw,0.9267188681644097
412,user,0.26903017641906474
412,url,0.20274049166950484
412,bitcoin,0.16646680330206884
413,update,0.7881352385298951
413,url,0.551126264751763
413,btc,0.2740486929145897
414,day,0.3909798375267609
414,project,0.32587231022270546
414,growing,0.3024267244334339
414,seen,0.27799648111197617
414,idea,0.265437609148862
415,bar,0.5804295217452813
415,discord,0.5011077495599362
415,join,0.3516291164304221
415,nfts,0.31222044924995623
415,bnb,0.25961509701653346
416,london,0.5381563620985769
416,user,0.4611587892545162
416,happy,0.40078907167578903
416,hour,0.3394187374474149
416,cryptocurrencies,0.32353363099315025
417,cointelegraph,0.4033605623568303
417,virtual,0.4033605623568303
417,firm,0.3952014718026672
417,group,0.3818995701814129
417,stake,0.3452117617339316
418,missed,0.842415695728177
418,number,0.2907104896354913
418,br,0.2527482956483948
418,millionaire,0.21060392393204425
418,miss,0.16975339590464972
419,gm,0.7376328211964195
419,bull,0.624018735424029
419,url,0.18284543362490513
419,btc,0.18184055195727752
420,surprised,0.323423777964123
420,star,0.295492733772231
420,season,0.2826603289289202
420,sxp,0.2826603289289202
420,gem,0.2529380574485171
421,dfi,0.4621875750120096
421,volatility,0.38916824929164784
421,number,0.2899797833208738
421,go,0.28468478015627513
421,get,0.2457002343533635
422,user,0.8503721975106423
422,bitcoin,0.5261816470582391
423,trend,0.3711748680566674
423,horizontal,0.28252714996607187
423,immediately,0.272750976959136
423,closed,0.25897223499110544
423,superb,0.230178885440482
424,offer,0.5068800007993789
424,dope,0.333320560900251
424,health,0.31284052708645815
424,smile,0.2850508528114145
424,affiliate,0.2812296746747331
425,trading,0.4204984447614678
425,start,0.356040207998271
425,reliable,0.25954544183576134
425,legit,0.25954544183576134
425,paying,0.2534810617477826
426,nakamoto,0.5205037305009477
426,name,0.45182289699695566
426,guy,0.3801473181139925
426,really,0.3558689827838133
426,like,0.29058417472800685
427,knowing,0.5627673268454697
427,january,0.5127766148001901
427,imagine,0.5059027157391958
427,investing,0.3777797104549627
427,url,0.11384375509329164
428,better,0.75278868779329
428,buy,0.5583382375934018
428,user,0.2964954146046774
428,bitcoin,0.18346136675047184
429,user,0.34370135245046174
429,liquid,0.32009612119744235
429,boring,0.3126169509608201
429,said,0.28418276109537643
429,tether,0.26322774146655503
430,london,0.6965691363808729
430,bitcoinatm,0.3948691871152401
430,state,0.3002384451472827
430,march,0.29416698176119865
430,digital,0.2695267999022365
431,user,0.4475705871938628
431,airdropdetective,0.3988576625910596
431,project,0.39875424616258365
431,developing,0.37006501239230133
431,interesting,0.36183043833452233
432,naks,0.5685451317037781
432,number,0.5573993963632383
432,per,0.29534749741777505
432,one,0.217868721750451
432,satoshinakamoto,0.18508695126947092
433,hash,0.5747635961088706
433,large,0.5708665596392457
433,transaction,0.5073974733153136
433,number,0.1751230677835843
433,url,0.14453803164299986
434,revolutionizing,0.3649713501804861
434,smartcontract,0.34254661414687904
434,leading,0.32777581812994977
434,innovation,0.31674336507074713
434,creating,0.3006006135256445
435,expect,0.5606111338360644
435,company,0.5554925650697126
435,elonmusk,0.4533453116361083
435,follow,0.3525867063955811
435,url,0.1332738213949716
436,domain,0.5589322299723507
436,dan,0.3275700564170482
436,vr,0.3110219826607443
436,startup,0.28628402177770246
436,meta,0.27946611498617535
437,bnb,0.5067049129414347
437,update,0.4474157461899594
437,binancecoin,0.3110346356001107
437,price,0.29688912496646663
437,number,0.28430474690114066
438,canada,0.6887500213375973
438,leader,0.3598938279657476
438,party,0.3382162579991691
438,maxi,0.327924401415067
438,people,0.22921998488375875
439,fooled,0.5980738720084798
439,healthy,0.5814462962422943
439,strong,0.401424112510408
439,see,0.3465196905936378
439,btc,0.11697594646457476
440,cryptocurrencies,0.5803382908854569
440,betting,0.4458251718589364
440,payment,0.3978928112341329
440,take,0.3457908615633302
440,via,0.33803843026824215
441,inr,0.691038129287739
441,number,0.44251331851256664
441,ripple,0.3955798195030227
441,usd,0.29289123261641226
441,eth,0.18621261546418205
442,user,0.7194545832487634
442,xrp,0.3246577086082648
442,zilliqa,0.29083866827531857
442,zil,0.2585023082065387
442,safemoon,0.2203943543226762
443,forming,0.43072784899960637
443,setup,0.40069595823231674
443,ultimate,0.40069595823231674
443,alpha,0.40069595823231674
443,litecoin,0.2881524697165185
444,fight,0.7393064791544223
444,win,0.5972611006884823
444,bitcoin,0.26560371321480497
444,url,0.16173983742783415
445,spike,0.6470474296152456
445,number,0.3528332735396478
445,second,0.2937003310442564
445,ago,0.2742733544236192
445,real,0.25188102899162207
446,space,0.46755416373534286
446,mined,0.44119294100803225
446,block,0.39431467175265106
446,week,0.3624363143192601
446,free,0.32978447112730636
447,number,0.718936463217621
447,performance,0.2933249148338465
447,shibainu,0.24121271622644067
447,elon,0.2313501797833357
447,mana,0.22354480733177476
448,user,0.5089542495653779
448,tronnetwork,0.40402384501565874
448,wish,0.32581117423194506
448,address,0.28899047932562855
448,reward,0.28604434915752236
449,mining,0.48500374601350627
449,earnmoney,0.37424873831595895
449,btcmining,0.37424873831595895
449,cloud,0.3361077145506138
449,site,0.33009681300392024
450,block,0.5016222598038671
450,subsidy,0.36597949748954733
450,number,0.3488294024530159
450,total,0.2925922246618214
450,mined,0.2806289188965176
451,energy,0.5539402722588662
451,user,0.23514122575465068
451,tree,0.23332809931397724
451,consumption,0.21899184789656678
451,resource,0.21899184789656678
452,eclipse,0.6333264243254791
452,season,0.5343510277161313
452,crash,0.30878547521438354
452,november,0.19813776450777953
452,surprise,0.18053715505817716
453,fam,0.4289739932665813
453,deserves,0.4289739932665813
453,picture,0.4289739932665813
453,bullrun,0.36857768366868515
453,reason,0.35558218928663693
454,number,0.8220957482504303
454,shorted,0.3327902786886683
454,utc,0.28312881838558246
454,btcusd,0.26278332521040665
454,binance,0.18381599827940515
455,fuck,0.912498625965434
455,china,0.40029943401348567
455,bitcoin,0.08430077543936448
456,banker,0.7284155968490773
456,value,0.4819205112252438
456,short,0.4735699739959176
456,bitcoin,0.11355535591467328
457,cryptolatest,0.4573821987005981
457,suspended,0.4573821987005981
457,required,0.4292795131959425
457,action,0.36195443300584756
457,account,0.316273448914916
458,modernart,0.31699161649386914
458,artoftheday,0.31699161649386914
458,raredigitalart,0.3081786548060482
458,digitalmarketing,0.30097794080187584
458,animation,0.2896160570823663
459,ftt,0.4319153091404009
459,ftx,0.405111152639295
459,user,0.3869212259520037
459,crash,0.37438640631604747
459,stop,0.33746549842969514
460,saitacard,0.30007215581906715
460,saitarealty,0.30007215581906715
460,usesaitapro,0.30007215581906715
460,wearesaitama,0.28968888005175175
460,saitamallc,0.2694907321436962
461,staking,0.5143563655898844
461,payouts,0.29127415715309907
461,betfurysuccess,0.29127415715309907
461,username,0.29127415715309907
461,hunt,0.25876499412523835
462,coinhuntworld,0.3811569939090602
462,vault,0.3811569939090602
462,location,0.3787433422529292
462,playing,0.36596516826317177
462,found,0.36045041552561885
463,update,0.5529917232004444
463,price,0.3669455762626953
463,eth,0.3285955801571322
463,recent,0.3162643292237017
463,usd,0.2584217086060955
464,protection,0.32047987122856186
464,needed,0.32047987122856186
464,dapp,0.3093904355168181
464,precious,0.3093904355168181
464,legit,0.30078880092172566
465,checking,0.7828592507256792
465,stop,0.5345734464409888
465,price,0.29220084116314515
465,bitcoin,0.12641713624735273
466,increasing,0.3238095581263649
466,designed,0.3172596081470723
466,tax,0.2943573405555896
466,liquidity,0.2726520695340308
466,user,0.26700515452463347
467,shib,0.3500974322046046
467,struggling,0.29874253104162546
467,alice,0.2904369281688649
467,band,0.26463736918453157
467,icp,0.26463736918453157
468,illustration,0.278449698739592
468,artwork,0.26167777225027555
468,cryptoartist,0.244352583912162
468,artist,0.244352583912162
468,nftcollectibles,0.23694304078174439
469,number,0.799200533053897
469,btcusd,0.5109297159918079
469,bitcoin,0.27080189129108595
469,btc,0.1639989907166137
470,bpi,0.46275971697468865
470,coindesk,0.41559822367962
470,based,0.3695844216754469
470,cap,0.31858271232630664
470,worth,0.31720829544463724
471,poll,0.283914152232559
471,nearly,0.26646976949711415
471,wallstreet,0.26646976949711415
471,xrpcommunity,0.26024359980306433
471,followed,0.26024359980306433
472,bearmarket,0.30040544170057426
472,worst,0.30040544170057426
472,spx,0.292050587211296
472,scenario,0.292050587211296
472,consider,0.292050587211296
473,speaks,0.40338467053396215
473,probability,0.3697535960769644
473,triangle,0.34496865130731513
473,missed,0.33612252161996664
473,happen,0.31922289525296293
474,number,0.8779041077376273
474,volume,0.25593694510681125
474,low,0.24944221847436188
474,high,0.24173867181078282
474,btc,0.16013267888518862
475,buyer,0.9008545870205404
475,price,0.3984311640763377
475,bitcoin,0.17237639205188793
476,bitcoinbutton,0.6078979882156099
476,making,0.44896403373985844
476,way,0.41662052972370217
476,moon,0.4074941423260963
476,btc,0.2504468361682273
477,shoulder,0.4689881324913469
477,head,0.4246576743888278
477,amp,0.2664043399116698
477,played,0.26585869653331057
477,who,0.25665929529693304
478,wtf,0.5567356119531613
478,kind,0.5567356119531613
478,getting,0.42889651419396624
478,resistance,0.40157064550564464
478,user,0.14944790807665526
479,hundred,0.37050062947457735
479,saitarealty,0.37050062947457735
479,wearesaitama,0.35768034564218437
479,passiveincome,0.3396111704385405
479,saitapro,0.33274158884974325
480,merchant,0.2982223697774872
480,digibyte,0.289931228363812
480,accepts,0.28315687256801525
480,accepting,0.27742923635386235
480,easily,0.27742923635386235
481,etf,0.5179162247868649
481,great,0.3704992338340985
481,possibly,0.3196519580441689
481,actually,0.2912572232629798
481,stuff,0.2746473681980615
482,david,0.41022081061024107
482,interview,0.3960261053719913
482,thinking,0.38501583660645194
482,confirmed,0.3760197919964674
482,ceo,0.3461120574174472
483,claiming,0.33960006870260095
483,boltcoiner,0.3175137447128905
483,unlock,0.31602127937172236
483,ln,0.31315369217238975
483,faucet,0.31315369217238975
484,url,0.772857173968883
484,bitcoin,0.6345800096479812
485,inside,0.644556561618749
485,dollar,0.4538361485137316
485,million,0.44669308557531867
485,url,0.3802921881519652
485,number,0.15358803005287225
486,kin,0.726299385818644
486,april,0.2928496160026664
486,end,0.24892852781589506
486,bch,0.24390231172456814
486,solana,0.21812247292207948
487,air,0.5556450623939955
487,user,0.30544722357549364
487,aircoindaolabs,0.30309198180316027
487,aircash,0.2926042122154283
487,aircoin,0.2926042122154283
488,trading,0.40424190079537986
488,made,0.3764313676154159
488,afterwards,0.265845574255218
488,emotionally,0.265845574255218
488,mistake,0.24368143923738067
489,trough,0.38702177332648663
489,suffer,0.3736298150175411
489,bottomed,0.3736298150175411
489,buy,0.36723708162267077
489,capitulation,0.3632422051444551
490,dai,0.3453013584882155
490,google,0.31651281855176316
490,accepts,0.31651281855176316
490,cloud,0.3101104654485545
490,apecoin,0.30456449492864884
491,blue,0.38098273121250936
491,coinhuntworld,0.355375807463369
491,vault,0.355375807463369
491,location,0.35312541347889576
491,playing,0.341211546038224
492,project,0.3864767684349254
492,bountycampaign,0.2869634713637423
492,alicenft,0.2869634713637423
492,aliceincrypto,0.2869634713637423
492,bscgemsalert,0.25310900918987467
493,stolen,0.5541030986622888
493,leave,0.467508616186718
493,bank,0.3766472112665464
493,want,0.33781779104734083
493,money,0.2911896075308197
494,maanky,0.394661126532058
494,sponsored,0.394661126532058
494,major,0.3472084711429716
494,index,0.3407265508491111
494,lower,0.3228680304134228
495,pitbullnewlisting,0.3335276996238002
495,pitbullarmy,0.3335276996238002
495,number,0.30689821465547773
495,burned,0.299536702152454
495,pitbull,0.2941798312794751
496,boy,0.4464203006108624
496,user,0.38254800988607857
496,watch,0.36395856135716076
496,well,0.34998257792150755
496,thanks,0.34693805430400554
497,hate,0.36489873762773234
497,firm,0.36489873762773234
497,coindesk,0.36489873762773234
497,millionaire,0.338557506918431
497,russia,0.33102402828581323
498,support,0.5043726503956432
498,trying,0.37210331058272483
498,test,0.34020565251524276
498,add,0.32821051324908723
498,momentum,0.32077137377624826
499,dip,0.3972646679067577
499,saved,0.28075175347452574
499,rose,0.2596033692129966
499,simple,0.23087330675366194
499,report,0.22744407566201588
500,love,0.7273960374942925
500,like,0.5696729861511445
500,user,0.2739165995134691
500,url,0.2064228883205095
500,bitcoin,0.16949035717596522
501,number,0.5573326861548213
501,november,0.3789847250405233
501,closed,0.3701295996955049
501,contract,0.31677140282179217
501,respectively,0.2018974368500269
502,narrative,0.5473679758237499
502,till,0.4560974120418532
502,continue,0.4192535425877098
502,per,0.4003131893128055
502,could,0.35586420609107206
503,number,0.799200533053897
503,btcusd,0.5109297159918079
503,bitcoin,0.27080189129108595
503,btc,0.1639989907166137
504,explains,0.4354236192495412
504,ct,0.4134270355404229
504,blockchainnews,0.39782021102764603
504,expert,0.39143045183130465
504,digital,0.3078609223825441
505,hex,0.766490624305907
505,investing,0.28618605623972
505,bullsbears,0.22711604413183087
505,moonshot,0.21316147664006813
505,strategy,0.18138690284545475
506,luffy,0.6861870070367375
506,luffycrew,0.3585545713424578
506,luffytoken,0.35017680447618815
506,coinbase,0.24069386348943364
506,metaverse,0.21027947334929936
507,college,0.536934849942834
507,gld,0.5220070537009621
507,looking,0.3881125922686108
507,around,0.37501772510538645
507,go,0.3140179443402195
508,carbon,0.4867529169136783
508,tree,0.4867529169136783
508,required,0.45684562235485976
508,report,0.37010215968666255
508,cryptonews,0.2497031163533825
509,number,0.6610804693202722
509,fx,0.38624208378807956
509,chance,0.35916526012432176
509,billion,0.32557030860486613
509,big,0.3063779175850573
510,kick,0.48319523647943025
510,early,0.4250975534271725
510,around,0.35543971850200007
510,bull,0.34157366546595214
510,people,0.31511466390047715
511,pilled,0.31512767131527586
511,advised,0.31512767131527586
511,deep,0.31512767131527586
511,adopting,0.31512767131527586
511,surprised,0.30422343561820775
512,matic,0.33236657811984294
512,storing,0.2573130602093512
512,prevent,0.2573130602093512
512,fil,0.23108936847764266
512,qnt,0.22331123943579978
513,biggest,0.3467885952940767
513,second,0.34142256571985913
513,fall,0.3279482046813153
513,latest,0.3279482046813153
513,crash,0.32599833347403256
514,anything,0.6300186915799112
514,know,0.49216336782537806
514,telling,0.3876541149655782
514,tell,0.32069809655264975
514,without,0.29366946103912106
515,happens,0.6122807527472288
515,consider,0.5504130762991464
515,tweet,0.37117653408712614
515,new,0.3306589942613485
515,user,0.16435822621918328
516,iq,0.3661522403598477
516,explorer,0.3661522403598477
516,dogeusdt,0.3534824220819764
516,dogearmy,0.287241286057752
516,system,0.27840353950117547
517,generate,0.4711551391878262
517,especially,0.44277594037636675
517,wealth,0.40092315367707815
517,love,0.3358592780627221
517,buying,0.32528031363429194
518,access,0.5493918209015964
518,granted,0.3371684268019749
518,approved,0.32550152373340846
518,forget,0.2746959104507982
518,buythedip,0.2645038917076874
519,dad,0.4220594108006603
519,successfully,0.4007379556717476
519,purchase,0.36007962730159976
519,used,0.3324149278897786
519,bitcoinnews,0.31109347276086585
520,bscgem,0.39134506825372023
520,marketcap,0.2812585675227149
520,locked,0.2670500419606817
520,dog,0.2528415163986486
520,web,0.24914941675797156
521,wanted,0.5734974978558367
521,instead,0.5100015567938508
521,remember,0.5053450705383368
521,people,0.38172655888733087
521,bitcoin,0.09955011774771359
522,number,0.8746915067380983
522,sep,0.1736791152899379
522,tictoknextblock,0.1688487642554838
522,recipient,0.1688487642554838
522,remaining,0.16304374430509325
523,announces,0.6200305279636402
523,launch,0.46699663168370975
523,via,0.39674707322627684
523,exchange,0.3745234105339064
523,url,0.24388112204162765
524,ignorant,0.44315062611635647
524,politician,0.39087001340323085
524,etherum,0.36499125213246025
524,dogearmy,0.3476454374220429
524,despite,0.3476454374220429
525,appreciate,0.31860087029182216
525,mooooon,0.31860087029182216
525,shitcoin,0.29203840926258867
525,nftgaming,0.29203840926258867
525,bro,0.29203840926258867
526,protocol,0.7025918602937762
526,think,0.5269614077305764
526,user,0.4298369682948607
526,url,0.16196205096725702
526,bitcoin,0.13298431240226394
527,coinbase,0.3781556492659091
527,recoveryphrase,0.28166367591922253
527,phrase,0.28166367591922253
527,anonymous,0.2750824946984315
527,trustwallet,0.2750824946984315
528,game,0.3487564699603676
528,mcap,0.25351871836300865
528,bsc,0.23686867181402055
528,ya,0.2358424838798557
528,launched,0.2279043719483077
529,signed,0.3619300506001202
529,commission,0.35460900751186
529,less,0.31534775053130665
529,pay,0.2960910886043376
529,advice,0.28877004551607727
530,galaxy,0.611975034067133
530,launch,0.4449800152988695
530,sell,0.38224974221321534
530,hope,0.38117514245572215
530,metaverse,0.33684974810852625
531,dropped,0.5357697146239213
531,number,0.4827302584288094
531,price,0.37807326183055334
531,last,0.35738134319264947
531,compared,0.2605502462470492
532,yesterday,0.5243427888562696
532,back,0.4098550608033964
532,exchange,0.39302247093433224
532,time,0.34622155351138295
532,last,0.3443471008051622
533,mostly,0.4124578511496427
533,red,0.360472790866373
533,positive,0.341217705850051
533,started,0.32256839093863104
533,march,0.3182835015942546
534,coinhuntworld,0.3811569939090602
534,vault,0.3811569939090602
534,location,0.3787433422529292
534,playing,0.36596516826317177
534,found,0.36045041552561885
535,claim,0.30361547835469094
535,boltcoiner,0.29440688276472854
535,unlock,0.293023030644799
535,ln,0.29036413029018615
535,faucet,0.29036413029018615
536,dragon,0.607493062571456
536,tether,0.46887110956401956
536,cryptocrash,0.43009827227951697
536,awesome,0.40490088778795613
536,url,0.23068139046489045
537,throw,0.6270261131895352
537,money,0.34132240240249884
537,planet,0.30479680539872134
537,imagine,0.2739987277942762
537,half,0.26747339754532173
538,zesty,0.33632963573133307
538,claiming,0.3340492392950696
538,boltcoiner,0.31232392058187364
538,unlock,0.3108558498780127
538,ln,0.308035133951161
539,symmetrical,0.45602878250152806
539,triangle,0.3899891234057795
539,added,0.3677487726117469
539,line,0.33550781930143075
539,btcusdt,0.30998196833972835
540,exchange,0.35739974369121374
540,outflow,0.3064447731022214
540,climate,0.2958409882295878
540,habit,0.2958409882295878
540,rapidly,0.28761605369096455
541,writes,0.28295760471776044
541,japanese,0.28295760471776044
541,held,0.26557199461066666
541,taken,0.26557199461066666
541,yuan,0.2593668017756453
542,dma,0.5157273522649539
542,crossing,0.5013891642486779
542,alpha,0.47976899121424144
542,signal,0.31152009161590616
542,day,0.2877374976651946
543,head,0.5627160652808465
543,go,0.3978049690729664
543,cme,0.27878913889016715
543,ether,0.2719025992338987
543,watch,0.25333208581285194
544,insurance,0.5700701800413016
544,best,0.3353250530035775
544,cryptomemes,0.29525156067881786
544,personal,0.2850350900206508
544,boost,0.2706357833673245
545,jam,0.32458613617036586
545,timeless,0.32458613617036586
545,czech,0.32458613617036586
545,automatic,0.32458613617036586
545,appropriate,0.31335461302919027
546,infinity,0.5758550191927576
546,care,0.5030141329486749
546,meme,0.4911253785211379
546,take,0.40518115774619856
546,bitcoin,0.09995934625796982
547,number,0.5605961983653899
547,best,0.3953879647971418
547,hour,0.38733608858415414
547,id,0.283631812373883
547,ask,0.2628439620984045
548,tuesday,0.365468926828054
548,remove,0.34700629070392647
548,blockchainnews,0.33390684190574477
548,reverse,0.3084250372933183
548,fed,0.30234475698343555
549,shill,0.4765185589261448
549,baby,0.45375552336261366
549,pancakeswap,0.3536462767452583
549,elonmusk,0.3426787737667046
549,coin,0.2935926124810932
550,history,0.4246962327811278
550,represent,0.2769317475727726
550,preserve,0.2769317475727726
550,axie,0.26294180284332547
550,piece,0.26294180284332547
551,sfp,0.2984504878639099
551,mdx,0.2881233260187125
551,vol,0.2735680088996197
551,srm,0.26803433415389794
551,detected,0.26324084705442224
552,amp,0.3490183601786641
552,refer,0.34830350862173964
552,bitget,0.33625130280853616
552,accumulate,0.3128066557541173
552,listing,0.27563381201823817
553,watchinwhales,0.4546604341977869
553,whalealert,0.44617252868804913
553,hash,0.4256734311318184
553,large,0.4227872621111957
553,transaction,0.3757816689782718
554,ada,0.43421718133331577
554,cardano,0.3365790900796208
554,cardanonewsfeed,0.2774392244100359
554,adalovelace,0.2774392244100359
554,lovelace,0.2774392244100359
555,zonauang,0.38104475900976614
555,active,0.34927621251358176
555,follower,0.3360910744200817
555,nftgiveaways,0.30432252792389725
555,interested,0.2989242576147129
556,number,0.33350665394104767
556,son,0.23326894036730916
556,币安,0.23326894036730916
556,屎币,0.23326894036730916
556,狗狗币,0.23326894036730916
557,predict,0.5374218188624561
557,prove,0.5374218188624561
557,ape,0.45353881645560573
557,better,0.35609511361209406
557,user,0.2805051937180787
558,number,0.7490294887663577
558,addr,0.37510891939499136
558,tx,0.32770323569959126
558,whale,0.2975467832626825
558,alert,0.2712504305567623
559,bro,0.5197253693407039
559,easily,0.25460623827042433
559,reality,0.25460623827042433
559,working,0.21714421334677816
559,user,0.2142761834365508
560,zesty,0.3018075574226075
560,claim,0.28903216140635246
560,boltcoiner,0.2802658748477518
560,unlock,0.27894849217853646
560,ln,0.27641730463624625
561,make,0.5775525036818812
561,go,0.5518426563911746
561,one,0.5273007294834173
561,user,0.24625100466913552
561,bitcoin,0.15237181978180828
562,user,0.3312986852631369
562,qdx,0.3287441080975074
562,qjbrus,0.3287441080975074
562,qdxvault,0.3287441080975074
562,men,0.3287441080975074
563,lovely,0.518941340261378
563,project,0.3494500035812692
563,angle,0.259470670130689
563,lovelyinufinance,0.259470670130689
563,recommend,0.22885966607006072
564,asia,0.7476529081817418
564,send,0.6445136166342902
564,btc,0.16005413727976914
565,function,0.47033589638899864
565,add,0.3659131915055236
565,address,0.336422213239018
565,well,0.3252307512667582
565,around,0.31713520402985473
566,difficulty,0.5397109204884896
566,mining,0.3815249478584301
566,angle,0.29440026297880023
566,efficient,0.2698554602442448
566,along,0.25966844669700234
567,pit,0.626956257553787
567,pitmag,0.235051577768988
567,pitbullcoin,0.235051577768988
567,bscpitbull,0.2290240830030708
567,called,0.2216470256147633
568,back,0.8511138155225131
568,user,0.35261796938063644
568,number,0.32196240256241854
568,bitcoin,0.21818811157535872
569,room,0.5272267694857468
569,critical,0.5165621399798814
569,monday,0.4918862440617158
569,hit,0.39260257700970025
569,btc,0.21721124089995786
570,plummet,0.43394720811203774
570,etoro,0.43394720811203774
570,amid,0.41202520924338154
570,decision,0.39010321037472545
570,cardano,0.2726591313957205
571,path,0.40672066739633134
571,digibyte,0.39541306974105345
571,course,0.3656275120822893
571,cross,0.3510494832360033
571,yet,0.30995632792196126
572,hot,0.42562717506405984
572,rich,0.4064377093785945
572,make,0.3087018678500271
572,xrpholders,0.2612125618925478
572,believing,0.2451630206170315
573,number,0.7640125431330856
573,unknown,0.3502463828792934
573,wallet,0.30616573915314765
573,symbol,0.19157921232618544
573,detail,0.18371459696029255
574,mstr,0.40903541476312816
574,purchased,0.3948817272992214
574,leveraged,0.3839032743912219
574,bond,0.3749332252296527
574,using,0.29741831772031013
575,knownews,0.49402156481772164
575,created,0.45013754985652155
575,economy,0.4288350717104148
575,digital,0.35928055361582645
575,nfts,0.2595313760002108
576,defi,0.3169442817146574
576,nftgamers,0.3087812227047692
576,gonfty,0.3001965253688753
576,cryptogaming,0.2931823169202468
576,playtoearn,0.27758341113572443
577,user,0.3566781388294131
577,hashtags,0.35392786582966024
577,tag,0.34168104265269533
577,bsc,0.3192408642634681
577,yieldfarming,0.27765143606024334
578,activity,0.44488847106539736
578,suggests,0.4252174597230237
578,selling,0.3981076017243999
578,data,0.3981076017243999
578,bull,0.34167001236951855
579,haka,0.3140060961171186
579,cvr,0.3031406698342211
579,cut,0.3031406698342211
579,uno,0.29471279045110493
579,surely,0.282004614887394
580,additional,0.5303295711789201
580,acquires,0.5303295711789201
580,microstrategy,0.4677640386327848
580,million,0.35481352529085103
580,url,0.20138034559005777
581,king,0.6987053677207019
581,given,0.6678116896253868
581,url,0.15723031383403405
581,btc,0.15636620770442036
581,bitcoin,0.12909916273064656
582,hoskinson,0.4577271849821566
582,charles,0.4418886358342228
582,consumption,0.4296033026731618
582,issue,0.39724227335628376
582,amount,0.3561038321368866
583,coinhuntworld,0.3811569939090602
583,vault,0.3811569939090602
583,location,0.3787433422529292
583,playing,0.36596516826317177
583,found,0.36045041552561885
584,earn,0.5428361443256596
584,sat,0.5323590115148698
584,escrow,0.432051765778845
584,task,0.3694843305234716
584,new,0.21899107847321062
585,bitmain,0.514829343698081
585,antminer,0.48319696452893407
585,quick,0.44679884785327245
585,bitcoinmining,0.3886974144285733
585,stock,0.3335938570892927
586,source,0.5421330486794586
586,reported,0.3335775747421133
586,previously,0.3335775747421133
586,government,0.2786440014367295
586,medium,0.27596171211014764
587,light,0.5990981883497251
587,en,0.5380419551545423
587,world,0.3616003807049841
587,one,0.323206518072236
587,time,0.30775615555363495
588,educated,0.3565314533007306
588,attracted,0.3565314533007306
588,project,0.32011304031658655
588,behind,0.28474490355102455
588,positive,0.28474490355102455
589,state,0.5041001449826014
589,mandate,0.3314925481583617
589,national,0.3314925481583617
589,purchasing,0.3111248319365735
589,protect,0.2977089602316907
590,number,0.737816005538203
590,unknown,0.36642352530804234
590,wallet,0.3203068895295403
590,symbol,0.2004278524711897
590,detail,0.19219998709290415
591,ret,0.595213090905253
591,retnft,0.3082736129321952
591,retmetaverse,0.3082736129321952
591,retoken,0.3082736129321952
591,pancake,0.2976065454526265
592,uno,0.9760087190060986
592,buy,0.16445711636745744
592,crypto,0.09394389498666933
592,url,0.06581316545049887
592,btc,0.06545146955173543
593,user,0.44089027751235915
593,transparent,0.42235234884386014
593,project,0.39280255512792056
593,airdropdet,0.37967984149527545
593,excellent,0.325918840244868
594,fear,0.5778168195824442
594,bought,0.537187538349332
594,bottom,0.537187538349332
594,btc,0.2757359531600303
594,bitcoin,0.11382664199091651
595,number,0.6655835496830583
595,derivative,0.2327689230870995
595,aim,0.22629751029716028
595,january,0.20619546610557304
595,cme,0.19080665280398898
596,gala,0.6063220082142942
596,metaverse,0.34570027728848307
596,ignore,0.28784601863236625
596,axieinfinity,0.28784601863236625
596,king,0.264951419709325
597,hamster,0.4429124913961393
597,hamstercoin,0.3906599725823506
597,passive,0.3647951177154337
597,earning,0.3608471031172519
597,user,0.3347656790003332
598,number,0.6976662729580708
598,change,0.6296727186598627
598,month,0.22135591687069434
598,week,0.2049215818758343
598,price,0.1214245931257475
599,zesty,0.3125649545807178
599,claim,0.2993342021447209
599,boltcoiner,0.2902554567897998
599,unlock,0.28889111834285974
599,ln,0.28626971109266497
600,number,0.4886685291161981
600,tether,0.46844220306420536
600,litecoin,0.3919849421555526
600,cardano,0.3681570645297097
600,doge,0.30145029054738964
601,token,0.44889007766819045
601,loser,0.3666915764185855
601,register,0.3128426064969378
601,channel,0.2829668016315216
601,visit,0.26505565489376
602,number,0.49224606284860634
602,btcusd,0.4195912134480738
602,midnight,0.30090373517321245
602,rising,0.2822300029885348
602,rise,0.27316552879400685
603,value,0.4223389576617075
603,obvious,0.319179487853323
603,preserve,0.3081350487829753
603,estate,0.29256878619494714
603,continues,0.29256878619494714
604,makemoney,0.48588190614211113
604,makemoneyonline,0.48588190614211113
604,online,0.4246426786405752
604,make,0.2973992049611833
604,free,0.27848899621959905
605,number,0.5209204829542328
605,price,0.4079837605081442
605,last,0.3856548427287003
605,increased,0.2936213711389862
605,dropped,0.28907802403203176
606,giveaway,0.5404193212425114
606,user,0.5321275854379441
606,goodluck,0.42241956578833856
606,tron,0.30542771650403167
606,come,0.25819900339085056
607,fluctuation,0.5996430195379379
607,benefit,0.5496494513366359
607,professional,0.45593805164886103
607,one,0.3235004481736848
607,url,0.11385025941206237
608,number,0.8559428139934374
608,bybit,0.2944536416036466
608,shorted,0.27719345170355214
608,sat,0.22923510047404022
608,btcusd,0.21888204563016883
609,done,0.36041118839347336
609,hanzowallet,0.23199610077639626
609,wolfclan,0.23199610077639626
609,saitanobiarmy,0.23199610077639626
609,saitanobiclan,0.23199610077639626
610,endless,0.3286674853370083
610,smell,0.31729473691691845
610,frens,0.31729473691691845
610,dxy,0.308473347912613
610,air,0.3012657482895106
611,number,0.7945631699826897
611,saved,0.3241804889436177
611,bybit,0.2733383761865826
611,longed,0.2665864791267387
611,sat,0.21279665548468557
612,ct,0.581108788525324
612,gm,0.4855811095513832
612,prediction,0.44883922362431894
612,week,0.38552218118947096
612,price,0.22843798863628906
613,dropped,0.43160177261263566
613,compared,0.4197846390545654
613,price,0.4060876293914165
613,number,0.38887460329458395
613,right,0.33604820224865134
614,number,0.8095350979316742
614,longed,0.33951219934443083
614,btcusdt,0.29901116871341016
614,utc,0.2788029450423955
614,binance,0.18100750731920456
615,rose,0.5479248134842829
615,bounce,0.46736265777866187
615,coming,0.4026031181945546
615,soon,0.3910750355427878
615,think,0.39001292640477486
616,powered,0.48812300548163523
616,seller,0.4476537523753158
616,bid,0.4049037692352566
616,sold,0.39084101400173815
616,alert,0.3169444590460575
617,abstract,0.29835325408045943
617,buybitcoin,0.28802945677664943
617,background,0.28802945677664943
617,illustration,0.2800216974686503
617,monero,0.25892830664795846
618,number,0.8688087908615386
618,chart,0.3262986169861936
618,bar,0.23079346175952622
618,pump,0.1684553496481478
618,coin,0.1393201471765143
619,distribution,0.4421204139250323
619,pool,0.4229203880274367
619,mined,0.37105763700417804
619,per,0.3665895625383144
619,block,0.3316314853141612
620,user,0.5696683780792552
620,nftgiveaway,0.3982379965996933
620,giveaway,0.36159067702901426
620,nftart,0.3551103703611974
620,wallet,0.3387133381866344
621,american,0.6808963906307707
621,irony,0.3859846643148747
621,scenario,0.32566350327003346
621,hit,0.2634624700502795
621,love,0.25824051098889605
622,resistance,0.4041672168407798
622,broken,0.2590633508896061
622,underrated,0.2362282695557617
622,bitcoiner,0.23417600527493143
622,user,0.22562136605115501
623,stockmarketcrash,0.35275536008209496
623,chaos,0.35275536008209496
623,movie,0.35275536008209496
623,vix,0.34294809922150027
623,qqq,0.3222912253378872
624,selloff,0.2824442782075374
624,meaning,0.26509020814183354
624,writing,0.25889627243484176
624,multiple,0.23830426859810838
624,leave,0.23830426859810838
625,brise,0.5050490387076858
625,cex,0.2690559794665834
625,brisechain,0.2690559794665834
625,bitgertchain,0.2690559794665834
625,bitgertcommunity,0.2690559794665834
626,mine,0.4957474419090734
626,cost,0.4815371850758759
626,almost,0.4733965933671785
626,low,0.35795055392208674
626,go,0.3435533496375894
627,zone,0.6632101706889483
627,buy,0.4044477001702731
627,advice,0.31172508744741684
627,financial,0.30177107954798854
627,btcusdt,0.28973130240580874
628,simplified,0.4931262358038008
628,contact,0.4628273488810931
628,candle,0.40175695451715016
628,dm,0.3749481071964635
628,check,0.30545411910543907
629,nft,0.4978431504270407
629,yacht,0.3872026473396615
629,bored,0.37380443032019744
629,coindesk,0.3477414445026369
629,club,0.33113002251318596
630,love,0.46271240432089594
630,iphone,0.34580146114993
630,rid,0.34580146114993
630,easier,0.3050055980718406
630,simple,0.2668941009662241
631,watchinwhales,0.4546604341977869
631,whalealert,0.44617252868804913
631,hash,0.4256734311318184
631,large,0.4227872621111957
631,transaction,0.3757816689782718
632,project,0.4536230894916354
632,user,0.3394377271754241
632,airdrop,0.3209812112473992
632,seen,0.25798575837600407
632,wonderful,0.25798575837600407
633,user,0.565992177316648
633,excited,0.3050441702710137
633,important,0.2889811973109661
633,offer,0.28468887213637484
633,airdropstario,0.27893185436753565
634,dutch,0.35740876494775886
634,ammous,0.35740876494775886
634,saifedean,0.35740876494775886
634,spanish,0.35740876494775886
634,reading,0.32761080368752876
635,tax,0.39179855616255044
635,amp,0.35337538615456804
635,co,0.2351010737566776
635,clown,0.2351010737566776
635,ii,0.2351010737566776
636,number,0.4283717636752672
636,jan,0.31849939387311665
636,missed,0.3103320229167525
636,presale,0.3103320229167525
636,currently,0.27237602880390827
637,next,0.4010460299693315
637,slash,0.35034403085676347
637,revenue,0.3211350721432059
637,halving,0.3211350721432059
637,analyst,0.30404892661066224
638,trajectory,0.4968341081030584
638,likely,0.4418261100496367
638,coming,0.35277531223008834
638,week,0.3364172141999595
638,news,0.30775249906336266
639,say,0.5680460987612242
639,anything,0.34611642029363143
639,everything,0.3379359481067217
639,send,0.3354672227370879
639,guy,0.3024308054263675
640,saving,0.7218718536616804
640,efficient,0.3970497313178181
640,credit,0.36546932456349457
640,dollar,0.29443949722914065
640,currency,0.27884858132856194
641,dip,0.4251685407906852
641,ill,0.3201420736790539
641,sideways,0.30906432663965794
641,buy,0.3037762961810081
641,gone,0.28237337206653057
642,digibyte,0.3534978122078755
642,dgb,0.3322054949695316
642,eos,0.27232671339139425
642,xlm,0.2680089284677033
642,trx,0.25601770651847044
643,number,0.7059692943971381
643,fx,0.35354466428752046
643,minute,0.308864237721171
643,chart,0.2840796092873931
643,signal,0.25565679046958006
644,fix,0.42827521729789164
644,amount,0.42472489550079
644,danger,0.2729655135172578
644,least,0.22745003323319168
644,either,0.22482203272682372
645,pit,0.6766110297932696
645,relevant,0.27839771525044693
645,pitmag,0.25366760148360706
645,pitbullcoin,0.25366760148360706
645,bscpitbull,0.24716273070274417
646,fireblocks,0.4811352292301652
646,breakthrough,0.4644867009692505
646,institutional,0.4515730991982601
646,major,0.3879950055763681
646,via,0.2972172027840631
647,increased,0.5417325999731883
647,number,0.4805501835840583
647,price,0.3763658320740834
647,last,0.35576736092683187
647,compared,0.25937356625295543
648,number,0.5602670451664649
648,btcusd,0.4775723912872924
648,midnight,0.3424840934418974
648,fall,0.29864259943901383
648,since,0.2580549649298301
649,hash,0.5747635961088706
649,large,0.5708665596392457
649,transaction,0.5073974733153136
649,number,0.1751230677835843
649,url,0.14453803164299986
650,overbought,0.6399183997182388
650,rsi,0.5304367842999006
650,btcusdt,0.46345531824251385
650,btc,0.25747884525501985
650,url,0.1294508584668036
651,number,0.720587949402615
651,low,0.335034626237207
651,high,0.3246877214793888
651,year,0.3203466314208098
651,day,0.30676391121418434
652,climb,0.29226387620361893
652,evening,0.29226387620361893
652,tuesday,0.28215078718620107
652,upwards,0.28215078718620107
652,possibly,0.2743064659225547
653,symmetrical,0.40436564959372556
653,outcome,0.39037354813032643
653,forming,0.39037354813032643
653,triangle,0.3458075702051487
653,red,0.34117193304169474
654,dinosaur,0.6677364556760603
654,maybe,0.5577735795297367
654,love,0.4627573055621038
654,url,0.1313228209691692
654,bitcoin,0.10782695665443968
655,opinion,0.4015460175360188
655,test,0.37864659867028877
655,drop,0.3454502205501437
655,another,0.3394997835539367
655,stay,0.3376479154835615
656,stimulus,0.4383792645397363
656,advise,0.421830496163308
656,anyone,0.3896388758255895
656,getting,0.34579714775323234
656,financial,0.3385972001014412
657,flip,0.7034215379748261
657,expect,0.344777155289203
657,possible,0.34162922355559777
657,eth,0.27859564867306763
657,think,0.2666779799830594
658,claiming,0.33960006870260095
658,boltcoiner,0.3175137447128905
658,unlock,0.31602127937172236
658,ln,0.31315369217238975
658,faucet,0.31315369217238975
659,number,0.5478716094016729
659,midnight,0.3349069217746602
659,rising,0.31412299178982717
659,rise,0.30403419994333286
659,continue,0.30403419994333286
660,certik,0.4643171146847853
660,game,0.34956028018845653
660,amp,0.26375101175843413
660,audited,0.24703848475895704
660,tge,0.22842964353744571
661,profit,0.3894909024888019
661,patience,0.3025176884207613
661,requires,0.3025176884207613
661,selfish,0.3025176884207613
661,patient,0.3025176884207613
662,incoming,0.6748694140303039
662,dip,0.5240200187332534
662,big,0.5047965188536653
662,bitcoin,0.12302344705956039
663,dropped,0.5357697146239213
663,number,0.4827302584288094
663,price,0.37807326183055334
663,last,0.35738134319264947
663,compared,0.2605502462470492
664,number,0.5305111741335945
664,list,0.24020404093093908
664,bsv,0.24020404093093908
664,xtz,0.2348590936979195
664,bitcoinprice,0.23246686774104733
665,within,0.4148632528484297
665,telegram,0.3591091910277831
665,profit,0.3122923003839997
665,link,0.2957581128764716
665,signal,0.28288944942387323
666,heard,0.6010038458050091
666,ethereum,0.2809912536497959
666,amp,0.2513554524539335
666,asking,0.24216089466582427
666,brother,0.24216089466582427
667,cloud,0.39802283337159605
667,phone,0.3909046508332051
667,mobile,0.38462596886000466
667,sign,0.32225276510927325
667,min,0.3204455688506319
668,ht,0.5399399491216422
668,number,0.47426704888791676
668,airdrop,0.28067496972468337
668,heco,0.26450908007853347
668,hswap,0.26450908007853347
669,work,0.7966844250841952
669,slavery,0.28402632884912793
669,personal,0.28402632884912793
669,environment,0.2696779824528271
669,debt,0.25949766867242974
670,bafta,0.2823156254855971
670,abstractart,0.2823156254855971
670,generativeart,0.2725467717749362
670,instagood,0.2725467717749362
670,modernart,0.2725467717749362
671,contest,0.6541023071328693
671,coinhuntworld,0.5191889668852204
671,free,0.38562769419822673
671,cryptocurrency,0.23808504978751188
671,eth,0.22487891516225053
672,usdt,0.5581598333414356
672,number,0.3811740627737331
672,discounted,0.3313987563098704
672,tax,0.27613985798009194
672,marketing,0.25997766630305025
673,kriptopara,0.42059418251296465
673,ftt,0.35486429279591825
673,nftgiveaways,0.335908792408164
673,ftx,0.33284183181928245
673,website,0.3094380056708808
674,alt,0.43909427791389666
674,amp,0.2850401615198056
674,teachable,0.2844563486706932
674,prevent,0.2844563486706932
674,wise,0.2844563486706932
675,solananft,0.27850648124990546
675,nftgaming,0.2719990691092071
675,shibacoin,0.2537667057818617
675,nftartists,0.2472592936411634
675,meta,0.2444024132105197
676,azbit,0.6320731937021976
676,gamefi,0.47398116250379396
676,good,0.33936111569095545
676,project,0.28375458864208236
676,nft,0.2708945924614214
677,hamstercoin,0.7220900383461882
677,go,0.4622206744542113
677,bnb,0.33564782245464
677,ethereum,0.3056919683442882
677,user,0.20625862126633396
678,drawn,0.39373418665665566
678,dogeusdt,0.3801099614168411
678,figure,0.3609076944397171
678,minimum,0.3609076944397171
678,near,0.3207808391346715
679,user,0.6113770605325548
679,amazing,0.38685865980889517
679,future,0.34383517738389374
679,good,0.3257182642678245
679,bsc,0.27360317320795724
680,number,0.5117078239660328
680,btcusd,0.43618044509340437
680,midnight,0.3128004613336886
680,rising,0.29338843230444933
680,rise,0.28396557915121917
681,bidcoin,0.3655481035340136
681,social,0.3224226339925097
681,click,0.3224226339925097
681,program,0.3172439051759412
681,away,0.2919460780259842
682,lion,0.5638849447518217
682,cro,0.44235981339329106
682,check,0.3492837463722292
682,via,0.348335136962103
682,url,0.32118332981523023
683,number,0.876973872038424
683,trade,0.32181134827469093
683,time,0.27976597443049345
683,price,0.19624113736543947
683,btc,0.10283335762307215
684,pump,0.5775181398876502
684,megapump,0.36415003191713097
684,sky,0.35963299911003876
684,powerful,0.3305815927201326
684,history,0.3194942929764852
685,client,0.5318400365683341
685,offer,0.4308570258967705
685,could,0.3684046007055092
685,soon,0.3510007139114015
685,cryptonews,0.2906936348608687
686,bluesparrowtoken,0.5322315015422714
686,bluesparrow,0.46200318039686156
686,user,0.28574024298155154
686,bluesparrowcharity,0.27372584277295753
686,bluesparrowcommunity,0.27372584277295753
687,rate,0.50706580224133
687,hash,0.4998219507015767
687,hit,0.4518722535363672
687,high,0.3774079013862956
687,new,0.3355502785946843
688,neckline,0.42721991677048604
688,confirmation,0.41534240152129287
688,shoulder,0.3903249845237402
688,broken,0.38405561310849795
688,head,0.3534300522769944
689,number,0.6025356364400193
689,byte,0.3920551480370149
689,information,0.33962446384962713
689,reward,0.3090689667510452
689,visit,0.30462903314700857
690,speculation,0.28305924954749373
690,encouraging,0.28305924954749373
690,passion,0.28305924954749373
690,besides,0.27326466451337567
690,folk,0.27326466451337567
691,insight,0.634899977521653
691,altcoins,0.42839555524882417
691,cryptonews,0.38085570963026066
691,altcoin,0.3673875510935391
691,url,0.2819137825849411
692,single,0.5336306362830049
692,near,0.5152844167923174
692,currency,0.40715358548545355
692,world,0.3817443228831409
692,future,0.3584632319672883
693,theta,0.2696315268270672
693,monero,0.2653007249210597
693,xmr,0.26142669060460666
693,latest,0.22490550019950006
693,watch,0.2198258064568989
694,staking,0.5143563655898844
694,payouts,0.29127415715309907
694,betfurysuccess,0.29127415715309907
694,username,0.29127415715309907
694,hunt,0.25876499412523835
695,latestnews,0.44769871998009153
695,criminal,0.42019101118823005
695,alt,0.3455397411435722
695,investor,0.29839617989077605
695,whale,0.2863800093175767
696,legal,0.5080488116206452
696,framework,0.3084212945542769
696,nation,0.29774911690710987
696,became,0.29774911690710987
696,regulatory,0.2894711328111626
697,seller,0.5129086321774546
697,bid,0.46392694652949557
697,sold,0.44781425114115686
697,alert,0.36314573060753064
697,number,0.28651105115175474
698,bitcoinsv,0.4316510223800201
698,as,0.4015547646529803
698,bitcoinmining,0.33757867706492495
698,bitcoinnews,0.31816330150828287
698,forex,0.29268307690630385
699,educate,0.2935487037650972
699,securely,0.2935487037650972
699,resource,0.27551235052344
699,canadian,0.2690748974104554
699,minimum,0.2690748974104554
700,usd,0.6028437161290039
700,price,0.42800358376332676
700,safemoon,0.41252934171463507
700,number,0.34155132989001025
700,dogecoin,0.3198865152179133
701,go,0.5984633796149734
701,rebound,0.33161810354194693
701,europe,0.3173185508368698
701,cryptoworld,0.3116436719648686
701,asia,0.3116436719648686
702,gon,0.4607862665710317
702,sand,0.4453008943663872
702,na,0.4270937435679488
702,sol,0.35085394143866055
702,bullish,0.33088982442841175
703,money,0.5497604185146047
703,germany,0.46976030556258724
703,betting,0.4261509636537695
703,cash,0.3922400088849428
703,make,0.30908176491834183
704,doge,0.3336278828258747
704,annual,0.3242400272941955
704,among,0.31522554618643717
704,cool,0.279858642922461
704,distributed,0.26578786159494955
705,short,0.5655914163043547
705,leverage,0.37198731665355
705,type,0.35077357525210645
705,trade,0.25702957293550793
705,signal,0.25365294823842355
706,regular,0.5059186413781269
706,available,0.3875056489005099
706,telegram,0.37450918637407443
706,post,0.37221260285725316
706,link,0.30844136820861706
707,number,0.5913891959367278
707,interval,0.2856461758097463
707,summary,0.26809537329230154
707,median,0.26809537329230154
707,mempool,0.26809537329230154
708,retail,0.6261977038936362
708,getting,0.33609843893857977
708,buying,0.3012012905243161
708,whale,0.2973438238036549
708,richer,0.2324192418809169
709,current,0.6866419897382429
709,price,0.4658857677400056
709,crypto,0.35040683414703533
709,number,0.2974253666743466
709,btc,0.24413126833999296
710,number,0.7740944896215101
710,usd,0.3795248635661338
710,sat,0.30713306267097706
710,cdt,0.22848135269027503
710,sep,0.2163248927387516
711,sound,0.4222700389995294
711,simple,0.3555571388986228
711,gaming,0.3478128406336775
711,hype,0.230338882928312
711,begin,0.2111350194997647
712,source,0.5965871780846903
712,number,0.5248225242644775
712,update,0.412961555989671
712,price,0.27402655370673973
712,cryptocurrency,0.2597981761213772
713,resistance,0.5169435354521728
713,stop,0.5033836067795472
713,break,0.5033836067795472
713,next,0.4370576744892542
713,btc,0.14418401386538576
714,swift,0.3810790107069712
714,ont,0.34224188952053214
714,stable,0.3307225297258717
714,pretty,0.32589317831809306
714,study,0.3175362064347093
715,icx,0.7532473861061768
715,surely,0.3503641381243475
715,season,0.3291550721190936
715,ath,0.26857659890185176
715,bullish,0.22373993450339497
716,divi,0.7599834652841867
716,airdropcrypto,0.3415956121327284
716,cryptocurrecy,0.2997057229616062
716,sol,0.24620574699679115
716,altcoins,0.23362167220103033
717,mistake,0.607122591053741
717,user,0.500617900773761
717,big,0.423682204452509
717,high,0.3775960125175051
717,crypto,0.1795065919441395
718,reach,0.43842164158089697
718,drop,0.435733130985948
718,well,0.40953749305080545
718,moon,0.36390990061589507
718,want,0.3610789158223996
719,ethaxcrypto,0.3711455569620932
719,ethax,0.3711455569620932
719,era,0.3608270141239891
719,bitcointrading,0.3203438291222097
719,bitcoinnews,0.27356565748900186
720,gold,0.49391149080680236
720,bug,0.3571376674263272
720,computer,0.33519425209870474
720,mean,0.25822606496938616
720,made,0.2528494614832453
721,line,0.659497876160793
721,number,0.5670719501206879
721,last,0.22899399068573087
721,monday,0.19164754427142516
721,price,0.16150163151536764
722,saturday,0.3749874274273642
722,thread,0.3749874274273642
722,convince,0.3749874274273642
722,morning,0.32550757250981677
722,satoshi,0.3221920199720982
723,unknown,0.5954990327257779
723,transfered,0.35028460697899916
723,used,0.33027456705262254
723,address,0.3106981112906382
723,never,0.3045443490872241
724,florida,0.3894872322564341
724,proposes,0.37600996266663095
724,governor,0.35701481804513785
724,creating,0.3207925797978134
724,state,0.2961462804218816
725,claiming,0.33960006870260095
725,boltcoiner,0.3175137447128905
725,unlock,0.31602127937172236
725,ln,0.31315369217238975
725,faucet,0.31315369217238975
726,resource,0.33231399427600383
726,education,0.31798443438458085
726,program,0.30728154493434645
726,succeed,0.30728154493434645
726,access,0.28846492889091874
727,altcoins,0.3497445283861973
727,box,0.2777883731436405
727,fresh,0.2777883731436405
727,brand,0.2777883731436405
727,bscgemsalert,0.26730189301861573
728,law,0.4863936534070148
728,fight,0.4372507119598276
728,fiat,0.3778117693892313
728,another,0.36428911323798197
728,hard,0.3549474736229967
729,claiming,0.3377720812606506
729,boltcoiner,0.3158046427677726
729,unlock,0.31432021101715
729,ln,0.31146805936648825
729,faucet,0.31146805936648825
730,luna,0.6664555962326719
730,cent,0.48192573223442114
730,away,0.41989935715834437
730,low,0.3092822176875653
730,crypto,0.14248991396191898
731,cryptoinvestor,0.40374769221159584
731,cryptoworld,0.39652712712925775
731,bitcointrading,0.3746020416181328
731,cryptomarket,0.3526769561070079
731,telegram,0.33279263785722046
732,number,0.8220957482504303
732,shorted,0.3327902786886683
732,utc,0.28312881838558246
732,btcusd,0.26278332521040665
732,binance,0.18381599827940515
733,hodlers,0.4915285886266332
733,remain,0.44186683732437243
733,spend,0.4354145093422059
733,lower,0.38180038837600017
733,news,0.28323764679182156
734,pow,0.5513361921338108
734,fork,0.5401838824208256
734,algo,0.4803763259989326
734,right,0.35870646050831706
734,user,0.15153928338568212
735,tg,0.3614507250545432
735,early,0.3179911706594502
735,tell,0.3149301167031145
735,ca,0.29982589621017264
735,cryptocurrecy,0.2919025419441181
736,chart,0.3909654601977495
736,unlike,0.29124586604894426
736,nifty,0.2831486845284506
736,though,0.2618197449601444
736,seeing,0.2579965413974613
737,formation,0.46662085855898794
737,number,0.44475462800452065
737,flag,0.4430482632243488
737,oct,0.4194756678897097
737,idea,0.3534911426254245
738,flip,0.6162007287587721
738,ath,0.5206951972765829
738,break,0.49859363990958405
738,eth,0.24405115918914447
738,url,0.14360122852958782
739,substrate,0.39272560663017997
739,built,0.3408301230548059
739,fully,0.32724079730281513
739,based,0.31365147155082446
739,ecosystem,0.3107877278095704
740,people,0.4165772452533493
740,owning,0.3270299042940839
740,wake,0.3129281972321289
740,rule,0.2782817158745425
740,amount,0.2710793921225546
741,number,0.6559999890051689
741,hour,0.5287963344958536
741,last,0.485658715424413
741,btc,0.17948492550984835
741,bitcoin,0.1481864524712065
742,join,0.3720410863974896
742,user,0.3375936664674152
742,impressed,0.3349905499747137
742,binancenft,0.32339900709950803
742,recommend,0.29547010213225366
743,rekt,0.38037289720020534
743,strength,0.37481852995435355
743,cost,0.3468450129397336
743,sentiment,0.33827738385024664
743,help,0.3205393312357658
744,unstopable,0.45830872790380567
744,ether,0.3664073293699569
744,ico,0.3664073293699569
744,ripple,0.325417564928538
744,digital,0.3240415573955677
745,user,0.25691056044902627
745,progressive,0.25492957507079916
745,respect,0.25492957507079916
745,curious,0.25492957507079916
745,phenomenal,0.25492957507079916
746,visit,0.7196330650131783
746,support,0.6164641539729221
746,url,0.19579882656658498
746,btc,0.19472275566090744
746,bitcoin,0.16076711899253132
747,michael,0.4849656301564626
747,explained,0.4604662998303593
747,fear,0.39753875812926476
747,left,0.38771891208483394
747,never,0.35220320585821074
748,flashed,0.2916885885078206
748,anticipated,0.2842087346936224
748,strongest,0.2842087346936224
748,reverse,0.27788460840410084
748,bounce,0.2524881447847806
749,blue,0.38098273121250936
749,coinhuntworld,0.355375807463369
749,vault,0.355375807463369
749,location,0.35312541347889576
749,playing,0.341211546038224
750,number,0.7062666372774482
750,dot,0.4273704065224549
750,ada,0.35593574348870605
750,eth,0.2201494864306831
750,hour,0.1897719589576012
751,looking,0.5016517743124347
751,minting,0.3170378224298147
751,mr,0.31194558406357903
751,nftproject,0.2870702583691226
751,definitely,0.264448118789423
752,amp,0.4109634269729545
752,kol,0.27341446728212254
752,bitmart,0.26395361675830487
752,dev,0.26395361675830487
752,influencers,0.26395361675830487
753,saitama,0.6048649461077976
753,shibainucoin,0.38118621903834193
753,etoro,0.38118621903834193
753,shibainu,0.3047496501960257
753,holder,0.2730326231411594
754,number,0.48289883591242283
754,cap,0.36129367881079055
754,worth,0.35973499997422714
754,billion,0.35672856103567163
754,low,0.30871771837127876
755,nfts,0.43068935085231363
755,address,0.31239624754320233
755,nftgiveaway,0.30768872832896593
755,giveaway,0.27937408419242965
755,nftart,0.27436723568769855
756,user,0.3286283584509369
756,airdrop,0.3107595888753742
756,project,0.29278499769912397
756,interested,0.2558164510824196
756,yieldfarming,0.2558164510824196
757,dca,0.5566612481358101
757,worry,0.5270438194491842
757,holder,0.4199343969684713
757,good,0.3260563626172316
757,time,0.31196560496489445
758,wyckoff,0.3716758797101979
758,according,0.33717202673323937
758,rally,0.3305250292871802
758,buythedip,0.32466196202030523
758,looking,0.2887942281770312
759,shoot,0.6280286044079408
759,recovery,0.5645696922613233
759,high,0.38147189105327683
759,price,0.24111399566767625
759,bitcoin,0.20863006909994314
760,dolar,0.43570317595727653
760,independent,0.43570317595727653
760,realize,0.43570317595727653
760,technology,0.31959242662547555
760,solana,0.2788332444900975
761,user,0.401805976109783
761,project,0.3579811625062806
761,progress,0.3283868408899538
761,waiting,0.2989842884500627
761,excellent,0.297026594634958
762,number,0.8062102348846244
762,usd,0.3952706465457643
762,sat,0.3198754440402645
762,bitcoinday,0.1218268417022802
762,tue,0.1189803102133236
763,win,0.5964795298597738
763,sol,0.5173590102082858
763,solana,0.5110010651770978
763,user,0.214342759209501
763,url,0.16152818604349334
764,idolaunchpad,0.4452516654654857
764,ldo,0.4260521718632261
764,powerful,0.3633640885329136
764,ido,0.35574463337625684
764,launch,0.3449462667775023
765,agree,0.4808120653414067
765,fun,0.47591461349069636
765,fact,0.46702992072621635
765,retweet,0.4591345805153074
765,user,0.2973731831480017
766,streak,0.2518371121196452
766,descending,0.2518371121196452
766,retrace,0.2431228941128292
766,often,0.2431228941128292
766,corrective,0.2431228941128292
767,money,0.36630594241876296
767,new,0.3533046145210366
767,blackfriday,0.3364610551437175
767,advantage,0.31946382890899283
767,form,0.2940544233245724
768,major,0.41465185621642187
768,finally,0.3938419672663039
768,cryptotwitter,0.3909648313425763
768,resistance,0.34809557116709816
768,break,0.3389646878257406
769,seller,0.5129086321774546
769,bid,0.46392694652949557
769,sold,0.44781425114115686
769,alert,0.36314573060753064
769,number,0.28651105115175474
770,mess,0.3659208969463259
770,tend,0.3659208969463259
770,emotionally,0.3659208969463259
770,final,0.35325908375127535
770,retrace,0.35325908375127535
771,false,0.27645043505399397
771,cheaper,0.26688453216198843
771,expensive,0.26688453216198843
771,emotion,0.26688453216198843
771,fooled,0.26688453216198843
772,literally,0.4457150862622228
772,ftt,0.4006779744125148
772,expected,0.4006779744125148
772,user,0.358937990367136
772,cryptocrash,0.3362194274834247
773,trip,0.38030303730326964
773,miami,0.35693628476204287
773,receive,0.3485963297904669
773,ultimate,0.34154499833408813
773,register,0.31322821992053784
774,luffy,0.7506197362464517
774,prominent,0.20171954431259492
774,luffycrew,0.19611136250837372
774,luffytoken,0.19152914432950566
774,developer,0.16687833664363738
775,inevitable,0.964564081126046
775,url,0.20391735611147171
775,bitcoin,0.16743310687547366
776,imagine,0.8774608014566594
776,cryptocurrency,0.35528431379415626
776,url,0.19745581408677917
776,btc,0.1963706367115031
776,bitcoin,0.16212764353958528
777,personalfinance,0.33544305593281915
777,realestate,0.32611710960944473
777,blog,0.30647402069954016
777,saving,0.289528221406002
777,info,0.2775049854662611
778,pol,0.6932537682995117
778,volume,0.4184302864156429
778,number,0.3986894192639047
778,bear,0.22314070069613884
778,whale,0.22172725961098103
779,user,0.3502931146463603
779,dogezillacoin,0.34759207527688
779,belongs,0.33556448690473695
779,cry,0.3065849648301247
779,later,0.2896330311276556
780,staking,0.5084746113082111
780,payouts,0.28794338662980395
780,betfurysuccess,0.28794338662980395
780,username,0.28794338662980395
780,hunt,0.255805971521527
781,vega,0.687697784621821
781,decrease,0.356173417403183
781,measure,0.3438488923109105
781,option,0.2872238378649116
781,volatility,0.27489931277263907
782,stablecoins,0.510547723478824
782,cryptocurrencies,0.2953488383360025
782,tusd,0.2784923898137043
782,incl,0.2784923898137043
782,clarification,0.2784923898137043
783,min,0.6319282075103057
783,delayed,0.47469795124415065
783,derivs,0.2427505878421368
783,oi,0.23994580184715653
783,sheet,0.23493138824497997
784,klay,0.7298874429256818
784,entry,0.2523535235407189
784,number,0.2518544412345705
784,stop,0.24057789325070625
784,position,0.23972552315475879
785,bluesparrow,0.6040616274895533
785,trading,0.25053899615677144
785,huuuuge,0.2265414707695305
785,bestdrawtoken,0.21448822316598445
785,breakdown,0.208522892165084
786,dude,0.5050221338686924
786,open,0.3922816521990913
786,position,0.3436312602694963
786,short,0.3401020178709315
786,need,0.3181187222456143
787,hold,0.5829176963454555
787,right,0.5114212567851183
787,time,0.4405262624203669
787,user,0.43211048193331775
787,bitcoin,0.1336876991983014
788,future,0.4873823080175966
788,viewer,0.2866458138719579
788,predicts,0.27672712439923747
788,role,0.27672712439923747
788,episode,0.2690335911371094
789,verge,0.44843874830679764
789,near,0.37844458862945984
789,accept,0.37844458862945984
789,tesla,0.3613823570032436
789,payment,0.3377565708958352
790,number,0.7490294887663577
790,addr,0.37510891939499136
790,tx,0.32770323569959126
790,whale,0.2975467832626825
790,alert,0.2712504305567623
791,watching,0.4259211978817268
791,almost,0.3927354962837862
791,definitely,0.3713988945099919
791,crash,0.369190679918528
791,dip,0.3352112518663192
792,blow,0.42015594079973856
792,加密货币,0.382833421085653
792,币圈,0.382833421085653
792,区块链,0.382833421085653
792,gamefi,0.3356937945743529
793,entrepreneurship,0.3047067157833681
793,personalfinance,0.3047067157833681
793,reversal,0.26630231411041133
793,entrepreneur,0.2599602753731514
793,morning,0.2571468414419408
794,news,0.5357967840865931
794,sentiment,0.3716840601630271
794,number,0.3323422096003258
794,follows,0.24078630929871842
794,negative,0.21624691769874263
795,peter,0.5384828352441138
795,trust,0.4831316842516532
795,understand,0.4609345230837474
795,people,0.3649470551327623
795,one,0.3293616138680593
796,digitalart,0.433295502990746
796,moon,0.36187407433051416
796,tothemoon,0.24537031302629556
796,cryptoartist,0.24253525823331756
796,reached,0.23746672988845724
797,cheap,0.7004857662588332
797,conviction,0.38960694824614595
797,getting,0.2917997977436149
797,never,0.2829495693388737
797,really,0.2589689897174577
798,distribution,0.4455874150021458
798,pool,0.42623682715723676
798,mined,0.37396738101654753
798,per,0.36946426899417684
798,block,0.33423205900534547
799,mysterious,0.3021701519676124
799,primexbt,0.3021701519676124
799,spread,0.2769775563589265
799,word,0.2713749140217609
799,ya,0.2713749140217609
800,insane,0.5945439314558522
800,cryptocurrencynews,0.44528928380123545
800,minute,0.4338705181491074
800,chart,0.3990548345334344
800,cryptocurrency,0.2103900387421779
801,btc,0.9243374584668566
801,bitcoin,0.3815760250265108
802,number,0.638663157266936
802,price,0.42874248038021845
802,updated,0.33048334975040605
802,minute,0.2794175480369847
802,ltc,0.24500680449202153
803,user,0.49563744317363373
803,congratulation,0.35335439411476227
803,effort,0.32405852350208636
803,happen,0.3113629996409207
803,excellent,0.2931116223701334
804,causing,0.4740490481863482
804,crashing,0.4409966480071273
804,china,0.3634954220359231
804,fall,0.36126637766248587
804,price,0.3538759502534819
805,wall,0.3681614469964539
805,street,0.3557696729315771
805,bloomberg,0.3557696729315771
805,early,0.3305819598362407
805,offer,0.3116974354139055
806,number,0.7824307537090378
806,ranking,0.354267804248404
806,cap,0.292698246919677
806,change,0.26481606551052134
806,market,0.1991874491806569
807,user,0.6047638359008567
807,popularity,0.36671260302541286
807,project,0.35920166098341755
807,excellent,0.2980392750337898
807,take,0.2528058036901479
808,ltc,0.6426588313242861
808,trading,0.5273079668010914
808,buy,0.49357690250959557
808,url,0.19752175560969903
808,bitcoin,0.16218178701351565
809,user,0.39614083480449264
809,project,0.35293391584791806
809,bright,0.3467119929802866
809,perfect,0.3202529746161091
809,airdropstario,0.2928387583903908
810,reduction,0.4184858146085896
810,difficulty,0.4184858146085896
810,morning,0.371957242376063
810,china,0.33796328125602365
810,block,0.3020535188265664
811,number,0.9013041457302107
811,last,0.23550549908097446
811,fibonacci,0.17523991804115147
811,price,0.1660939757350074
811,indicator,0.15139389533488745
812,user,0.7265913279651707
812,bscgems,0.3475374706572041
812,really,0.3084355382046392
812,best,0.27294869417770884
812,bsc,0.21677587181467217
813,lunatic,0.2836694885390104
813,market,0.27532459071334703
813,brings,0.2693391688812816
813,confidence,0.2638910342003771
813,accumulate,0.2638910342003771
814,emotion,0.30070037159018576
814,saitamainutoken,0.29234033707681534
814,saitamainu,0.29234033707681534
814,saitamallc,0.2797344629909298
814,saitamatoken,0.2797344629909298
815,nfa,0.40070987348241205
815,earned,0.38343104613822954
815,yesterday,0.33215368837779735
815,gain,0.32462517385887
815,deal,0.3201568867422842
816,lina,0.27482379286585024
816,bal,0.27482379286585024
816,rsr,0.26840242817005605
816,flashed,0.25041115119854035
816,anticipated,0.2439897865027462
817,number,0.8978455599026405
817,last,0.23460179084297847
817,fibonacci,0.17456746768148884
817,price,0.165456621215733
817,weekly,0.15947462503070403
818,number,0.44097784674811485
818,confirmation,0.35983649726735256
818,longs,0.3381623805142751
818,falling,0.3123558182457183
818,channel,0.28561761245383194
819,non,0.39740720314147554
819,watching,0.3473190853987007
819,seems,0.3430108290049948
819,hbar,0.3430108290049948
819,cryptocurency,0.29932046391882833
820,compete,0.28037035452385606
820,threat,0.27257553262872464
820,nct,0.27257553262872464
820,detection,0.2662066994068727
820,recently,0.2662066994068727
821,elite,0.421591486681843
821,personally,0.39568787041667297
821,space,0.3307325955631975
821,bag,0.3253898362337418
821,part,0.283153587109806
822,shib,0.3053758844562085
822,safemoonarmy,0.2699210422407539
822,doge,0.2681257848182179
822,babyfloki,0.2605810732944953
822,bscnews,0.25333643054679017
823,scam,0.48797651036033785
823,type,0.4777787238924913
823,remember,0.4688592306664799
823,number,0.4088759307690915
823,user,0.2985379644516376
824,bnb,0.5067049129414347
824,update,0.4474157461899594
824,binancecoin,0.3110346356001107
824,price,0.29688912496646663
824,number,0.28430474690114066
825,michigan,0.669182648947146
825,user,0.4214891733727578
825,nftgaming,0.3066957038216007
825,el,0.25824197052121256
825,eos,0.24192407850546613
826,xrp,0.44479830930788405
826,brad,0.4347069059845434
826,clarity,0.4347069059845434
826,ceo,0.366771498939959
826,ethereum,0.3246386296429446
827,miner,0.38640732437635605
827,lp,0.27151380574416195
827,lunatic,0.26211872304487005
827,cut,0.26211872304487005
827,bnbchain,0.25483133074911934
828,project,0.39850663564818006
828,tele,0.2958957869322567
828,telefy,0.28565702437290424
828,experienced,0.2609875364901394
828,dex,0.246556811166727
829,unstopable,0.5112859388234984
829,ether,0.40876139593843763
829,ripple,0.36303350790444916
829,digital,0.3614984437424798
829,currency,0.34093710724010967
830,number,0.4886685291161981
830,tether,0.46844220306420536
830,litecoin,0.3919849421555526
830,cardano,0.3681570645297097
830,doge,0.30145029054738964
831,profit,0.3679010871776933
831,securely,0.28574887307844277
831,accumulating,0.26819176058861044
831,keeping,0.26192535590367394
831,teach,0.25662718623442665
832,bored,0.3133090752901763
832,bayc,0.29748143297411456
832,dog,0.2816537906580528
832,club,0.27754096190233396
832,cool,0.27042389971933484
833,principle,0.4868088978840131
833,secret,0.4462225606060132
833,nothing,0.3966101295075811
833,behind,0.38879137139926445
833,game,0.3232562130598979
834,luffy,0.7384413994341771
834,user,0.20715701473928552
834,prominent,0.19844677058492577
834,luffycrew,0.19292957803081115
834,luffytoken,0.18842170348245918
835,rainbow,0.6736748242770269
835,broke,0.5432619590551409
835,chart,0.43652092835314144
835,bitcoin,0.2100432356815196
835,url,0.12790618918972096
836,cryptopunks,0.3431429738806471
836,cute,0.3431429738806471
836,character,0.3312693359694781
836,cryptoartist,0.282622152189555
836,bnb,0.2813705070625692
837,shorting,0.5051728044029641
837,competition,0.45368884209212074
837,imagine,0.4262250821043221
837,called,0.40737928373063087
837,take,0.3192230060842538
838,number,0.40660993913210447
838,kava,0.38975933250286554
838,ape,0.3600151945869635
838,xrp,0.22607478623629115
838,nearprotocol,0.2209456933386622
839,selling,0.4092863895066241
839,cheaper,0.26167068668674165
839,thinking,0.25439575064236636
839,fail,0.25439575064236636
839,lack,0.2434260677287855
840,way,0.37391623085889364
840,xrp,0.30451446885272887
840,oh,0.2976057683053564
840,realize,0.279320139055208
840,bigger,0.27279371548376363
841,larry,0.40092179644213666
841,oracle,0.3870488612401905
841,startup,0.33826628060059394
841,entrepreneur,0.33021040672565516
841,present,0.33021040672565516
842,macro,0.313803801178059
842,worry,0.2971077194333571
842,bearmarket,0.2971077194333571
842,correction,0.2789141052307521
842,bullrun,0.2760731440750006
843,number,0.5204572596451487
843,drep,0.3640302585547746
843,pair,0.288820964301694
843,result,0.27418150705314764
843,trend,0.24769642384809257
844,shibadoge,0.38957607820324563
844,nftcommmunity,0.3760957343129829
844,terra,0.3286936558556435
844,lunc,0.3141602681573316
844,cryptocurency,0.28326902175544816
845,start,0.3613675259097571
845,tulip,0.2806742542893985
845,historical,0.2806742542893985
845,solves,0.2806742542893985
845,dutch,0.2806742542893985
846,exchange,0.47726470440055085
846,kraken,0.3840769146277532
846,okex,0.36751530950166794
846,huobi,0.3452680084539911
846,bitfinex,0.33704538713856413
847,number,0.4573660370722788
847,conversion,0.284029473796183
847,filled,0.26034930675221224
847,exit,0.25508301706565206
847,leverage,0.24289783837669732
848,told,0.4796803969080723
848,tonight,0.4684724780672404
848,ex,0.4589963177099905
848,fiat,0.3832523046431304
848,everyone,0.3334016988850724
849,salary,0.3158428256131919
849,normal,0.29643666677639036
849,depend,0.29643666677639036
849,number,0.2906253345727002
849,invested,0.2701041500477669
850,reach,0.6407699467938048
850,year,0.48687632839573025
850,binance,0.3561834170154162
850,bnb,0.3548900376220306
850,bitcoin,0.26988498510411724
851,studio,0.26852417194204586
851,twt,0.26852417194204586
851,creo,0.23786881023410902
851,creoengine,0.23468011920547233
851,mar,0.23176907237117006
852,bar,0.6481189231820714
852,impulse,0.35353440922344276
852,detection,0.3240594615910357
852,volatility,0.2728624916636939
852,term,0.2707877699102146
853,flashed,0.2831334221475968
853,anticipated,0.2758729509086923
853,strongest,0.2758729509086923
853,reverse,0.2697343099436625
853,dm,0.2517352041382103
854,chart,0.3923876153468678
854,trading,0.3069383662508262
854,assistant,0.30278234174769364
854,private,0.2775387065195585
854,expert,0.2627721265292159
855,research,0.3091220516766258
855,exit,0.3028691974134788
855,fomo,0.3028691974134788
855,avoid,0.3028691974134788
855,september,0.2926750646595553
856,car,0.36037483630983425
856,fan,0.34677072640503254
856,apecoin,0.34677072640503254
856,nftcollectibles,0.3139927004954706
856,getting,0.28426661705547657
857,moon,0.8999889034289577
857,number,0.33694261095309513
857,btc,0.27656762397079976
858,pulsechain,0.5068746856066703
858,asking,0.5068746856066703
858,etherum,0.4324397068546063
858,technology,0.36146074089527747
858,stop,0.34611808872064764
859,number,0.7490294887663577
859,addr,0.37510891939499136
859,tx,0.32770323569959126
859,whale,0.2975467832626825
859,alert,0.2712504305567623
860,measure,0.40854855846002247
860,fake,0.3879096400180368
860,bro,0.3879096400180368
860,fuck,0.3570562147429872
860,shit,0.3570562147429872
861,bitcoinetf,0.5973220324835126
861,far,0.46397664197917166
861,thank,0.4525045203294218
861,looking,0.43176225657733625
861,url,0.11747451208628819
862,soar,0.4103258972657258
862,amid,0.38959719182071423
862,holiday,0.38959719182071423
862,mover,0.3748899412523802
862,asia,0.3748899412523802
863,intrinsic,0.3461112081093908
863,selfish,0.3461112081093908
863,england,0.334134861586505
863,governor,0.3172551492142416
863,care,0.2715193779468289
864,ring,0.4129679421186071
864,peter,0.36424812593770767
864,design,0.36424812593770767
864,wrong,0.31873407149031546
864,use,0.28953749300360837
865,klay,0.2429022242417645
865,lunarcrush,0.23449717655610958
865,atom,0.21424587950401355
865,greed,0.21424587950401355
865,tradingview,0.20772641802503422
866,user,0.5507610836372161
866,solana,0.43767826421982986
866,tvl,0.3517356421624232
866,network,0.26805298275560674
866,billion,0.2476591794102603
867,pol,0.3805915874250059
867,mfi,0.3805915874250059
867,nord,0.3674221302450569
867,cvr,0.3674221302450569
867,fire,0.3572071056556925
868,monetize,0.5411282632611975
868,number,0.31120222188779145
868,mlm,0.2705641316305987
868,mastercard,0.26120191012158717
868,visa,0.26120191012158717
869,lt,0.46151593950953623
869,gt,0.4051892816352128
869,tom,0.2832379321066328
869,headline,0.2832379321066328
869,payton,0.2832379321066328
870,follow,0.33266960556112257
870,photography,0.3311469825084774
870,bollywood,0.3311469825084774
870,hollywood,0.3311469825084774
870,mention,0.3196884370479211
871,project,0.5663894789349146
871,best,0.3582229986604913
871,poker,0.3044989444005881
871,promising,0.26281968349931745
871,able,0.26281968349931745
872,unknown,0.5954990327257779
872,transfered,0.35028460697899916
872,used,0.33027456705262254
872,address,0.3106981112906382
872,never,0.3045443490872241
873,michael,0.5774495444956492
873,saylor,0.5613953637303096
873,going,0.5177249096789378
873,liquidated,0.2595533706936721
873,btc,0.11294207984052917
874,bluesparrow,0.5133269365470842
874,know,0.3861266506154595
874,user,0.3174830170042174
874,renounce,0.3150349696626774
874,kyc,0.2829286322602125
875,pit,0.4969180070689696
875,pitbulltokenshibakiller,0.31546254948771296
875,pitbullcrew,0.31546254948771296
875,bscpitbull,0.2722826102910075
875,late,0.2502874296928884
876,number,0.6225811472348832
876,fifteenminutes,0.24603722365558608
876,estimated,0.23752369684978344
876,alarm,0.22552455475073893
876,ytd,0.2209626926449171
877,accumulate,0.6587431952297954
877,spend,0.6272753866851674
877,number,0.3374663423208366
877,crypto,0.1987902275553004
877,btc,0.13849875532480938
878,fxrumble,0.5267608464156177
878,trading,0.2669956125420971
878,skill,0.2542667766636494
878,rank,0.23230816675491797
878,participate,0.20490541329283715
879,safe,0.4635889771223069
879,usdt,0.3397990783104559
879,burency,0.2921540263065783
879,buy,0.28715532779444747
879,secured,0.2840315962270046
880,remarkable,0.7701082165768314
880,increase,0.5774913275610108
880,user,0.1940231272423052
880,url,0.14621536043260128
880,bitcoin,0.12005496999855618
881,tbh,0.46286849043585165
881,surprised,0.44685203876915863
881,added,0.3732644205146551
881,sheet,0.3732644205146551
881,balance,0.36311382483345894
882,bought,0.800131063798055
882,bag,0.4196941297212526
882,buy,0.25798940870649445
882,price,0.1959406950356982
882,eth,0.1754626585702555
883,bnbusdt,0.4311960666307112
883,bnb,0.3535723157585866
883,entry,0.29816610165257534
883,number,0.2975764153127925
883,stop,0.2842527085332258
884,mint,0.42513525679398717
884,tether,0.39378670624615114
884,bitcoinnews,0.36305492871608863
884,cap,0.3512493737085265
884,billion,0.346811170514122
885,act,0.5097635349285121
885,happened,0.5015757502333735
885,never,0.4052063563755987
885,would,0.35799392457254287
885,like,0.3028285357186576
886,account,0.368556470635106
886,coinbase,0.33580814281783605
886,forgotten,0.26649592221977236
886,login,0.25727447132000475
886,recoveryphrase,0.2501217583111374
887,monetary,0.6318215729807768
887,system,0.5349206592486713
887,history,0.5207845691342681
887,user,0.17724665898589592
887,bitcoin,0.10967425702978909
888,canada,0.5580439227389523
888,funded,0.3106849753347323
888,story,0.27902196136947616
888,fight,0.2696304915873003
888,said,0.25887998470719087
889,ww,0.5288322853933155
889,cyptocurrency,0.5141297556481979
889,equal,0.5141297556481979
889,everyone,0.3573457141158225
889,eth,0.17675666396833875
890,grovetoken,0.415129961340851
890,standard,0.38051965594500103
890,innovation,0.36027392514992174
890,creating,0.34191264878798405
890,wealth,0.33154477594838033
891,saudi,0.5961073496739943
891,latest,0.4385659077516825
891,surge,0.29805367483699713
891,breakingnews,0.2676779617578821
891,crypto,0.2423331124239972
892,number,0.6850235271079452
892,day,0.40098253496665254
892,avg,0.2872930956116832
892,moving,0.26767143585976094
892,low,0.21896811981315678
893,expecting,0.7382735065103497
893,tell,0.6432538253424084
893,user,0.2029205405257708
894,undergarment,0.40631733491442845
894,sportswear,0.40631733491442845
894,medicaltextile,0.40631733491442845
894,bitenium,0.40631733491442845
894,sevenplus,0.40631733491442845
895,accessible,0.37858880972204273
895,scalable,0.37858880972204273
895,cheaper,0.36548865385108636
895,faster,0.3470250211638551
895,adding,0.33392486529289866
896,bear,0.3515241783994434
896,respectively,0.2730289236382468
896,warned,0.26358141392562096
896,trap,0.2562533560790404
896,predicted,0.24081838714119394
897,double,0.5021717345193621
897,bearish,0.46259884690705644
897,orange,0.272843059247604
897,blue,0.2510858672596811
897,view,0.2510858672596811
898,number,0.6044160327916942
898,weekly,0.3318273343219327
898,consistent,0.238858570166257
898,payout,0.238858570166257
898,whatsapp,0.2145156413369921
899,ceo,0.4039209267407542
899,someone,0.3989105631058712
899,call,0.3860613200121018
899,min,0.34614792538195893
899,ago,0.3424316129807042
900,hokk,0.475164708232307
900,elon,0.38373636172459036
900,shib,0.29323726521773175
900,buckle,0.25919174460139444
900,doge,0.25746784823713587
901,airdrop,0.5364786980142436
901,user,0.28366319203591867
901,cryto,0.264181350610978
901,guideline,0.24826885290546105
901,lucky,0.24428117670892022
902,rally,0.5605720597376717
902,continue,0.537614153100064
902,believe,0.4771088965494628
902,defi,0.3477615046440003
902,crypto,0.19022621301931475
903,change,0.4735293260144347
903,contract,0.39760324657938667
903,ca,0.38536991908121454
903,language,0.2534164247546935
903,immutable,0.2534164247546935
904,literally,0.7099659683924443
904,bag,0.5838331863533746
904,btc,0.2856633248747611
904,eth,0.244084717380118
904,bitcoin,0.11792476330274844
905,imminent,0.30620700532352674
905,alpha,0.30620700532352674
905,board,0.2959005268532587
905,shibaarmy,0.2915796611804372
905,gon,0.2723046743883754
906,volatility,0.5674069132243648
906,week,0.44706164847833146
906,derivative,0.3548612701755167
906,number,0.3382321842566582
906,arbitrage,0.31900774597766507
907,feel,0.7250585297311677
907,like,0.513216121540486
907,btc,0.3698870553986105
907,number,0.22531688347027667
907,bitcoin,0.15269318690369116
908,seller,0.5129086321774546
908,bid,0.46392694652949557
908,sold,0.44781425114115686
908,alert,0.36314573060753064
908,number,0.28651105115175474
909,defense,0.5386738395653331
909,terra,0.4958289825623458
909,system,0.4468337051704047
909,investing,0.3702572127803053
909,market,0.27532229163386945
910,miner,0.5112018484201496
910,apparently,0.35920219574517465
910,winter,0.35920219574517465
910,public,0.311736557307481
910,reserve,0.311736557307481
911,currency,0.4282511218345217
911,centralize,0.3326227611816994
911,belief,0.3326227611816994
911,age,0.3326227611816994
911,reserve,0.2886693780860173
912,shit,0.6413299627479782
912,bearish,0.5592331172182599
912,think,0.46955803335446644
912,url,0.14431907349299483
912,btc,0.14352592493922992
913,great,0.3397999525305977
913,user,0.3147851223870373
913,spirit,0.3123578779653123
913,mfloki,0.30154948431027784
913,metafloki,0.30154948431027784
914,update,0.5529917232004444
914,price,0.3669455762626953
914,eth,0.3285955801571322
914,recent,0.3162643292237017
914,usd,0.2584217086060955
915,stablecoin,0.6050998355109728
915,terra,0.5882708425055152
915,cryptonews,0.3576791974942025
915,nft,0.29882109050828237
915,crypto,0.18896236135642205
916,reference,0.38718290811360145
916,whitepaper,0.3633934394145428
916,page,0.3633934394145428
916,satoshinakamoto,0.3549026105157552
916,dedicated,0.34150507652476825
917,estimated,0.5289576318870878
917,government,0.4418488600544017
917,currently,0.4007147007393541
917,worth,0.37558111822646956
917,hold,0.37244224739515436
918,qnt,0.6106160880903214
918,got,0.4672054106792019
918,back,0.4278627061114713
918,number,0.21580459599195792
918,called,0.18912860245141364
919,one,0.3759314308064272
919,good,0.3741288854124596
919,seem,0.34841475426172314
919,mentioned,0.33635869906051263
919,ideal,0.32700729614023094
920,tbh,0.4055932050378517
920,understood,0.4055932050378517
920,policy,0.36425775487168194
920,monetary,0.36425775487168194
920,fed,0.3239282172168941
921,went,0.3930695400078017
921,binance,0.39275493646891635
921,percent,0.37767039645083755
921,minute,0.3362177351287526
921,cryptonews,0.24482383792881046
922,fiat,0.6289627523472582
922,since,0.5332146480462227
922,way,0.5269072744185995
922,url,0.15924743999453303
922,bitcoin,0.13075539105006198
923,hunt,0.37427789748786994
923,experience,0.36977104639485797
923,exciting,0.36977104639485797
923,together,0.36165038021939017
923,bitcoins,0.329829222520592
924,check,0.38859896309594766
924,coinscan,0.31367778648716965
924,rug,0.3028237205699666
924,quickly,0.28170976446282436
924,dyor,0.2766717079540879
925,shib,0.411811656485305
925,doge,0.3615783996468353
925,dogetothemoon,0.35140405285510784
925,remember,0.288054909640793
925,buythedip,0.2855523945815865
926,tradingview,0.5248240746330832
926,idea,0.44882188167112563
926,thought,0.4437291168647795
926,trade,0.36263415909647573
926,see,0.3432675279688579
927,number,0.6189716699096617
927,first,0.4101099036247792
927,tweet,0.38273583613363
927,hey,0.26166658304214324
927,month,0.22093610895797358
928,train,0.39703737266681643
928,missed,0.36092469226549023
928,started,0.3270293501100876
928,getting,0.3131863254612889
928,part,0.2909166697087614
929,goldman,0.45482120284574257
929,research,0.41690175063334467
929,bitcoincash,0.343391121227756
929,latest,0.3346193832366654
929,bch,0.3054716690153581
930,number,0.6418031176659337
930,𝗽𝗹𝘂𝗻𝗴𝗲𝗱,0.29926985746403684
930,𝗔𝗖𝗧𝗜𝗢𝗡,0.29926985746403684
930,𝗣𝗥𝗜𝗖𝗘,0.29926985746403684
930,𝗕𝗜𝗧𝗖𝗢𝗜𝗡,0.29926985746403684
931,rbxsamurai,0.31558128699679844
931,rbxs,0.31558128699679844
931,choosing,0.31558128699679844
931,marketing,0.24756908395162008
931,dream,0.24171778107530226
932,analysis,0.5500208800436627
932,saturday,0.3749241601376815
932,technical,0.3254526533835272
932,lower,0.29955476472534254
932,post,0.2938954850470783
933,bed,0.6286678513996594
933,king,0.5304204902634212
933,back,0.3823016701308432
933,still,0.3776034761184403
933,user,0.1583882627138462
934,user,0.38802134012618333
934,bsc,0.34729425352809673
934,lfg,0.3341508952003684
934,rich,0.29954620208836363
934,ath,0.2650699739634586
935,slide,0.5028410239545155
935,famous,0.47194523659073345
935,experiment,0.47194523659073345
935,succeed,0.4363946867177662
935,one,0.2712768952680331
936,zero,0.7124185979411175
936,est,0.36148789942585335
936,user,0.31482412853595126
936,number,0.2874542468328918
936,come,0.25459832834537144
937,number,0.8646806460181414
937,rsi,0.27850559065460756
937,last,0.18290056569507193
937,bb,0.1640691761853916
937,bollinger,0.14914620386292457
938,coding,0.5293465201776688
938,security,0.5065208107737421
938,major,0.45481851424013475
938,address,0.40341839332636226
938,url,0.2141659358242745
939,odds,0.6148309545727733
939,racing,0.31843412486179656
939,fair,0.2988687502355768
939,number,0.2930097395679431
939,star,0.2808669181933996
940,simply,0.7430699290534923
940,clueless,0.41941656242730063
940,report,0.33033341465023874
940,watch,0.31241252763878324
940,news,0.24168392829264407
941,satoshi,0.5974084121550816
941,retweets,0.24693980523390113
941,mysterious,0.24693980523390113
941,nakamoto,0.2317672171778191
941,room,0.2263518861014644
942,number,0.41850465770072126
942,michael,0.35126425294490426
942,purchased,0.35126425294490426
942,saylor,0.3414984476603839
942,microstrategy,0.320928890981739
943,economics,0.5782565255172258
943,decision,0.501844645273851
943,value,0.38257511453908916
943,take,0.365405233129295
943,exchange,0.33720388165780435
944,craze,0.5336937282627199
944,behind,0.4541395282275971
944,reason,0.44238575597349483
944,next,0.325462306352321
944,current,0.301985443367029
945,stx,0.6578211920417794
945,nftcommunity,0.4019656581272689
945,time,0.360044098944141
945,nfts,0.34558256418562244
945,nft,0.300386159942144
946,number,0.7640125431330856
946,unknown,0.3502463828792934
946,wallet,0.30616573915314765
946,symbol,0.19157921232618544
946,detail,0.18371459696029255
947,satoshi,0.41281010824619696
947,digital,0.3494138010804027
947,third,0.2559536633268207
947,narrative,0.2559536633268207
947,required,0.24022724169372459
948,going,0.2926601961000888
948,cb,0.2535909661939947
948,ran,0.2535909661939947
948,polyswarm,0.2535909661939947
948,dice,0.24481606028209832
949,channel,0.4247069624884095
949,telegram,0.42201753351357324
949,hit,0.38913241659672587
949,target,0.3646746275433244
949,signal,0.33244570366242543
950,number,0.5084920195038902
950,cost,0.34985357531247635
950,average,0.3293459697205285
950,whale,0.282792912404883
950,returned,0.22104550035598064
951,regulation,0.5854781410135548
951,ecb,0.33731211319793614
951,stablecoins,0.3091896543568733
951,ban,0.28106719551581044
951,call,0.2720137859175588
952,based,0.49899970570774027
952,prediction,0.4423525696761455
952,many,0.4301390166114838
952,twitter,0.4148876931207347
952,buying,0.40485259902641807
953,number,0.6612323790937054
953,avg,0.36975371811538527
953,hour,0.26650706110908867
953,usd,0.2431429223037275
953,xbtusd,0.21956515548028774
954,pump,0.9074138302581574
954,url,0.2575089416064287
954,btc,0.2560937243404546
954,bitcoin,0.2114362551749157
955,fee,0.38679492648419217
955,low,0.3181061622674637
955,high,0.3082820607982438
955,seamless,0.26102395254597915
955,chose,0.26102395254597915
956,hamster,0.4429124913961393
956,hamstercoin,0.3906599725823506
956,passive,0.3647951177154337
956,earning,0.3608471031172519
956,user,0.3347656790003332
957,lunacoin,0.3576269266209009
957,submit,0.3576269266209009
957,posted,0.3356534500068654
957,anonymous,0.3278107767382242
957,wan,0.30173747445066434
958,inr,0.6601709909635448
958,number,0.45093038023529697
958,exchange,0.2857715989058727
958,coindcx,0.22997358276025226
958,btcinr,0.22460016064893298
959,freedom,0.5404753657324377
959,financial,0.49957986167859186
959,low,0.4150939460547345
959,high,0.4022745620596772
959,buy,0.3347801360056413
960,flashed,0.28207222180149966
960,anticipated,0.27483896322626844
960,strongest,0.27483896322626844
960,reverse,0.26872333024054124
960,bounce,0.24416413525917657
961,slogan,0.48669859982514424
961,bluesparroweth,0.48669859982514424
961,bluesparrow,0.3965202681110402
961,happy,0.31970429849866927
961,everyone,0.3174949630628892
962,area,0.42682975027605047
962,deeper,0.24493993195570793
962,dipping,0.23190778540068985
962,progress,0.2200886593386107
962,effort,0.2200886593386107
963,rolex,0.4933287654379695
963,yellow,0.47625830916217854
963,case,0.3751021004287622
963,gold,0.34113000142390587
963,luxury,0.24666438271898475
964,mee,0.30924605484280904
964,eager,0.30924605484280904
964,gained,0.30924605484280904
964,meet,0.2985453383480625
964,wan,0.260917499847584
965,russia,0.46909695015769703
965,accept,0.46909695015769703
965,huge,0.3930121929625282
965,community,0.3852224930410055
965,currency,0.3706584149894382
966,currently,0.8329891198658979
966,number,0.5240241147008649
966,bitcoin,0.17756084421125023
967,tv,0.270702501534585
967,mevr,0.270702501534585
967,advertising,0.2540698750625394
967,thursday,0.248133433719603
967,google,0.248133433719603
968,nigeria,0.7370183954882922
968,god,0.6396274299080204
968,user,0.18568638906799406
968,bitcoin,0.11489647747434893
969,pitbull,0.6021165107781702
969,society,0.3203542272439596
969,train,0.31286902625928026
969,talk,0.27808326153451723
969,pit,0.2595270383824443
970,mine,0.7042483301904764
970,monero,0.37509328387055785
970,pool,0.36466121649886335
970,global,0.3362485937525455
970,team,0.250436293080298
971,solidity,0.3070841055009549
971,bnbchain,0.28821610393707914
971,smartcontract,0.28821610393707914
971,stage,0.28148182268987904
971,undervalued,0.28148182268987904
972,dumb,0.36370682956386213
972,rock,0.3511216288493558
972,infrastructure,0.32664016931956746
972,politician,0.3207985839766057
972,god,0.3156459405328684
973,arweave,0.4627036391126753
973,capitulation,0.43427399124097255
973,wait,0.35712073443563214
973,buying,0.29981797570452823
973,stock,0.29981797570452823
974,fintwit,0.3913561760869673
974,america,0.3565919440986425
974,decentralized,0.31481806578391425
974,bottom,0.3067762108342435
974,breaking,0.3031922447283527
975,micro,0.5546050690584107
975,course,0.49857036497841367
975,movement,0.49129002790557824
975,support,0.3434129704410702
975,eth,0.18537094752788308
976,number,0.3634784742537862
976,eventually,0.31601393189393767
976,silly,0.3050790292795582
976,gap,0.2965972598670528
976,round,0.2965972598670528
977,binary,0.34110903444430213
977,overbought,0.34110903444430213
977,market,0.3405421080612094
977,technicalanalysis,0.3264002276448046
977,forextrader,0.3264002276448046
978,closing,0.4644652770898828
978,average,0.3686659483336289
978,mean,0.3578135366787797
978,moving,0.35586177265469987
978,bull,0.32066170659725457
979,inu,0.4572680660945172
979,lead,0.45198470476825064
979,rally,0.438279099078919
979,cryptocurrency,0.3749470966313692
979,shiba,0.355588250516888
980,feed,0.47122660876642053
980,ago,0.36771667743898484
980,twitter,0.3413698510358072
980,happy,0.3376954180815451
980,bull,0.3331129693955261
981,nigeria,0.5971641379518592
981,regulator,0.288250354082589
981,voice,0.2802364534150305
981,banned,0.27368861980255926
981,tech,0.2487951706291889
982,pride,0.26909190548407985
982,serve,0.26909190548407985
982,realestate,0.25255823798859905
982,scene,0.25255823798859905
982,knowledge,0.25255823798859905
983,user,0.4656832524347612
983,amp,0.26459477309138185
983,controlled,0.2640528360270921
983,fraud,0.254915922253379
983,govt,0.2478287813337452
984,retail,0.41356042203222787
984,bad,0.37134690756317446
984,feel,0.34088086796870526
984,cryptocurrencynews,0.33295477942718926
984,investor,0.3069221559606934
985,classic,0.4623572026200334
985,follower,0.44490326975355604
985,cryptocurrencynews,0.364711141337933
985,twitter,0.3349446029733213
985,take,0.3187416610063602
986,user,0.6373955041716126
986,awesome,0.42155541048142925
986,check,0.3917735740146419
986,airdrop,0.3013689472221162
986,bsc,0.2852469348096399
987,number,0.3455202697380834
987,everytime,0.29000613778989853
987,program,0.2607052730501853
987,invested,0.2568983434815714
987,smile,0.2568983434815714
988,warm,0.31087815016595005
988,initially,0.31087815016595005
988,slowly,0.3001209589350773
988,texas,0.2917770331806305
988,star,0.27420235820727756
989,lay,0.6259022317828872
989,safemoon,0.4632196024211065
989,think,0.4119574679649757
989,need,0.40553705063949075
989,crypto,0.18073514833272541
990,lord,0.44606393041857484
990,circle,0.41865666711200794
990,ground,0.41865666711200794
990,withdrawal,0.40887459142701016
990,burn,0.3562502821805532
991,sign,0.5252270423580184
991,claim,0.5222815646192478
991,link,0.4403846937818604
991,token,0.4268305342130812
991,url,0.2742909728386105
992,great,0.375366409548386
992,user,0.3477333068757025
992,mfloki,0.3331123102982891
992,metafloki,0.3331123102982891
992,glad,0.30434455945952155
993,strategy,0.5156598275720434
993,profit,0.41564421283724695
993,right,0.3850533458118579
993,free,0.35726348342787045
993,time,0.3316759110273469
994,impact,0.529753847929311
994,would,0.5244358247837805
994,immediately,0.27245158932996927
994,dumped,0.2648769239646555
994,satoshi,0.22758424665504012
995,user,0.42588635740691894
995,muna,0.40797929227714863
995,airdropdet,0.36675897138767455
995,position,0.2776005821667706
995,better,0.27032663605344753
996,sub,0.49433816879910264
996,calling,0.4443925506475528
996,send,0.3893418379720247
996,never,0.3590099524639502
996,everyone,0.33403714338817525
997,revenue,0.36871365600794626
997,rate,0.30810132237964466
997,inflation,0.299665595960036
997,drop,0.29594199587044595
997,network,0.29594199587044595
998,benzinga,0.5055535837154104
998,alternative,0.4703045743039783
998,entrepreneur,0.43131260989986747
998,really,0.33603790027919533
998,investment,0.3073745087121172
999,lack,0.6540713314824718
999,lead,0.5998436512336509
999,exchange,0.42469681208673543
999,url,0.13827644967715363
999,bitcoin,0.1135364640786134
1000,bitf,0.3051969623794283
1000,sector,0.29463635499790447
1000,hive,0.29463635499790447
1000,size,0.2864449115232915
1000,undervalued,0.2797520148749893
1001,user,0.4783057478999367
1001,true,0.46845124239047686
1001,lightningnetwork,0.42840690647142593
1001,love,0.4233864204787512
1001,community,0.4233864204787512
1002,number,0.6225811472348832
1002,fifteenminutes,0.24603722365558608
1002,estimated,0.23752369684978344
1002,alarm,0.22552455475073893
1002,ytd,0.2209626926449171
1003,number,0.8978455599026405
1003,last,0.23460179084297847
1003,fibonacci,0.17456746768148884
1003,price,0.165456621215733
1003,weekly,0.15947462503070403
1004,hunt,0.37427789748786994
1004,experience,0.36977104639485797
1004,exciting,0.36977104639485797
1004,together,0.36165038021939017
1004,bitcoins,0.329829222520592
1005,buythedip,0.711101144193926
1005,plan,0.6668936814619972
1005,url,0.17210260848941245
1005,bitcoin,0.14131055340381848
1006,craze,0.49877338168276814
1006,cryptoworld,0.4687306467461629
1006,china,0.3933907611933135
1006,currency,0.3421045989139493
1006,future,0.3011932709651858
1007,nation,0.4351710344947631
1007,faithful,0.4230724632547066
1007,loved,0.4131872107771944
1007,bloomberg,0.3912033870596257
1007,cryptocurrency,0.3079861586767379
1008,refuse,0.3782958370006798
1008,decent,0.3782958370006798
1008,measure,0.3782958370006798
1008,seems,0.3265153918524915
1008,candle,0.3192498707003222
1009,comp,0.6525614182427634
1009,bch,0.49690188252984374
1009,scared,0.3471932842369782
1009,dump,0.29274201185108256
1009,better,0.2366286125293748
1010,float,0.49146800948527064
1010,lghl,0.47446194019713545
1010,list,0.40951845399843156
1010,china,0.36381202293680154
1010,fintech,0.34624026408155795
1011,brazil,0.3744546808609321
1011,currencytimes,0.3640441381697615
1011,institution,0.33662153002256107
1011,record,0.3317060388969625
1011,register,0.31946569244827505
1012,made,0.4830961740254134
1012,liquidate,0.34117502114089293
1012,dropping,0.3202123900013216
1012,liquidated,0.29609152669328515
1012,june,0.2779601398158523
1013,often,0.3750529961429101
1013,influence,0.36462581916432324
1013,stockmarket,0.30476962423585147
1013,true,0.2875863745331545
1013,prediction,0.27505078455652476
1014,number,0.5350048581222006
1014,btcusd,0.4560388686930953
1014,midnight,0.3270416409491868
1014,continue,0.2968939642311805
1014,fall,0.2851769400333779
1015,bitzippwallet,0.6822671561731734
1015,token,0.4176029344827738
1015,good,0.3794399422484923
1015,buy,0.33529684897907863
1015,url,0.2683611081637281
1016,cryptoexchange,0.3761238198640998
1016,blockchaintechnology,0.3530138487054503
1016,blockchains,0.3377916998502772
1016,premium,0.33175068215508674
1016,bitcointrading,0.31340726608848996
1017,block,0.5016222598038671
1017,subsidy,0.36597949748954733
1017,number,0.3488294024530159
1017,total,0.2925922246618214
1017,mined,0.2806289188965176
1018,blue,0.38098273121250936
1018,coinhuntworld,0.355375807463369
1018,vault,0.355375807463369
1018,location,0.35312541347889576
1018,playing,0.341211546038224
1019,june,0.9327711192728485
1019,user,0.28845066178792056
1019,btc,0.21618106939458928
1020,tap,0.5425553534108599
1020,option,0.453207308051799
1020,trader,0.38046243948574915
1020,resistance,0.38046243948574915
1020,sell,0.35103581045198967
1021,imminent,0.6033293872406976
1021,guess,0.5830222053932205
1021,breakout,0.5184996823346574
1021,url,0.12754915502021508
1021,bitcoin,0.10472846309708807
1022,btcnews,0.5700733328983096
1022,active,0.541274560316689
1022,trade,0.3489311987755771
1022,btcusd,0.347370113682115
1022,today,0.34434725269531613
1023,vibe,0.6608737352926075
1023,valuable,0.30190016941416853
1023,millionaire,0.2852072710539737
1023,must,0.2708675704747472
1023,contract,0.26851437269377887
1024,line,0.745882284243912
1024,want,0.618090173488809
1024,btc,0.19142901492386366
1024,bitcoin,0.15804773877831033
1025,consider,0.41363422525775473
1025,trx,0.33324343559372865
1025,dip,0.3255410793193483
1025,buying,0.3176670560193021
1025,would,0.30367238681078784
1026,bscgem,0.3725651543193818
1026,burnt,0.2773588335902789
1026,azbit,0.2773588335902789
1026,fegex,0.26776149775014424
1026,latoken,0.26031722573044175
1027,dip,0.7264724332234093
1027,buy,0.5190532315297935
1027,crypto,0.29650211162875056
1027,url,0.2077169839702117
1027,btc,0.2065754132724454
1028,un,0.3618271806369358
1028,cryptolatest,0.3618271806369358
1028,ad,0.3140146718703505
1028,ban,0.30149451188946613
1028,register,0.29801098753622784
1029,real,0.6798103949214278
1029,currency,0.6662174005757543
1029,user,0.26073610019170773
1029,bitcoin,0.1613347085523664
1030,etp,0.3757126941071189
1030,dubai,0.35262798352460045
1030,east,0.35262798352460045
1030,middle,0.3443886936853133
1030,nasdaq,0.3260653280659834
1031,bird,0.30410584731807455
1031,casino,0.2668670496370809
1031,stellar,0.2668670496370809
1031,early,0.2612900328550773
1031,tether,0.25007830478187437
1032,rising,0.45210458525362734
1032,user,0.28786973524870224
1032,non,0.27576579717147726
1032,manipulation,0.26809899060995224
1032,dxy,0.26809899060995224
1033,heading,0.4415521072296584
1033,run,0.3565912960381238
1033,cryptoart,0.3393682911102488
1033,analysis,0.3316313691716594
1033,bitcoins,0.3142430550114876
1034,feel,0.5151822595579462
1034,lot,0.47306768637694313
1034,bull,0.4509556773758521
1034,like,0.36465999680718947
1034,market,0.3260525595866191
1035,xd,0.6151172867862587
1035,yes,0.5066278043653012
1035,lol,0.4960402411160452
1035,user,0.30994859432502864
1035,url,0.11678825632527655
1036,watch,0.4939498522448028
1036,much,0.4578268674414162
1036,say,0.4421915289029637
1036,better,0.4393905532292729
1036,doge,0.3411659752892607
1037,huobi,0.5398347085684555
1037,sun,0.30025667626193303
1037,bigger,0.2932410623643182
1037,xrpcommunity,0.2932410623643182
1037,confidence,0.2873094453315333
1038,phemex,0.5065626085959124
1038,earn,0.4773394910458044
1038,participant,0.2532813042979562
1038,putting,0.2532813042979562
1038,everyday,0.23216468032676119
1039,project,0.43726537919548514
1039,user,0.32719755657268484
1039,airdrop,0.30940658511896185
1039,interesting,0.26451701408475087
1039,according,0.26451701408475087
1040,number,0.737816005538203
1040,unknown,0.36642352530804234
1040,wallet,0.3203068895295403
1040,symbol,0.2004278524711897
1040,detail,0.19219998709290415
1041,planet,0.5072699726645121
1041,country,0.4026418652978139
1041,location,0.40009216210324094
1041,miner,0.38459327645770414
1041,mining,0.3502135965024291
1042,variant,0.2586984237159853
1042,whatever,0.24974678651165724
1042,covid,0.24974678651165724
1042,idiot,0.24974678651165724
1042,tf,0.24280335726413266
1043,usd,0.6028437161290039
1043,price,0.42800358376332676
1043,safemoon,0.41252934171463507
1043,number,0.34155132989001025
1043,dogecoin,0.3198865152179133
1044,follow,0.3194610608019637
1044,firmly,0.30699530560716143
1044,pullback,0.285590491626644
1044,however,0.2804830327569933
1044,confident,0.2804830327569933
1045,executive,0.4294162127650834
1045,becomes,0.40303182611378535
1045,member,0.37875591491318816
1045,group,0.37267236504971213
1045,fintech,0.3025246405445662
1046,former,0.37154522113820937
1046,reveals,0.37154522113820937
1046,president,0.349165850053974
1046,valuable,0.349165850053974
1046,insight,0.3385407994603671
1047,user,0.39969291554763997
1047,shared,0.3828871950869096
1047,airdrop,0.3779600966193796
1047,wonderful,0.3037820244471039
1047,thanks,0.27186525388111765
1048,dfi,0.5327016501681952
1048,solana,0.34906455958157917
1048,cryptocom,0.28052214847686163
1048,register,0.2393272323481013
1048,vechain,0.2393272323481013
1049,amid,0.349588577306404
1049,kick,0.349588577306404
1049,coindesk,0.3425171748810456
1049,correction,0.31072021713013204
1049,crypto,0.3100862413270905
1050,agreed,0.4497120156137095
1050,spread,0.4122185276700772
1050,central,0.39028624320181154
1050,russia,0.36638677215831156
1050,government,0.36265483258206904
1051,bnb,0.5067049129414347
1051,update,0.4474157461899594
1051,binancecoin,0.3110346356001107
1051,price,0.29688912496646663
1051,number,0.28430474690114066
1052,pig,0.47612902214493835
1052,hoge,0.42760501527529043
1052,matic,0.30750357891882285
1052,unfi,0.23806451107246918
1052,hokk,0.2182165448945554
1053,none,0.40108624265022885
1053,predict,0.3872076171824769
1053,either,0.33034584922277177
1053,according,0.3267706636683487
1053,action,0.31740400907019284
1054,unknown,0.5954990327257779
1054,transfered,0.35028460697899916
1054,used,0.33027456705262254
1054,address,0.3106981112906382
1054,never,0.3045443490872241
1055,supposed,0.28700335724947446
1055,hedge,0.2770722958474845
1055,scared,0.269369166171474
1055,crashing,0.2577538214491843
1055,economic,0.249078206047804
1056,user,0.6223207979694607
1056,payb,0.39743622417774777
1056,paybswap,0.39743622417774777
1056,strong,0.26675715331663563
1056,team,0.238543755736743
1057,derived,0.33302513863334215
1057,substrate,0.33302513863334215
1057,framework,0.33302513863334215
1057,advantage,0.30526009436776697
1057,greater,0.299085358945032
1058,number,0.7729587361568747
1058,btc,0.6344562965238559
1059,kol,0.39601564352333357
1059,tuned,0.33866676753483876
1059,excited,0.32263957447679886
1059,april,0.3193532347714676
1059,heard,0.3162790692820971
1060,entering,0.43288340268116193
1060,period,0.3652329702653605
1060,flow,0.35653487970131437
1060,info,0.3457236145763473
1060,end,0.29672895296173
1061,pic,0.5276536386325834
1061,car,0.5009978098752768
1061,online,0.4611496161329618
1061,amp,0.2738440061936535
1061,buy,0.2593127938008855
1062,speed,0.31490346205653147
1062,ton,0.31490346205653147
1062,alternative,0.3085336626697838
1062,solution,0.28985677738284343
1062,old,0.26515301503125616
1063,number,0.7393435214846332
1063,rolex,0.40174809134903533
1063,whatsapp,0.3608045104333687
1063,per,0.29381525199064557
1063,month,0.2639017078825938
1064,checking,0.49108058334550747
1064,consolidation,0.4774276217482079
1064,period,0.42918612877759726
1064,cryptocrash,0.36014136966976756
1064,right,0.3033628175612807
1065,thus,0.33463891626814785
1065,buy,0.3175320549834232
1065,manipulation,0.31407787946299975
1065,decade,0.3005346707451683
1065,weak,0.2904191147332099
1066,ftx,0.8269380620356584
1066,user,0.5265384354634124
1066,btc,0.1973086859123323
1067,force,0.6475242851543878
1067,economy,0.6078726495341997
1067,world,0.45033757170487304
1067,url,0.07083021423755823
1067,bitcoin,0.05815749603955667
1068,number,0.720587949402615
1068,low,0.335034626237207
1068,high,0.3246877214793888
1068,year,0.3203466314208098
1068,day,0.30676391121418434
1069,sol,0.3613388248695888
1069,reply,0.2970979731533683
1069,poll,0.2970979731533683
1069,cryptocommunity,0.2868176118291341
1069,blockchainnews,0.26204789501535936
1070,maanky,0.4028557063939076
1070,sponsored,0.4028557063939076
1070,progress,0.3619825139135625
1070,fed,0.3510060592906653
1070,towards,0.34477968623462124
1071,invite,0.37152751442936083
1071,friend,0.29145811301236085
1071,cryptocurency,0.27014552857820057
1071,believe,0.2525428978044696
1071,bscgem,0.24952910991785077
1072,gt,0.5728125598771915
1072,billionaire,0.4893704612106417
1072,reality,0.23973579047634516
1072,institution,0.23166663555780712
1072,opinion,0.2282837405566901
1073,mid,0.36442634588262196
1073,expecting,0.34601637851146483
1073,august,0.34601637851146483
1073,fine,0.33295429878821703
1073,dyor,0.33295429878821703
1074,sol,0.4435877686365848
1074,discount,0.30039708369273854
1074,uni,0.283749146897821
1074,avax,0.24592402155411036
1074,shiba,0.23633028357772745
1075,pump,0.5775181398876502
1075,megapump,0.36415003191713097
1075,sky,0.35963299911003876
1075,powerful,0.3305815927201326
1075,history,0.3194942929764852
1076,math,0.5077315430607602
1076,formula,0.2769562262413175
1076,shibadoge,0.2769562262413175
1076,magic,0.25993935556570363
1076,bitcoincrash,0.24428236694994124
1077,worth,0.45084866671556934
1077,usdt,0.369256587306672
1077,lit,0.32886056954353177
1077,lina,0.30865456855132106
1077,activity,0.2774666847322146
1078,ngmi,0.7956888472258781
1078,short,0.5511721794010006
1078,user,0.21359157047750907
1078,bitcoin,0.13216326295781225
1079,number,0.737816005538203
1079,unknown,0.36642352530804234
1079,wallet,0.3203068895295403
1079,symbol,0.2004278524711897
1079,detail,0.19219998709290415
1080,patient,0.6129062692857671
1080,machine,0.5618069145427491
1080,day,0.3301235350947589
1080,money,0.32209156822505935
1080,market,0.28714586788264296
1081,amp,0.4312047316982593
1081,magazine,0.38646594408052437
1081,est,0.3734580675038623
1081,note,0.3734580675038623
1081,user,0.32524909086407755
1082,dollar,0.4922332597308341
1082,target,0.46321607682434573
1082,number,0.3886923790689966
1082,kmd,0.24138235668361785
1082,structure,0.22655123191417142
1083,robin,0.49125415387911936
1083,trade,0.29028289028831594
1083,implementing,0.24562707693955968
1083,moore,0.24562707693955968
1083,tear,0.24562707693955968
1084,btt,0.5472294410037815
1084,shib,0.3799549966068093
1084,go,0.37923041368237026
1084,ada,0.3504144828420064
1084,xrp,0.343637659624533
1085,yall,0.42806244440889535
1085,forever,0.38443707391675064
1085,chainlink,0.37149748613263206
1085,agree,0.348748558730728
1085,cryptos,0.3112532741671392
1086,script,0.9038660142901256
1086,send,0.23729562574480068
1086,please,0.22095460190177865
1086,real,0.2050052837790001
1086,one,0.16836770039368956
1087,milo,0.3580501515521631
1087,legacy,0.3580501515521631
1087,voice,0.34809568555445203
1087,miami,0.34809568555445203
1087,cashapp,0.33308561056508634
1088,range,0.7137143486497185
1088,change,0.5759743498617572
1088,bitcoin,0.28831727143153985
1088,number,0.2127231422924673
1088,btc,0.17460639324012334
1089,project,0.4694431098184596
1089,user,0.3512755543672104
1089,airdrop,0.3321753709012943
1089,airdropdet,0.3025066634624728
1089,participated,0.29044534225326046
1090,current,0.6866419897382429
1090,price,0.4658857677400056
1090,crypto,0.35040683414703533
1090,number,0.2974253666743466
1090,btc,0.24413126833999296
1091,money,0.2709935203662337
1091,stockbroker,0.2578360378751486
1091,liberty,0.24891424146020927
1091,parliament,0.24891424146020927
1091,financially,0.24891424146020927
1092,construction,0.6757202770942794
1092,begin,0.6193839792350192
1092,user,0.3404855537982411
1092,url,0.12829454580569358
1092,btc,0.12758946482783756
1093,worth,0.39690345898853246
1093,number,0.3329955007312813
1093,immediately,0.27949370131511025
1093,ratio,0.26537433266959415
1093,ex,0.2600063978413836
1094,time,0.6255920861300789
1094,yes,0.5015146189805777
1094,lol,0.49103391163855675
1094,buy,0.288890753662568
1094,user,0.15341020552673865
1095,today,0.3262277737841712
1095,number,0.32172986801135994
1095,bedroom,0.2797170336062298
1095,turned,0.2700380979221733
1095,episode,0.2625305321462621
1096,bitcoinprice,0.42376126681825715
1096,selling,0.3967442488053022
1096,bottom,0.38660963441122775
1096,miner,0.37392604637182525
1096,stop,0.34641134090261955
1097,number,0.5209204829542328
1097,price,0.4079837605081442
1097,last,0.3856548427287003
1097,increased,0.2936213711389862
1097,dropped,0.28907802403203176
1098,join,0.5160659583165986
1098,thetanarena,0.4646723857133419
1098,hey,0.36150707816744826
1098,yet,0.34186705927877314
1098,guy,0.3185193741061613
1099,pox,0.26618986485267626
1099,polio,0.26618986485267626
1099,tb,0.26618986485267626
1099,die,0.26618986485267626
1099,get,0.2594190307305952
1100,profitable,0.5639346677126399
1100,term,0.4474247695192968
1100,gain,0.44415619485092206
1100,long,0.36486832519108936
1100,investment,0.34286996871825354
1101,entrepreneurship,0.39308355815389046
1101,mindset,0.37322589538742756
1101,inspiration,0.3591366594347728
1101,home,0.3392789966683099
1101,business,0.273469557301087
1102,paypal,0.4089040777111771
1102,mobile,0.3951409664822804
1102,usa,0.37094421281484286
1102,gift,0.3274102686563394
1102,giveaway,0.29124612230181607
1103,closer,0.5649016474779174
1103,year,0.32912815370682513
1103,new,0.2965905797317815
1103,encryption,0.2925746669222493
1103,choose,0.24097268000734032
1104,warren,0.7544746519758422
1104,world,0.4851931057003864
1104,buy,0.38138611844361825
1104,number,0.18492099049482727
1104,bitcoin,0.12531761903127517
1105,number,0.5543791960730909
1105,kucoin,0.3150927264770315
1105,pair,0.30764550024299103
1105,result,0.29205188445611746
1105,trend,0.2638405782190632
1106,number,0.6310997386161701
1106,usd,0.5569507104509485
1106,price,0.39542072625921854
1106,current,0.2913938276967203
1106,btc,0.2072065087926376
1107,bubble,0.6340450761487012
1107,bitcoinnews,0.5198700750858845
1107,via,0.45131333631121745
1107,bitcoin,0.22778743500702278
1107,user,0.18406580954998125
1108,safemoonarmy,0.28839678408783576
1108,brazilian,0.27067697744297803
1108,magazine,0.2590052391884733
1108,guide,0.25028750290232205
1108,step,0.25028750290232205
1109,faced,0.30897812722135354
1109,affected,0.30897812722135354
1109,analysed,0.30897812722135354
1109,absolutely,0.29323112920770494
1109,type,0.28710315300824085
1110,hot,0.5312852686845739
1110,hotusdt,0.3260562160016711
1110,holofuel,0.3260562160016711
1110,holochain,0.3060225213778645
1110,fuck,0.27510059176717117
1111,regarding,0.4526173788907117
1111,suggest,0.4526173788907117
1111,learning,0.42105927157586465
1111,medium,0.37444083855472454
1111,following,0.3186906164918418
1112,bigdata,0.2476896648834342
1112,liverpool,0.2476896648834342
1112,gamedev,0.23911895932037167
1112,womenwhocode,0.23911895932037167
1112,england,0.23911895932037167
1113,posted,0.41369826876206156
1113,predicted,0.3887798832014303
1113,exactly,0.3887798832014303
1113,lol,0.35545266620232796
1113,number,0.3041911087077524
1114,warm,0.37116424715889523
1114,yu,0.34835900432672584
1114,sun,0.34835900432672584
1114,加密货币,0.317414218012826
1114,币圈,0.317414218012826
1115,pulsex,0.46160143426603
1115,anon,0.46160143426603
1115,pulsechain,0.4456288260328873
1115,hex,0.38946298673388574
1115,cro,0.3621198370775209
1116,burst,0.5976694157113259
1116,forum,0.30954579617895717
1116,get,0.30167215590991375
1116,sent,0.29883470785566296
1116,congratulation,0.2779988800246086
1117,genius,0.47662993364768275
1117,amp,0.23880407997043743
1117,capable,0.23831496682384137
1117,richard,0.23831496682384137
1117,emergency,0.21844611959456925
1118,woo,0.35052391904292207
1118,sl,0.32608413398498187
1118,crv,0.3202524926971786
1118,peak,0.31510862053171734
1118,highest,0.31510862053171734
1119,grateful,0.680411872941452
1119,strive,0.340205936470726
1119,blessed,0.32843392768033597
1119,forward,0.28347848986243285
1119,important,0.26257540166482657
1120,number,0.6850235271079452
1120,day,0.40098253496665254
1120,avg,0.2872930956116832
1120,moving,0.26767143585976094
1120,low,0.21896811981315678
1121,number,0.40236677839747154
1121,pitbullnewlisting,0.29152003193110954
1121,pitbullarmy,0.29152003193110954
1121,burned,0.26181018570426257
1121,pitbull,0.2571280103715899
1122,setting,0.3778024489794802
1122,passed,0.36729883205342984
1122,confidence,0.35146070695904114
1122,startup,0.3301852608701439
1122,bring,0.3188334927057296
1123,uptrend,0.4069927953287697
1123,keeping,0.3974832505396748
1123,alt,0.33468632455396324
1123,average,0.3230475823616822
1123,moving,0.311827782931036
1124,earnmoney,0.3738587981116757
1124,promoting,0.36092231292452204
1124,posting,0.34268936110988246
1124,recommended,0.3357575145433598
1124,site,0.3297528759227287
1125,matic,0.4102345250249409
1125,allows,0.3175972194160732
1125,compatible,0.3175972194160732
1125,custom,0.30660753094221804
1125,click,0.28012874651201464
1126,special,0.3906517125331317
1126,christmas,0.3843770932364474
1126,jan,0.37876425501258065
1126,code,0.34183843925018104
1126,save,0.33439294444116924
1127,converted,0.3977563752089617
1127,lesson,0.3645945442135226
1127,sure,0.31476888185030416
1127,already,0.287595157147306
1127,bscgem,0.26714520571238554
1128,eurusd,0.4071059836703168
1128,session,0.38209239228295394
1128,maanky,0.3731646550854146
1128,sponsored,0.3731646550854146
1128,account,0.28150814328826695
1129,number,0.5303546300922399
1129,long,0.48001647506088835
1129,alert,0.4481409910757027
1129,btc,0.43532315337504757
1129,price,0.27691504233791514
1130,spike,0.6470474296152456
1130,number,0.3528332735396478
1130,second,0.2937003310442564
1130,ago,0.2742733544236192
1130,real,0.25188102899162207
1131,lfgburnustc,0.3767423459598107
1131,unit,0.3662682018867046
1131,terra,0.3292587703377392
1131,lunc,0.314700395762693
1131,burn,0.31167101953972404
1132,instead,0.36906344480355857
1132,dump,0.3656937710540427
1132,taking,0.33795854758654303
1132,looking,0.3224669336548003
1132,value,0.30573073148810126
1133,draw,0.3949974688774981
1133,battle,0.38700754517646535
1133,line,0.3170382691246508
1133,read,0.3035873089744057
1133,trader,0.2917260138741843
1134,shift,0.5114373418659229
1134,shiftfit,0.5114373418659229
1134,shiftnation,0.25571867093296147
1134,dev,0.25571867093296147
1134,doxxed,0.24860921209389383
1135,victory,0.4565588876038885
1135,lap,0.4565588876038885
1135,winner,0.380430233916154
1135,etf,0.3471441555969257
1135,take,0.28850345720340814
1136,shitcoins,0.5349615391270648
1136,dyor,0.5253943646655688
1136,sorry,0.5094067137962047
1136,ever,0.41189630919444387
1136,bitcoin,0.09286088328145509
1137,project,0.4385271537228842
1137,user,0.32814171900116296
1137,extraordinary,0.3256114845639663
1137,yieldfarming,0.2554376329622042
1137,professional,0.2475784108701617
1138,bpi,0.46275971697468865
1138,coindesk,0.41559822367962
1138,based,0.3695844216754469
1138,cap,0.31858271232630664
1138,worth,0.31720829544463724
1139,starting,0.3439288845259266
1139,double,0.33714868262359476
1139,feel,0.31249649446424244
1139,ath,0.29062302269273826
1139,break,0.27828716585785707
1140,stc,0.5003705087017052
1140,asic,0.48305638982419624
1140,power,0.36813075108191035
1140,miner,0.35605340386714274
1140,crypto,0.27121813502255254
1141,anniversary,0.675515789026845
1141,represent,0.3377578945134225
1141,girl,0.3206951549843061
1141,simple,0.27002969956151057
1141,bought,0.25740073003966035
1142,hamstercoin,0.6502132065096836
1142,user,0.371455282255404
1142,hamsterarmy,0.36859106569098143
1142,contract,0.2891545102507723
1142,telegram,0.2728516580070231
1143,token,0.3845678289828602
1143,doge,0.3232433436173768
1143,ham,0.31414769553858396
1143,as,0.29224419127452805
1143,babydoge,0.24924422689153064
1144,may,0.5034671023533662
1144,bear,0.4825667691567331
1144,since,0.4765535584462201
1144,market,0.3511958457474165
1144,eth,0.24188270917518942
1145,number,0.8237570131942135
1145,bitstamp,0.4085608352656945
1145,usd,0.25963297856140244
1145,btc,0.19318637016041643
1145,price,0.18433275874712376
1146,user,0.3143055687442021
1146,bsc,0.2813157591828434
1146,stream,0.2750877985045053
1146,worry,0.27066935836101724
1146,nft,0.26733344841951967
1147,massive,0.4173635774926069
1147,witness,0.2744552192427742
1147,squeeze,0.2515732790310966
1147,icp,0.23471007636732202
1147,within,0.23471007636732202
1148,revealed,0.4412708297753168
1148,secret,0.4412708297753168
1148,explode,0.4412708297753168
1148,moment,0.3776568528625055
1148,point,0.3541788267269946
1149,number,0.7382066574497296
1149,liquidated,0.4284605988612779
1149,future,0.27981116524123656
1149,atomusdt,0.24684943792052672
1149,dogeusdt,0.23830780639213825
1150,binancecoin,0.3512630149258016
1150,analysis,0.32029541650241694
1150,avax,0.3137042436672715
1150,luna,0.2948751597211898
1150,dot,0.29143036217572366
1151,pit,0.5492693620565566
1151,hodling,0.411852114453082
1151,appreciated,0.22600183668353344
1151,beauty,0.22072121596241315
1151,pitmag,0.205926057226541
1152,user,0.4592078655973741
1152,great,0.3304662976623794
1152,primexbt,0.3037780044056338
1152,airdrop,0.289492662154988
1152,fantastic,0.2851131378120134
1153,high,0.5781099927671912
1153,highest,0.4400329624519481
1153,reached,0.40887959314027494
1153,ever,0.3506064769465059
1153,bitcoins,0.3307601658936457
1154,xrp,0.33983023016762426
1154,doge,0.3299113523936317
1154,burency,0.32062807520379083
1154,buy,0.31514219125849585
1154,add,0.2583838483539956
1155,negative,0.46960194815638123
1155,remains,0.45379583567650517
1155,sentiment,0.4035746742859725
1155,twitter,0.3472163179237952
1155,could,0.33995127667959607
1156,watchinwhales,0.4546604341977869
1156,whalealert,0.44617252868804913
1156,hash,0.4256734311318184
1156,large,0.4227872621111957
1156,transaction,0.3757816689782718
1157,number,0.6612323790937054
1157,avg,0.36975371811538527
1157,hour,0.26650706110908867
1157,usd,0.2431429223037275
1157,xbtusd,0.21956515548028774
1158,ema,0.4653786857517496
1158,weekly,0.38313231400513514
1158,timeframe,0.25884415205075245
1158,uptrend,0.25884415205075245
1158,consolidating,0.25279615787106796
1159,elongate,0.6023805578037598
1159,king,0.5264581586456047
1159,elonmusk,0.4029863540133576
1159,like,0.3269443504782414
1159,crypto,0.16910710105795304
1160,boolish,0.5904299261880593
1160,im,0.5541524615745719
1160,cryptotrading,0.37650719477469125
1160,bullish,0.3386182470471727
1160,btc,0.22296989110529059
1161,holding,0.3795706218003118
1161,still,0.32201859263716814
1161,targeting,0.26806259680783745
1161,learnt,0.25878693489925053
1161,scalp,0.2515921725651501
1162,staking,0.5143563655898844
1162,payouts,0.29127415715309907
1162,betfurysuccess,0.29127415715309907
1162,username,0.29127415715309907
1162,hunt,0.25876499412523835
1163,lol,0.6073011113459476
1163,safe,0.5768228474797026
1163,digital,0.5140363219720051
1163,url,0.14298363717209642
1163,bitcoin,0.11740145645568605
1164,user,0.4244218091843592
1164,supporting,0.3782283635421686
1164,development,0.32764677577605245
1164,giving,0.32504845693573575
1164,thank,0.3080040817967393
1165,estimating,0.42233514891035695
1165,initial,0.3940256112856141
1165,winning,0.3940256112856141
1165,tsla,0.3584545946905092
1165,average,0.34324552950749715
1166,raise,0.3927097379646472
1166,cryptocurrencytrading,0.379120961309689
1166,venture,0.368580687267026
1166,usdtether,0.3599686563067978
1166,fund,0.29649681323778415
1167,sale,0.7271638251696155
1167,sat,0.6563301971343755
1167,btc,0.20115527259866875
1168,defeat,0.29771229217340006
1168,fail,0.28943533187414155
1168,alternative,0.2769547231901158
1168,force,0.26763283361158674
1168,adopt,0.26763283361158674
1169,goal,0.6982077932845293
1169,strongly,0.25787635746628773
1169,shibacoin,0.25787635746628773
1169,shibarmy,0.23655735367383024
1169,number,0.20810140084975173
1170,cryptoworld,0.33447926569650205
1170,cyclicalinvesting,0.32910688414140504
1170,seasonaltokens,0.30286307320277467
1170,wonderful,0.2904594900455584
1170,offer,0.2883375947102331
1171,tonight,0.43667565683530263
1171,ldo,0.42784267572753126
1171,control,0.39237113814528174
1171,second,0.36489114284136287
1171,etc,0.34639591934221453
1172,incredible,0.7333836952169523
1172,unique,0.6353061438708618
1172,user,0.20573816294159733
1172,bitcoin,0.12730383913802784
1173,number,0.9013041457302107
1173,last,0.23550549908097446
1173,fibonacci,0.17523991804115147
1173,price,0.1660939757350074
1173,indicator,0.15139389533488745
1174,世界杯投注,0.5995809806095386
1174,六合彩,0.5788339217912586
1174,jack,0.5288455259129838
1174,url,0.11383848049050108
1174,btc,0.11321284713533532
1175,series,0.28622609976849206
1175,appears,0.27632193349359324
1175,slowing,0.2686396652988735
1175,limited,0.2447763606767417
1175,upside,0.2357438225080203
1176,sir,0.5106985297529893
1176,user,0.496155333969408
1176,project,0.29469324964201477
1176,luck,0.2574837572751471
1176,biggest,0.2553492648764947
1177,everyday,0.4149799925250823
1177,teach,0.4065858666408001
1177,late,0.346761999114341
1177,user,0.3421819839720452
1177,learn,0.3394906765327617
1178,cpi,0.6384279822097317
1178,hot,0.5993333655278625
1178,coming,0.4691028587404329
1178,bitcoin,0.11468102030505915
1179,sent,0.561412248373679
1179,daily,0.33767334304831037
1179,forum,0.290767432361615
1179,payout,0.290767432361615
1179,get,0.28337144058065994
1180,buy,0.39979786402900724
1180,trap,0.3954487850199017
1180,waiting,0.3159534123222635
1180,sold,0.30298304862108477
1180,around,0.284096359814341
1181,ath,0.5396330842674365
1181,aether,0.39192404936587144
1181,hi,0.37836245957657244
1181,gem,0.29590361642290086
1181,check,0.24276707780544768
1182,sell,0.5946693917523822
1182,make,0.5625709371622751
1182,money,0.500319444500707
1182,user,0.23986331561324578
1182,bitcoin,0.14841933314341263
1183,russia,0.5933578319661545
1183,another,0.5265938760761169
1183,bullish,0.41768932901702077
1183,news,0.4051536036119672
1183,url,0.13827785273741378
1184,who,0.6530488296884006
1184,hodling,0.5784952133705241
1184,amp,0.3389221539822909
1184,doge,0.33597841119284394
1184,bitcoin,0.10545517958990222
1185,reached,0.6152725261293038
1185,point,0.5613308837217079
1185,even,0.5207835461407019
1185,url,0.14486043577799002
1185,bitcoin,0.11894246418330952
1186,embrace,0.3744929000203707
1186,protect,0.3363269928648705
1186,american,0.3303121697766554
1186,economic,0.3250067198121055
1186,remain,0.3250067198121055
1187,centralised,0.5814962613707032
1187,stick,0.5330156286368487
1187,shit,0.4906208124940585
1187,coin,0.3217587502822874
1187,user,0.1465037259469321
1188,number,0.7191566042797177
1188,usd,0.2441006225816736
1188,carbonaraindex,0.22570364002409574
1188,carbonara,0.22570364002409574
1188,alla,0.22570364002409574
1189,number,0.6612323790937054
1189,avg,0.36975371811538527
1189,hour,0.26650706110908867
1189,usd,0.2431429223037275
1189,xbtusd,0.21956515548028774
1190,touch,0.493380288854956
1190,gain,0.38858740960385607
1190,understand,0.3858549072424852
1190,loss,0.3759984551105654
1190,litecoin,0.3300663030570256
1191,bitcoin,0.7586258511586086
1191,url,0.4619665152637116
1191,btc,0.4594276403624185
1192,dead,0.3171077803951809
1192,serious,0.3171077803951809
1192,process,0.3171077803951809
1192,truly,0.31201441836921107
1192,study,0.29957401101162745
1193,candle,0.45050724227737204
1193,look,0.34539017443319536
1193,btcusd,0.3252852224473488
1193,monitor,0.2669147741835162
1193,downside,0.25949404266761444
1194,airdrop,0.4210805995190171
1194,challenge,0.38347119734872337
1194,thank,0.3231502613648146
1194,airdropinspector,0.31283142472363384
1194,win,0.3097936185718043
1195,number,0.7640125431330856
1195,unknown,0.3502463828792934
1195,wallet,0.30616573915314765
1195,symbol,0.19157921232618544
1195,detail,0.18371459696029255
1196,buying,0.9350536777622911
1196,url,0.27398263139780865
1196,bitcoin,0.2249625244247275
1197,rejected,0.27842007944939373
1197,attacking,0.2727882580659356
1197,htf,0.2727882580659356
1197,ema,0.25627519767753104
1197,stuff,0.24494383566625805
1198,nfa,0.5199764546447483
1198,nfl,0.5078270027589363
1198,betting,0.45136519556101157
1198,user,0.4187412753595033
1198,bnb,0.2271413697091958
1199,nodejs,0.27018083908197343
1199,swift,0.27018083908197343
1199,kotlin,0.27018083908197343
1199,reactjs,0.2608318804904127
1199,devs,0.253580264832089
1200,live,0.46247166115810984
1200,session,0.33039057995568544
1200,youtube,0.2970063891078127
1200,question,0.29332222739992275
1200,answer,0.28993312716028613
1201,koin,0.29441834003812795
1201,coinnews,0.29441834003812795
1201,haber,0.29441834003812795
1201,yeni,0.29441834003812795
1201,rescue,0.28423070097769343
1202,important,0.7663156993754703
1202,update,0.5391584885572195
1202,user,0.250148161447523
1202,url,0.1885110507569796
1202,bitcoin,0.15478324901067889
1203,user,0.7633341528303825
1203,unity,0.272101594416862
1203,lfg,0.26294305403134743
1203,name,0.24684153875794804
1203,love,0.20270631244660303
1204,afford,0.6124574315864599
1204,lose,0.5556010620244051
1204,invest,0.4322270042204585
1204,user,0.34362876534159037
1204,bitcoin,0.10631294758538032
1205,proof,0.5052640849151374
1205,bio,0.46337370091697344
1205,website,0.4139145423102905
1205,payment,0.40907891412927444
1205,link,0.34299850884036687
1206,stick,0.27385432227092543
1206,layer,0.26831485604001315
1206,nft,0.25608818534393424
1206,initial,0.25549759951169143
1206,create,0.25549759951169143
1207,blow,0.9803573897668056
1207,btc,0.197229278581086
1208,number,0.8127426372779946
1208,shorted,0.3290040720165779
1208,btcusdt,0.30019591053756073
1208,utc,0.2799076178581613
1208,binance,0.18172469512636583
1209,link,0.6208062765111569
1209,solana,0.6116160754132277
1209,url,0.38666547664553413
1209,user,0.25654638730649937
1209,bitcoin,0.1587422554675953
1210,russia,0.42359374109410214
1210,floki,0.4114517200869898
1210,notification,0.25996461879151805
1210,newprofilepic,0.25996461879151805
1210,rumor,0.25096916794973806
1211,dollar,0.5792976713042006
1211,backed,0.48587727480400883
1211,worth,0.38945325294703614
1211,say,0.36574878785007586
1211,number,0.19604693993902175
1212,divergence,0.3543898625785146
1212,forget,0.3543898625785146
1212,area,0.3474034333237166
1212,bounce,0.32200142154998906
1212,guy,0.2981707140594878
1213,number,0.7824307537090378
1213,ranking,0.354267804248404
1213,cap,0.292698246919677
1213,change,0.26481606551052134
1213,market,0.1991874491806569
1214,hour,0.5219008137391405
1214,minute,0.3304699489394738
1214,chart,0.3039515829628064
1214,move,0.29820883850329266
1214,also,0.2973060733304844
1215,fiat,0.44975948005355143
1215,placed,0.2998862965920218
1215,banker,0.2998862965920218
1215,trusting,0.2998862965920218
1215,ownership,0.2895094520365696
1216,startup,0.48969183516638437
1216,government,0.4680398161316863
1216,state,0.4413029992081539
1216,gold,0.4013352433275476
1216,blockchain,0.24695882965261726
1217,market,0.38263330840852755
1217,known,0.26282043947476247
1217,rug,0.26282043947476247
1217,pull,0.2555135381456791
1217,trap,0.2555135381456791
1218,number,0.5209204829542328
1218,price,0.4079837605081442
1218,last,0.3856548427287003
1218,increased,0.2936213711389862
1218,dropped,0.28907802403203176
1219,shed,0.4630845288772077
1219,club,0.4102176914844676
1219,sportsbook,0.4047186204993426
1219,give,0.34878752806051416
1219,win,0.33631219515756494
1220,entry,0.3591954513222375
1220,number,0.35848506657433055
1220,stop,0.34243423167577436
1220,position,0.34122098346345836
1220,short,0.3377164956552922
1221,volume,0.5805938994036984
1221,number,0.5532024141089343
1221,bear,0.30961938879384493
1221,whale,0.3076581653885343
1221,alert,0.2804681970037277
1222,bayc,0.3608542019060782
1222,apecoin,0.3472319960034464
1222,ape,0.320733294069569
1222,ftx,0.3115396964866248
1222,sentiment,0.3038441654379701
1223,step,0.7559595392882636
1223,next,0.49856214825126005
1223,ethereum,0.32525460991555144
1223,crypto,0.23607327460797634
1223,bitcoin,0.13579325106467588
1224,number,0.7901721943705917
1224,dot,0.30737742730200246
1224,hour,0.27297920318394253
1224,update,0.2664661920122699
1224,usd,0.249047664681269
1225,bnb,0.5067049129414347
1225,update,0.4474157461899594
1225,binancecoin,0.3110346356001107
1225,price,0.29688912496646663
1225,number,0.28430474690114066
1226,threat,0.38769875924186065
1226,yuan,0.3786400271021215
1226,dominance,0.31882007311695004
1226,china,0.305784381470588
1226,read,0.2910152999830463
1227,bonk,0.32739476637833637
1227,depend,0.30727882793224187
1227,market,0.30676812766655004
1227,problem,0.2940287980085419
1227,longer,0.2940287980085419
1228,number,0.36731137919455487
1228,earn,0.33435948114057895
1228,performs,0.2661219333711508
1228,sending,0.2569134234566557
1228,automated,0.2497707482557984
1229,laugh,0.42667976404974634
1229,ignore,0.4051248994719287
1229,adopt,0.3835700348941111
1229,fight,0.3835700348941111
1229,use,0.30987346613544964
1230,believing,0.4942769656748468
1230,without,0.38515006998435813
1230,insane,0.25420588334315647
1230,mass,0.23648173725254454
1230,sometimes,0.23648173725254454
1231,trx,0.5004895292121848
1231,klv,0.35540779544738227
1231,sideways,0.35540779544738227
1231,podcast,0.3455267919070528
1231,look,0.22995047921193282
1232,inverse,0.47524411159521535
1232,rose,0.4394450650508574
1232,pattern,0.40440260996762173
1232,yesterday,0.39393609938864865
1232,shib,0.286433519643732
1233,business,0.38745659800270466
1233,finance,0.38029677855230626
1233,news,0.32092322420557906
1233,grid,0.2884448769375885
1233,annual,0.2784639352112984
1234,enthusiast,0.45136951330958125
1234,load,0.41373783610767
1234,hate,0.4053688362957854
1234,avoid,0.4053688362957854
1234,giving,0.3483729075571814
1235,mrna,0.34009867608197963
1235,genius,0.34009867608197963
1235,shoot,0.3192021782260627
1235,breakingnews,0.3054380069628927
1235,portfolio,0.26459088695419275
1236,buffet,0.5958911677092767
1236,talking,0.5255910180035173
1236,heard,0.47591025000861453
1236,today,0.3474873277347633
1236,url,0.11313792008674538
1237,pitbulltokenshibakiller,0.44799015285691385
1237,pitbullcrew,0.44799015285691385
1237,buypitbulltoken,0.4167546723402303
1237,growing,0.386670076694156
1237,metaverse,0.25542585947236274
1238,founder,0.6186881156420058
1238,lost,0.5278332395756498
1238,cryptonews,0.3287615710358604
1238,number,0.29484794526003083
1238,cryptocurrency,0.21893389156375923
1239,sorry,0.4646150754561687
1239,selling,0.41018655022867423
1239,feel,0.4021747955279494
1239,full,0.39068078097908454
1239,right,0.32400280439475315
1240,number,0.9013041457302107
1240,last,0.23550549908097446
1240,fibonacci,0.17523991804115147
1240,price,0.1660939757350074
1240,indicator,0.15139389533488745
1241,nt,0.5170467031106837
1241,nextype,0.5170467031106837
1241,number,0.4162941233217158
1241,airdrop,0.24636613640746463
1241,valued,0.24263904196697267
1242,marvin,0.5012676730846688
1242,lesson,0.47594480164584874
1242,hold,0.35294558099890583
1242,got,0.34478784308134336
1242,stop,0.34228935449371517
1243,user,0.44129474686955966
1243,lunapad,0.43789201231668995
1243,airdropdet,0.38002815686820246
1243,blockchain,0.3726471076969469
1243,definitely,0.32216430141971486
1244,true,0.5108829405253081
1244,solana,0.41452844703289055
1244,nftcommunity,0.3958052981101453
1244,ada,0.3600455895179516
1244,nft,0.29578256545094744
1245,clear,0.4172402835029645
1245,allows,0.26593228757211496
1245,plummet,0.25673033989470617
1245,staying,0.24959275476037804
1245,showing,0.24376092307276778
1246,number,0.7654031402822915
1246,dashboard,0.2559436887415989
1246,feed,0.23460509587570402
1246,bring,0.20852096167445008
1246,biggest,0.19911976251899235
1247,never,0.8856169574387962
1247,user,0.3182432468466786
1247,url,0.2398273427724778
1247,btc,0.23850930001160528
1248,payb,0.35227638521708327
1248,paybswap,0.35227638521708327
1248,faithful,0.34248244075640305
1248,attraction,0.32185361498913234
1248,projector,0.3078764324198743
1249,moscow,0.7741435499750684
1249,current,0.42586327362588045
1249,time,0.41193065762954106
1249,number,0.18446663939034744
1249,bitcoin,0.12500971348488327
1250,richer,0.5817456672206092
1250,exactly,0.5131143303046733
1250,making,0.39382838903002476
1250,invest,0.36871200766169676
1250,trading,0.2948653868642436
1251,ya,0.4284994141361316
1251,almost,0.37119493141338183
1251,ready,0.34127826836576436
1251,ath,0.32847230283389783
1251,sale,0.3256722884173124
1252,new,0.30531153700498276
1252,insane,0.29075601525190414
1252,everytime,0.29075601525190414
1252,longer,0.27048346284959696
1252,beginning,0.2656461758882683
1253,steve,0.4566365826394262
1253,peter,0.41720121196376986
1253,single,0.3990833557826912
1253,whole,0.37776584128811347
1253,network,0.3479965728218768
1254,structure,0.3913951679520534
1254,retracement,0.3745179957685542
1254,shoulder,0.36782017033173053
1254,form,0.3518467916466541
1254,broke,0.3362896741230541
1255,influencers,0.49306402944509997
1255,send,0.3883383229913284
1255,charge,0.25536842533616694
1255,conference,0.25536842533616694
1255,alone,0.22934291828036887
1256,metaruffy,0.37146159457365774
1256,minting,0.34908726058804224
1256,mr,0.3434802464850985
1256,nftproject,0.31609026747136265
1256,bscgem,0.26581730409451454
1257,creative,0.3980049934235316
1257,project,0.3701586573352548
1257,succeed,0.35779242907262787
1257,provide,0.33246150927582424
1257,idea,0.30151082472050106
1258,hacking,0.5674695142445699
1258,trust,0.47847171822230455
1258,fund,0.4564886560679019
1258,symbol,0.45339355235446194
1258,url,0.11479497355451003
1259,safe,0.46722978994823144
1259,became,0.29444846853582457
1259,except,0.28626224865737565
1259,scared,0.28626224865737565
1259,confirmed,0.27957361999790437
1260,usdt,0.4261276903485504
1260,qi,0.25300671631152954
1260,imx,0.25300671631152954
1260,vgx,0.2442520269626465
1260,mdx,0.2442520269626465
1261,ago,0.6921002898895238
1261,month,0.42373039006801144
1261,one,0.3480032809280216
1261,number,0.2967793589387415
1261,three,0.27212615102554194
1262,correction,0.3928397825102127
1262,time,0.24769595220063875
1262,upto,0.24109054124037013
1262,sweep,0.24109054124037013
1262,vibe,0.23274818249083154
1263,billion,0.4054676758371965
1263,top,0.3574242224652979
1263,user,0.30056873193734734
1263,lunarcrush,0.2879308444700294
1263,influencers,0.2879308444700294
1264,resume,0.5432623179288052
1264,likely,0.4338780629014048
1264,tesla,0.42264868597996136
1264,payment,0.39501754334105776
1264,breaking,0.39501754334105776
1265,moment,0.5017060569561083
1265,speculator,0.3197673970858945
1265,criminal,0.3001201029400424
1265,wonder,0.29310768013115546
1265,adopt,0.27751274543279314
1266,url,0.772857173968883
1266,bitcoin,0.6345800096479812
1267,macro,0.603282939374567
1267,spy,0.5420746722213281
1267,help,0.481336218347736
1267,market,0.308344733255006
1267,btc,0.1242727451065687
1268,number,0.7485412732266066
1268,day,0.37556830267808905
1268,rsi,0.3616472689472354
1268,aud,0.21814544961529528
1268,oversold,0.20873889936719614
1269,user,0.3184534947003534
1269,cake,0.2602647628775985
1269,behind,0.25237271215730533
1269,ecosystem,0.2500684641608579
1269,tsla,0.24584095000609157
1270,york,0.4473213045319011
1270,general,0.4348849329881068
1270,ban,0.386092779109644
1270,state,0.3523112514123355
1270,cryptomining,0.3523112514123355
1271,safemoon,0.35704232042404643
1271,would,0.31839500005120636
1271,diversify,0.25700902042804796
1271,holy,0.24811584096423564
1271,suggest,0.24811584096423564
1272,mint,0.7286952619991355
1272,map,0.20519587993463287
1272,page,0.20519587993463287
1272,nftcommumity,0.20519587993463287
1272,road,0.1897389459563595
1273,dks,0.45542284204991906
1273,partner,0.42744054422957195
1273,new,0.23083701362048636
1273,kiba,0.22771142102495953
1273,studio,0.21983201457548188
1274,bahrain,0.4196552287541957
1274,bitcoinist,0.4196552287541957
1274,license,0.3846676417796616
1274,adopt,0.36420121540883926
1274,set,0.3190844904854924
1275,ethereumnfts,0.46678671929737936
1275,impressive,0.4506346867378919
1275,flying,0.43810619695210284
1275,pretty,0.39918915310051656
1275,sale,0.31861572083711076
1276,intelligent,0.48477656809984615
1276,risk,0.37131199214478056
1276,investor,0.3231089783504124
1276,dip,0.32190668302342107
1276,opportunity,0.3110776541469052
1277,cryptoexchange,0.560345272253334
1277,btcnews,0.5409558708247455
1277,trade,0.3311089461629585
1277,investment,0.3288989543060838
1277,altcoins,0.32333714351631715
1278,smartdefi,0.28612403250607166
1278,rox,0.2685438692997079
1278,nftgame,0.2622692374579341
1278,stablecoin,0.24831507689238497
1278,later,0.2384144424097966
1279,standard,0.48191896200485873
1279,ether,0.40578234657001705
1279,give,0.3822854772852159
1279,prediction,0.3722265727644768
1279,team,0.30464056295842085
1280,formula,0.38690895045819373
1280,timing,0.37352089611345024
1280,dogearmy,0.3035246333810329
1280,kucoin,0.3035246333810329
1280,ico,0.2986214001089853
1281,cz,0.46425696096049923
1281,model,0.4007103137325612
1281,according,0.3917938297536633
1281,risk,0.36834065300154056
1281,gamefi,0.36061684325674603
1282,number,0.48202365854435947
1282,less,0.41837334850827873
1282,mined,0.38778204253601395
1282,per,0.3831125818652553
1282,stop,0.3453311237072661
1283,number,0.7269094096224942
1283,bearcount,0.2965778640787874
1283,bullcount,0.2965778640787874
1283,suggested,0.2965778640787874
1283,date,0.21949223586269534
1284,follow,0.3123299317243818
1284,firmly,0.30014244177142313
1284,pullback,0.2792154340405736
1284,however,0.27422198577480206
1284,confident,0.27422198577480206
1285,obviously,0.6478032594892722
1285,pump,0.44894312471241565
1285,big,0.4292337363123616
1285,going,0.38720137220154066
1285,user,0.16905917513626967
1286,institutional,0.35460290519206283
1286,consolidating,0.34631747054071205
1286,security,0.3393122353582732
1286,question,0.3148180375099391
1286,cryptomarket,0.29639205039295957
1287,xrp,0.3905874193226571
1287,someday,0.3817259306458209
1287,vra,0.3312839644748219
1287,tel,0.3312839644748219
1287,sxp,0.3220703187360834
1288,yea,0.3889500216301836
1288,silver,0.37549134092298525
1288,someone,0.3240947700898587
1288,answer,0.3203501180983854
1288,maybe,0.31365540630395
1289,number,0.8961991106354752
1289,btc,0.27585520194235075
1289,current,0.25862283848260226
1289,price,0.1754752861931711
1289,bitcoin,0.15183449215561837
1290,financialfreedom,0.37394501365204813
1290,figure,0.35505418542922124
1290,information,0.30135025337001814
1290,pay,0.2904660171294147
1290,inflation,0.2885640993792205
1291,insurance,0.8116607667101686
1291,policy,0.3775344332063436
1291,financial,0.29762184674338127
1291,via,0.2596840148359109
1291,url,0.15962821955925674
1292,copy,0.4751997527650542
1292,plus,0.4433466490987377
1292,tax,0.43197778430619455
1292,holding,0.3670367619784164
1292,year,0.2915959637634736
1293,shed,0.37269389743064824
1293,loses,0.36233230782247483
1293,economy,0.31452230484185784
1293,chz,0.31452230484185784
1293,post,0.28402498605746973
1294,number,0.7824307537090378
1294,ranking,0.354267804248404
1294,cap,0.292698246919677
1294,change,0.26481606551052134
1294,market,0.1991874491806569
1295,bonus,0.5468513682457096
1295,usdtest,0.3514547089941599
1295,sign,0.2555501663944107
1295,claim,0.2541170388789756
1295,number,0.24254542316326846
1296,started,0.38654126571843855
1296,number,0.2944353675834596
1296,joy,0.2559867634244552
1296,mill,0.2559867634244552
1296,traditional,0.2559867634244552
1297,fxrumble,0.49823512124080804
1297,game,0.33084357990538665
1297,trading,0.252536976297431
1297,demo,0.24911756062040402
1297,totally,0.24049744615712726
1298,bnb,0.5067049129414347
1298,update,0.4474157461899594
1298,binancecoin,0.3110346356001107
1298,price,0.29688912496646663
1298,number,0.28430474690114066
1299,farm,0.3619984866612645
1299,passive,0.33198595249204577
1299,yieldfarming,0.3162086789690667
1299,stake,0.3162086789690667
1299,kucoin,0.3162086789690667
1300,networking,0.5726167373642711
1300,mood,0.5374337588168616
1300,network,0.4212834808249037
1300,always,0.3977455893993092
1300,crypto,0.15518904580687484
1301,number,0.8237570131942135
1301,bitstamp,0.4085608352656945
1301,usd,0.25963297856140244
1301,btc,0.19318637016041643
1301,price,0.18433275874712376
1302,amzn,0.41708917898184344
1302,amd,0.23220993187838304
1302,roku,0.22417486527241448
1302,msft,0.2179423834141556
1302,nio,0.20854458949092172
1303,buy,0.6098031779224228
1303,hurry,0.5890763276969373
1303,earn,0.40372117764888027
1303,xrp,0.32878738559691184
1303,bitcoin,0.10018597772619302
1304,technicalanalysis,0.49917053760423974
1304,technical,0.45283095039897003
1304,analysis,0.38264625477786346
1304,btcusdt,0.37781133703167197
1304,trading,0.28172244332049573
1305,big,0.4752016661103205
1305,regret,0.34861977460829013
1305,push,0.3335871006143241
1305,advise,0.3276212773611429
1305,small,0.2995367342149616
1306,theft,0.5930583576128791
1306,interview,0.5725369984871137
1306,inflation,0.44181261227739116
1306,great,0.3225806294328676
1306,url,0.1126000731447623
1307,follow,0.3172337592045563
1307,firmly,0.30485491599955516
1307,pullback,0.2835993376606253
1307,however,0.2785274882992837
1307,confident,0.2785274882992837
1308,gambling,0.5221228666196895
1308,dice,0.2947057461486288
1308,slot,0.2798179005469382
1308,monthly,0.25436696038695106
1308,casino,0.2514279566365545
1309,snap,0.23573089224016142
1309,twtr,0.23573089224016142
1309,sq,0.22757399126304853
1309,ndx,0.22124700732470667
1309,msft,0.22124700732470667
1310,however,0.3097433779873152
1310,king,0.29629210839727627
1310,likely,0.28046531125360574
1310,retest,0.28046531125360574
1310,might,0.28046531125360574
1311,number,0.5605961983653899
1311,best,0.3953879647971418
1311,hour,0.38733608858415414
1311,id,0.283631812373883
1311,ask,0.2628439620984045
1312,tp,0.3861877108148061
1312,correction,0.3432501435886218
1312,offer,0.3203453983469851
1312,taking,0.30812429817537845
1312,thought,0.30462802349312595
1313,waste,0.6966365064318886
1313,life,0.5591799851165065
1313,time,0.40572707016288534
1313,btc,0.14913277780957232
1313,bitcoin,0.12312709397739693
1314,entertainment,0.3895057429912039
1314,esports,0.3895057429912039
1314,gaming,0.2940777891917307
1314,launch,0.2832178795323375
1314,app,0.28009338747449863
1315,pumping,0.77516538921585
1315,voltinu,0.4228354212856386
1315,volt,0.39685537462361853
1315,number,0.1945377191040345
1315,eth,0.13643799318313587
1316,rvn,0.4671751700726546
1316,coin,0.2820136799176409
1316,regulated,0.24601572452881576
1316,meet,0.24601572452881576
1316,tokenization,0.2335875850363273
1317,retreat,0.4646468059643137
1317,doubt,0.41729299269957865
1317,recovery,0.3920324318639996
1317,dollar,0.3158400018207253
1317,first,0.28327933553703777
1318,setting,0.4119502349231944
1318,fake,0.3911394717356194
1318,shake,0.37637400027239387
1318,christmas,0.37032870854804456
1318,success,0.2854913478487912
1319,number,0.5846020268783019
1319,bullwhale,0.49067505095327324
1319,longed,0.39228346322479773
1319,worth,0.3483989514725421
1319,future,0.28806517050498076
1320,forced,0.5700492433220338
1320,teacher,0.3936542894710864
1320,mandate,0.3936542894710864
1320,vaccine,0.38003282888135587
1320,lockdown,0.1968271447355432
1321,airdrop,0.5503007848919773
1321,user,0.4364574338183282
1321,binancesmartchain,0.3511590295703188
1321,join,0.3206618171941807
1321,great,0.3140940803649655
1322,gambling,0.5384759939096511
1322,slot,0.28858192533535443
1322,monthly,0.2623338500742367
1322,casino,0.2593027953804538
1322,betting,0.2564964770614955
1323,project,0.38616958056159145
1323,really,0.36799208333944683
1323,user,0.28896352008230497
1323,smile,0.24521189035427268
1323,develop,0.24192476349590833
1324,reportedly,0.3698703267852248
1324,integrate,0.35958723773866313
1324,vr,0.35118534222083103
1324,profile,0.32325288167821775
1324,meta,0.315554554668246
1325,nftcollector,0.42609199111464713
1325,cryptopunks,0.31342179834265055
1325,rarible,0.27644591996331797
1325,nft,0.2686532862855783
1325,nftartists,0.26116045770937846
1326,volume,0.5805938994036984
1326,number,0.5532024141089343
1326,bear,0.30961938879384493
1326,whale,0.3076581653885343
1326,alert,0.2804681970037277
1327,country,0.4887722159067002
1327,unstoppable,0.3166955510806248
1327,tried,0.30789082056677897
1327,matter,0.2573481217124587
1327,past,0.24767615416887107
1328,apenft,0.22120965664353745
1328,mkr,0.22120965664353745
1328,unfi,0.22120965664353745
1328,zep,0.22120965664353745
1328,rune,0.20761799210366855
1329,dex,0.5683755818058308
1329,exchange,0.39776742303868107
1329,ethaxtoken,0.34105717715863193
1329,ethaxcrypto,0.32925571323008435
1329,ethax,0.32925571323008435
1330,user,0.39957000803907816
1330,voltarmy,0.2643260030064004
1330,cexs,0.2643260030064004
1330,driven,0.2643260030064004
1330,voltinu,0.2643260030064004
1331,ftx,0.5415844353457782
1331,ethereumnfts,0.34218544826673253
1331,bnbchain,0.32116073400319284
1331,wanted,0.30731210875134796
1331,ftt,0.2887091694390834
1332,user,0.5223420310077915
1332,fintwit,0.4864678502773333
1332,higher,0.4032396041120422
1332,coinbase,0.3265606847745848
1332,way,0.3256088616184181
1333,potus,0.2897323303771291
1333,saudi,0.2897323303771291
1333,sanction,0.2897323303771291
1333,iran,0.2719304644884889
1333,alone,0.260204675191894
1334,number,0.5375500236048568
1334,increased,0.5194195828941724
1334,price,0.3608639825648557
1334,last,0.3411139263709095
1334,compared,0.2486904232891872
1335,dead,0.7247351573123012
1335,care,0.6445899202788153
1335,user,0.2070141760615302
1335,bitcoin,0.12809339303816672
1336,mark,0.6399249540024506
1336,according,0.5554864060239515
1336,buy,0.3234813703323995
1336,url,0.2589043687020771
1336,ethereum,0.25459027023627495
1337,king,0.6251638013392891
1337,true,0.5484999291414085
1337,user,0.37335891136686206
1337,number,0.3409001881920684
1337,url,0.14068118726911816
1338,rn,0.47122229703858554
1338,invested,0.44871226106015333
1338,hear,0.4426971607202912
1338,guy,0.35966376443019965
1338,real,0.34466411972365596
1339,user,0.6977932360439738
1339,avax,0.46687578497709253
1339,metaverse,0.3811250923853688
1339,good,0.3717574903188063
1339,bitcoin,0.10794273240663001
1340,approved,0.5433125178026312
1340,aim,0.528207410428283
1340,half,0.46352661239690857
1340,fund,0.42490510037794665
1340,url,0.106852534258392
1341,pulling,0.3119794384132472
1341,touch,0.3119794384132472
1341,reaction,0.29022711281408314
1341,remains,0.28045849407674894
1341,expected,0.27265840265687086
1342,dropped,0.5357697146239213
1342,number,0.4827302584288094
1342,price,0.37807326183055334
1342,last,0.35738134319264947
1342,compared,0.2605502462470492
1343,hash,0.5747635961088706
1343,large,0.5708665596392457
1343,transaction,0.5073974733153136
1343,number,0.1751230677835843
1343,url,0.14453803164299986
1344,passion,0.44842871577065896
1344,individual,0.4110422193805608
1344,interest,0.3891725209590065
1344,instead,0.35813892502191874
1344,user,0.33893499604179517
1345,quality,0.48414988445764495
1345,luffytoken,0.2515717476639875
1345,ama,0.24648300855160063
1345,luffy,0.24648300855160063
1345,youtube,0.2315623193922292
1346,commercial,0.38259383106660266
1346,issuer,0.38259383106660266
1346,promise,0.3693550910575711
1346,paper,0.35069613499809127
1346,stablecoin,0.33203717893861145
1347,faced,0.2993438595739401
1347,affected,0.2993438595739401
1347,analysed,0.2993438595739401
1347,absolutely,0.2840878697584158
1347,type,0.27815097039462794
1348,fresh,0.40010066466489586
1348,signed,0.40010066466489586
1348,approach,0.37328152624073485
1348,simple,0.33689022298796384
1348,decentralized,0.329552504000112
1349,gold,0.7186570072266956
1349,better,0.39888369520619066
1349,taxed,0.2078586888685461
1349,bug,0.2078586888685461
1349,knew,0.20066623850185467
1350,dis,0.4894283293690948
1350,ww,0.47249283830927125
1350,cyptocurrency,0.4593566508988704
1350,stand,0.4185519258095707
1350,world,0.29540645201276755
1351,number,0.7353946510984448
1351,dot,0.33374708757931654
1351,usdt,0.2991253398851092
1351,hour,0.29639786770305165
1351,update,0.2893261105834841
1352,number,0.8095350979316742
1352,longed,0.33951219934443083
1352,btcusdt,0.29901116871341016
1352,utc,0.2788029450423955
1352,binance,0.18100750731920456
1353,mining,0.6083513473203025
1353,reward,0.33235032009208
1353,start,0.30219430485917237
1353,today,0.2737421973437208
1353,daily,0.2725779660585582
1354,doxxed,0.3485551950171622
1354,lfg,0.3222993333552188
1354,nft,0.31832710112033225
1354,marketplace,0.3025630917657877
1354,professional,0.2823733535650576
1355,line,0.6697418127474023
1355,number,0.5758802409538564
1355,last,0.23255093909162275
1355,price,0.16401022560138406
1355,indicator,0.14949456666725935
1356,feature,0.5049553351221915
1356,bitcoincash,0.4727617665896882
1356,another,0.4527499456760374
1356,bch,0.42055637714353417
1356,great,0.3405923129915011
1357,flashed,0.29296545041682626
1357,anticipated,0.28545285366788
1357,strongest,0.28545285366788
1357,reverse,0.2791010436214855
1357,bounce,0.2535934074081847
1358,number,0.6698273197764052
1358,avg,0.3745599123897269
1358,hour,0.2699712175148788
1358,cad,0.2342530610212897
1358,canadian,0.22241914380119757
1359,curated,0.3716222116564466
1359,write,0.3716222116564466
1359,article,0.3517715670011303
1359,referral,0.34553161487299766
1359,post,0.3240507381905162
1360,milestone,0.4286977562484223
1360,interoperability,0.4286977562484223
1360,reach,0.31734598166939426
1360,cryptos,0.31171522286820547
1360,cryptocurrencynews,0.3099671212364384
1361,user,0.9492110116658362
1361,unityprotocol,0.13282526560643781
1361,unitycol,0.13282526560643781
1361,unity,0.1301385047500183
1361,protocol,0.11934899467066885
1362,king,0.9758611121234303
1362,btc,0.21839205536196113
1363,truth,0.719218978137639
1363,want,0.34182323333201686
1363,boring,0.2569642222323604
1363,sometimes,0.2517664053061751
1363,version,0.23973965937921302
1364,number,0.7490294887663577
1364,addr,0.37510891939499136
1364,tx,0.32770323569959126
1364,whale,0.2975467832626825
1364,alert,0.2712504305567623
1365,great,0.4801438022728933
1365,project,0.396283503552669
1365,team,0.3409933776072126
1365,brilliant,0.29424508563393165
1365,contribution,0.28406344162575964
1366,commercial,0.4496809183596923
1366,partner,0.42205141843160376
1366,cbdc,0.4121900230630832
1366,central,0.3902592551961037
1366,test,0.3626297552680151
1367,could,0.5000636532298042
1367,potentially,0.36095351566039313
1367,storage,0.3525196965280889
1367,cold,0.3288899568815715
1367,rise,0.2945694657505023
1368,algorithm,0.2814206040532337
1368,river,0.2814206040532337
1368,considering,0.2814206040532337
1368,bot,0.2641294310414584
1368,wallstreet,0.2641294310414584
1369,rarible,0.48857106514368065
1369,viral,0.2769598152793059
1369,nonfungible,0.26737628650883327
1369,climate,0.26737628650883327
1369,collectible,0.2599427240843843
1370,xrp,0.30146445396992233
1370,dxy,0.2765224704111017
1370,highly,0.2645986713255022
1370,tech,0.24549787998796063
1370,ai,0.22566638872592432
1371,facing,0.3671825844473543
1371,south,0.34462198475015154
1371,greater,0.3297616976258096
1371,leading,0.3297616976258096
1371,competition,0.3297616976258096
1372,thehodlers,0.44631954601153073
1372,correction,0.3636228789465831
1372,talk,0.3636228789465831
1372,cryptotwitter,0.3393586810667892
1372,target,0.2854977913519221
1373,beta,0.4234609064366987
1373,released,0.4052010421969125
1373,public,0.3915625697095824
1373,official,0.3915625697095824
1373,web,0.38584480609418015
1374,number,0.7207909775570696
1374,usd,0.4543599761237007
1374,bitstamp,0.35749251190079145
1374,coinbase,0.2820197338153138
1374,btc,0.16903891604962737
1375,analyst,0.5500547751363775
1375,answer,0.5220213621263193
1375,next,0.36276609539982785
1375,cryptocurrencies,0.3360849975337023
1375,altcoin,0.3136436882554192
1376,gbp,0.5412660948612019
1376,tip,0.42231598787085695
1376,update,0.3527389970405943
1376,current,0.3449748349501557
1376,like,0.3403624318328469
1377,user,0.6023607523000067
1377,future,0.3387644540273687
1377,great,0.32511408653261387
1377,good,0.3209147208292612
1377,airdrop,0.2848040574187969
1378,wild,0.4111566466156266
1378,spin,0.39692955902157184
1378,wednesday,0.385894172549487
1378,slot,0.3768776052789394
1378,casino,0.3386401156328685
1379,neighborhood,0.338997679358472
1379,nfts,0.3342963141162069
1379,cuz,0.3272674794015611
1379,friendly,0.3272674794015611
1379,gme,0.2942019028564221
1380,number,0.7490294887663577
1380,addr,0.37510891939499136
1380,tx,0.32770323569959126
1380,whale,0.2975467832626825
1380,alert,0.2712504305567623
1381,number,0.7800154697311604
1381,hour,0.47157316481370676
1381,day,0.22829331255707264
1381,current,0.22509486167551632
1381,btc,0.16006214271459798
1382,dsf,0.3775297580718758
1382,加密货币,0.34399372901687425
1382,币圈,0.34399372901687425
1382,区块链,0.34399372901687425
1382,gamefi,0.3016365704853656
1383,current,0.6866419897382429
1383,price,0.4658857677400056
1383,crypto,0.35040683414703533
1383,number,0.2974253666743466
1383,btc,0.24413126833999296
1384,mcdonalds,0.5023702336907166
1384,guess,0.43598610754484096
1384,past,0.37929075588196237
1384,account,0.34738205136304867
1384,week,0.3054983310127747
1385,defi,0.30814935407651617
1385,nftgamers,0.3002128128410123
1385,gonfty,0.2918663333756415
1385,cryptogaming,0.2850467630994097
1385,playtoearn,0.26988071335780706
1386,education,0.6522256171291599
1386,cold,0.6210691497890113
1386,blockchain,0.30901563415780503
1386,cryptocurrency,0.24810017228005615
1386,url,0.1378862493800153
1387,missed,0.5979867752466028
1387,user,0.5424208243865877
1387,regret,0.33677842833605737
1387,level,0.24924399012519846
1387,back,0.2182068118807784
1388,dump,0.7512876087603028
1388,pump,0.6351640457046193
1388,btc,0.17925837209839507
1389,number,0.7207909775570696
1389,usd,0.4543599761237007
1389,bitstamp,0.35749251190079145
1389,coinbase,0.2820197338153138
1389,btc,0.16903891604962737
1390,ideal,0.4899041519315892
1390,cost,0.4130711438322723
1390,tesla,0.40608799978275656
1390,number,0.36022506833914913
1390,world,0.31505116354633034
1391,literacy,0.4654917648621389
1391,citizen,0.4266826842332808
1391,something,0.36517174674907693
1391,financial,0.32956294674393893
1391,hold,0.3164143559675782
1392,expensive,0.4279039587859163
1392,cheap,0.38467054271574563
1392,fuck,0.37397211331144364
1392,collection,0.3693332442830048
1392,check,0.2745541768918973
1393,watchinwhales,0.4546604341977869
1393,whalealert,0.44617252868804913
1393,hash,0.4256734311318184
1393,large,0.4227872621111957
1393,transaction,0.3757816689782718
1394,cardano,0.5098772289074982
1394,number,0.3867308346442575
1394,price,0.3028867272175968
1394,recent,0.261053065661318
1394,alert,0.24508592413938526
1395,bankruptcy,0.6765901165567667
1395,better,0.4483078765467165
1395,coinbase,0.4415604652185412
1395,get,0.341507184010908
1395,url,0.1330640584182786
1396,fegex,0.2998009685530641
1396,bitmart,0.2998009685530641
1396,bake,0.29146593913161295
1396,okex,0.2788977695599535
1396,elsalvador,0.2695104798918468
1397,started,0.3656083778089568
1397,app,0.3482224526749352
1397,invitation,0.24212396868476402
1397,clearing,0.24212396868476402
1397,get,0.2359652772941214
1398,strike,0.48595761906483703
1398,microstrategy,0.44399006856831086
1398,incoming,0.430479534989875
1398,friday,0.41459432932745205
1398,ath,0.3465444339968227
1399,kleekai,0.3085866359744047
1399,appreciate,0.3085866359744047
1399,ama,0.27713747125756594
1399,apecoin,0.2721811849763774
1399,shinja,0.2603611340676427
1400,number,0.9450431899808756
1400,current,0.20778524761891495
1400,price,0.14098204167340309
1400,indicator,0.12850448287934696
1400,daily,0.11359283013866747
1401,leaf,0.4592680230773088
1401,gemini,0.43606687580846565
1401,institution,0.4128657285396225
1401,analyst,0.4128657285396225
1401,tell,0.3799427766205181
1402,xrpcommunity,0.3545880916339409
1402,europe,0.3474155601098752
1402,red,0.3263849843635427
1402,turn,0.3119536759638878
1402,cryptotwitter,0.2941332939463828
1403,probably,0.6996029294159941
1403,nothing,0.6664946581340563
1403,user,0.20610718025527375
1403,btc,0.15446825589274604
1404,mean,0.4504865107721727
1404,well,0.4308249520632568
1404,math,0.2855488348595424
1404,quite,0.2628369485596641
1404,bitcoin,0.2428207336121005
1405,pixelart,0.3691684752137174
1405,painting,0.35639428737786016
1405,inevitable,0.3315451991810398
1405,meta,0.3040574831111866
1405,ethereum,0.2756946030781896
1406,liquid,0.37019033555306347
1406,billionaire,0.36154069453524595
1406,net,0.35422752725758194
1406,invested,0.3373062685793953
1406,cool,0.32865662756157776
1407,elite,0.3867458345318488
1407,defeat,0.37336342442170833
1407,ignore,0.35450197672769046
1407,stuff,0.31187791520882036
1407,state,0.2940618610313162
1408,hunt,0.37427789748786994
1408,experience,0.36977104639485797
1408,exciting,0.36977104639485797
1408,together,0.36165038021939017
1408,bitcoins,0.329829222520592
1409,hear,0.9601287140044654
1409,url,0.2160586507535382
1409,bitcoin,0.17740211943122922
1410,initiate,0.41403482747023435
1410,apt,0.41403482747023435
1410,remove,0.3795158258135531
1410,actually,0.3540765092476127
1410,global,0.3221119337843845
1411,pac,0.5319603389168319
1411,cro,0.41731540883654955
1411,hey,0.4138559418106343
1411,sol,0.32349248583094387
1411,join,0.29539803798336095
1412,board,0.6990757019457535
1412,favorite,0.22962250014727012
1412,unique,0.20889312233678203
1412,available,0.2056608168702217
1412,feel,0.19876320619746426
1413,deal,0.4084650341993754
1413,vlog,0.26292828383090366
1413,travel,0.24459598068872201
1413,blog,0.24022166169814896
1413,ad,0.23636323889949057
1414,rather,0.8112530047811585
1414,saying,0.38404494978890175
1414,choose,0.3644721887139888
1414,user,0.2229795553838429
1414,url,0.08401842739817703
1415,ether,0.4762854688626199
1415,currency,0.3972571568352728
1415,refer,0.3085497402544999
1415,compare,0.2895916864921333
1415,running,0.2771043357120736
1416,child,0.6586121851638431
1416,thing,0.4546985914719205
1416,five,0.33872323401021726
1416,easier,0.30947092090722256
1416,gon,0.28021860780422786
1417,update,0.5529917232004444
1417,price,0.3669455762626953
1417,eth,0.3285955801571322
1417,recent,0.3162643292237017
1417,usd,0.2584217086060955
1418,dogecola,0.7755387149940048
1418,currently,0.29375676363900477
1418,world,0.24243662720339745
1418,best,0.2280925838752431
1418,nfts,0.1980488057895301
1419,wolf,0.3748723053210525
1419,wall,0.34873486342768145
1419,street,0.3369969596591124
1419,talk,0.3163606978912185
1419,betting,0.3163606978912185
1420,ar,0.6755951729869866
1420,entry,0.2648250314219236
1420,number,0.26430128407909503
1420,stop,0.2524674403020898
1420,position,0.2515729454114489
1421,rest,0.5217840556074367
1421,altseason,0.45578269802309795
1421,much,0.3872398778054948
1421,altcoins,0.3352529078053764
1421,update,0.31549577175470145
1422,pit,0.6095617339034067
1422,user,0.2693054353936806
1422,load,0.24494941171953324
1422,pitmag,0.22853021335272947
1422,pitbullcoin,0.22853021335272947
1423,prepared,0.44970071887366475
1423,generation,0.3902764392337622
1423,el,0.3470849101346423
1423,result,0.32698692205532737
1423,digital,0.3069532889037017
1424,biggest,0.43199894109778625
1424,crash,0.4061002488879441
1424,cryptocrash,0.3931326526046572
1424,elonmusk,0.35862310119745594
1424,cardano,0.33682321439021673
1425,ok,0.72250975589268
1425,let,0.45205647544396116
1425,get,0.38408824889074566
1425,btc,0.2976655392381728
1425,url,0.1496552446947648
1426,doge,0.32484880290632573
1426,dogecoinrise,0.31570797928723043
1426,cent,0.2997591499472027
1426,stimulus,0.2997591499472027
1426,invested,0.2796660012815384
1427,dogecola,0.8037237348626485
1427,soon,0.25784490180902575
1427,dogecolanft,0.20813287151383092
1427,drink,0.20093093371566212
1427,collection,0.1734278734802427
1428,fundamentally,0.2728806285370453
1428,driven,0.2728806285370453
1428,basic,0.2634382502199883
1428,condition,0.25012996544403854
1428,layer,0.24507039039177497
1429,prediction,0.5338126483213699
1429,beta,0.3538289746896833
1429,click,0.33251671046333386
1429,comment,0.3040125181317116
1429,tell,0.3010860258034096
1430,user,0.3704677577371307
1430,successfull,0.3548908552350854
1430,project,0.3300609908041738
1430,interesting,0.29949803451398854
1430,interested,0.28838578469460807
1431,ethaxtoken,0.27574442923173714
1431,speculation,0.27574442923173714
1431,th,0.26620295597441673
1431,certainty,0.26620295597441673
1431,gathering,0.26620295597441673
1432,connect,0.34913366682889313
1432,specifically,0.34913366682889313
1432,designed,0.3135522095774311
1432,blockchains,0.3135522095774311
1432,public,0.3029985023103476
1433,block,0.5263395108605669
1433,mine,0.3240746768549867
1433,height,0.32077371949484884
1433,left,0.3070095981592262
1433,network,0.29265112253834297
1434,airdropdetective,0.5030951134768494
1434,zone,0.4358147292171526
1434,user,0.4234040043704624
1434,nice,0.38078176326081065
1434,bsc,0.2526420799275763
1435,fuel,0.7107280555451972
1435,went,0.29268775404031366
1435,percent,0.2812212314963823
1435,minute,0.25035471779726937
1435,cryptonews,0.1823009212504511
1436,cardano,0.3877475548951605
1436,altcoins,0.3688584003225571
1436,day,0.34430411765970914
1436,good,0.3432057062619554
1436,cryptocurrencies,0.3389625612762742
1437,user,0.5193876410233892
1437,tokenization,0.472414145437113
1437,sir,0.4009588628027425
1437,excellent,0.3839463608836681
1437,great,0.2803307450276031
1438,appear,0.216288339926506
1438,mkr,0.216288339926506
1438,cvc,0.20880420174453518
1438,zrx,0.20880420174453518
1438,sq,0.20880420174453518
1439,bull,0.4324389493607752
1439,involved,0.3221411330202194
1439,factor,0.3131850051112868
1439,market,0.31266448872427327
1439,especially,0.2943208587068941
1440,number,0.720587949402615
1440,low,0.335034626237207
1440,high,0.3246877214793888
1440,year,0.3203466314208098
1440,day,0.30676391121418434
1441,feb,0.41455410527376135
1441,python,0.40060082240797257
1441,issue,0.40060082240797257
1441,startup,0.38945934121323494
1441,ai,0.35355781417946924
1442,ledger,0.7487173314943657
1442,cosmos,0.31592722928938416
1442,wallet,0.23235588961321033
1442,connect,0.1938883740726234
1442,login,0.18717933287359143
1443,trying,0.5474349060966004
1443,please,0.4394180319536305
1443,community,0.41524634828092366
1443,change,0.3865826559952134
1443,support,0.37101416011944915
1444,hardware,0.4086812500677367
1444,individual,0.3991322538776616
1444,easily,0.3910586926364558
1444,generation,0.37789623088281177
1444,store,0.35475547154336085
1445,faced,0.30641499207744505
1445,affected,0.30641499207744505
1445,analysed,0.30641499207744505
1445,absolutely,0.2907986236471356
1445,type,0.28472148221484134
1446,brazilian,0.4464294506480549
1446,designed,0.4271791703091439
1446,download,0.4013201561199099
1446,app,0.3420431698754025
1446,real,0.3124498429386221
1447,banned,0.753797525965133
1447,ca,0.6252803027284068
1447,url,0.15613595841241043
1447,bitcoin,0.12820060592428872
1448,line,0.6697418127474023
1448,number,0.5758802409538564
1448,last,0.23255093909162275
1448,price,0.16401022560138406
1448,indicator,0.14949456666725935
1449,begun,0.29666790536182003
1449,regain,0.29666790536182003
1449,strength,0.2537060396057288
1449,consider,0.25030504654738905
1449,expect,0.23693470328319785
1450,volatile,0.6645085163494833
1450,dollar,0.4927784557592614
1450,usd,0.36793302244953263
1450,market,0.33963781808894167
1450,user,0.18264562676640603
1451,october,0.5083205022893116
1451,crashing,0.49803830468307364
1451,dipping,0.4812750661700894
1451,back,0.3372326019766655
1451,people,0.33150004830280855
1452,user,0.5312188723412529
1452,polkabridge,0.5271227510416572
1452,airdropdetective,0.4734017913793687
1452,good,0.2830130539974528
1452,airdrop,0.25116724428432685
1453,led,0.4341761319901537
1453,number,0.3621015016014282
1453,gt,0.32168910825289193
1453,hod,0.22486912150061567
1453,pt,0.22486912150061567
1454,spike,0.6394067260246749
1454,btcusdt,0.5151365170264182
1454,volume,0.4574135573875958
1454,btc,0.2861910314367128
1454,url,0.14388628575791765
1455,number,0.7059692943971381
1455,fx,0.35354466428752046
1455,minute,0.308864237721171
1455,chart,0.2840796092873931
1455,signal,0.25565679046958006
1456,number,0.8095350979316742
1456,longed,0.33951219934443083
1456,btcusdt,0.29901116871341016
1456,utc,0.2788029450423955
1456,binance,0.18100750731920456
1457,rare,0.5921923277104911
1457,gain,0.518832390344444
1457,signal,0.3979110935476452
1457,blockchain,0.2903452732821724
1457,bitcoin,0.21275139013677105
1458,three,0.39522550788879357
1458,user,0.3540535257807356
1458,fintech,0.3300108676592465
1458,hold,0.31841249597048105
1458,investor,0.31221468913427897
1459,user,0.3601190553584206
1459,airdrop,0.34053801722068594
1459,guideline,0.3151848646330973
1459,lucky,0.3101223883397624
1459,prize,0.30559384898094194
1460,ready,0.4142604082523951
1460,cryptoinvesting,0.2895788874610275
1460,bitcoininvesting,0.2895788874610275
1460,eager,0.2895788874610275
1460,dogecoinrise,0.2795587060260221
1461,number,0.5616671291887773
1461,increased,0.4748828602232068
1461,hour,0.3395665290775191
1461,current,0.324168916280614
1461,last,0.31186571001884966
1462,ama,0.5053447697971327
1462,green,0.47475405170761936
1462,amazon,0.44142284559052325
1462,digital,0.3840770423253534
1462,currency,0.36223147854275434
1463,bitcoincrash,0.6914601797329646
1463,damn,0.6803539967893194
1463,url,0.14884266259906145
1463,btc,0.14802465331088033
1463,bitcoin,0.12221220356032628
1464,pension,0.4716272130636765
1464,chicken,0.4553076868509101
1464,bond,0.4323066065133702
1464,fund,0.35607970007147094
1464,coming,0.30074871054800134
1465,bitcoinetf,0.592999782491166
1465,etf,0.4670479437042018
1465,start,0.3954257590219896
1465,first,0.37449010471051
1465,trading,0.3113429568759587
1466,planb,0.2834687913346923
1466,sushiswap,0.26605177266650754
1466,uniswap,0.23347282615044387
1466,ftm,0.23347282615044387
1466,bullrun,0.2285936855021189
1467,imf,0.4407375103279752
1467,revolution,0.41000771006556164
1467,ether,0.35235954342622117
1467,digital,0.31161804380757524
1467,asset,0.31032592964446676
1468,unit,0.639078801176711
1468,account,0.4708439381879143
1468,scarce,0.22697198308624783
1468,fungible,0.21911816310949536
1468,highly,0.20384045874253318
1469,number,0.5879702990775416
1469,midnight,0.35941873895242676
1469,continue,0.3262864444932792
1469,fall,0.3134094357758982
1469,since,0.2708148841114785
1470,user,0.41627020873536735
1470,robert,0.4130604333354965
1470,talk,0.3365262070429154
1470,give,0.3003449940162491
1470,bitcoinnews,0.29392534278957066
1471,gateway,0.4926058251817637
1471,ravencoin,0.4623389135656725
1471,cryptomining,0.37455241342977574
1471,miner,0.3505282141344393
1471,mining,0.3191936886631874
1472,fam,0.37018689595111093
1472,mint,0.3286535738676552
1472,openseanft,0.3121294725495545
1472,hey,0.30685279055068326
1472,save,0.2977888932969898
1473,sub,0.7427776656763824
1473,happy,0.5054068094028797
1473,day,0.41441468230196943
1473,btc,0.14527824157148664
1474,vgx,0.4993818659505496
1474,stmx,0.48549811312171154
1474,fire,0.48549811312171154
1474,sale,0.35308181521623827
1474,luna,0.32785421034691764
1475,watchinwhales,0.4546604341977869
1475,whalealert,0.44617252868804913
1475,hash,0.4256734311318184
1475,large,0.4227872621111957
1475,transaction,0.3757816689782718
1476,nftproject,0.41294076015670556
1476,giveaway,0.3307398224056199
1476,polygonnft,0.2585232738316537
1476,freenft,0.2495776972681227
1476,tezos,0.24263896901881876
1477,ema,0.5034543759132685
1477,nftcommumity,0.2800218940388393
1477,stakingrewards,0.2800218940388393
1477,playtoearn,0.25892848841096705
1477,period,0.25172718795663424
1478,russia,0.4114371252787067
1478,floki,0.3996435652385215
1478,cro,0.39617160900083215
1478,jasmy,0.24376666361529217
1478,happening,0.21913761923341968
1479,destroy,0.4427579685263826
1479,wake,0.4118872946704566
1479,guess,0.3980237727362906
1479,america,0.3922116598790667
1479,friend,0.35978696632994606
1480,modern,0.3758547081499867
1480,poverty,0.36284915929287015
1480,human,0.35276127187592343
1480,debt,0.33151331884540536
1480,everywhere,0.3261885761121739
1481,user,0.5347108964125508
1481,brisechain,0.42447027905720897
1481,brise,0.39838978271890113
1481,working,0.3251207160048238
1481,soon,0.2629269865646445
1482,cardano,0.5098772289074982
1482,number,0.3867308346442575
1482,price,0.3028867272175968
1482,recent,0.261053065661318
1482,alert,0.24508592413938526
1483,number,0.8237570131942135
1483,bitstamp,0.4085608352656945
1483,usd,0.25963297856140244
1483,btc,0.19318637016041643
1483,price,0.18433275874712376
1484,planning,0.5374190021678579
1484,wedding,0.5374190021678579
1484,fintech,0.37861283672955565
1484,finance,0.35427690279528373
1484,go,0.30342545924468683
1485,profit,0.4859837148523222
1485,hodl,0.46386205500382527
1485,future,0.4278662876116473
1485,trading,0.38264479064266155
1485,url,0.28666614419332076
1486,leaving,0.4146992888655791
1486,review,0.4003496166507494
1486,playtoearn,0.35990016252720214
1486,gamefi,0.31097609103576895
1486,thank,0.30328700666439196
1487,informative,0.45212783565437126
1487,podcast,0.42434799111867966
1487,listen,0.4060498753056881
1487,definitely,0.3326378290286216
1487,thanks,0.30992045074407526
1488,mania,0.48637631468911735
1488,excited,0.3962576978291624
1488,opposite,0.24318815734455868
1488,exact,0.24318815734455868
1488,notice,0.24318815734455868
1489,change,0.438009077309831
1489,purchasing,0.3300070015437899
1489,politician,0.31012961185399746
1489,weak,0.30514833266186475
1489,government,0.28354449950971883
1490,hello,0.7895489652582662
1490,future,0.5156241123946534
1490,crypto,0.24656267962085096
1490,url,0.1727315056514107
1490,bitcoin,0.14182693027210713
1491,exchange,0.371373106042205
1491,future,0.3609452482561522
1491,dead,0.2808596936991603
1491,simply,0.2723131864883399
1491,spend,0.2723131864883399
1492,update,0.7687044075473477
1492,url,0.5375386965567291
1492,btc,0.2672922460858143
1492,bitcoin,0.22068198545367088
1493,moon,0.8899670030237747
1493,user,0.3649152116245049
1493,btc,0.27348788246268435
1494,number,0.3859757244367912
1494,airdrop,0.31979285728304135
1494,classic,0.3075958986657102
1494,airdropcrypto,0.28313044048850955
1494,binance,0.2761664227066757
1495,hold,0.8425263863447738
1495,would,0.3838815282835842
1495,like,0.32472696635387066
1495,bitcoin,0.19322695950122723
1496,good,0.5496063580288667
1496,therefore,0.4803833547424725
1496,legal,0.42155877535889585
1496,something,0.40152465025533823
1496,also,0.32440024209406826
1497,billion,0.8961692199109815
1497,number,0.3032831684538728
1497,url,0.2503151226938718
1497,bitcoin,0.2055295316188761
1498,ieo,0.4588902287884538
1498,timing,0.4430114353048292
1498,market,0.4299790673111495
1498,beat,0.41212308883585735
1498,time,0.23573146335508752
1499,also,0.32839688532763944
1499,decline,0.2590686785326843
1499,observe,0.2590686785326843
1499,coffee,0.2590686785326843
1499,cup,0.2501042295502841
1500,fud,0.48043029510733404
1500,ta,0.4429975106126074
1500,bullish,0.32656778480955473
1500,honestly,0.27485742636899385
1500,adoption,0.2295938903185171
1501,energy,0.5354958884732508
1501,mining,0.29231088776106695
1501,dirty,0.22555904328530843
1501,fungible,0.21775411469454853
1501,personally,0.21170014174916138
1502,decreased,0.5563868008152709
1502,number,0.5303140656579522
1502,hour,0.3206114391215054
1502,current,0.30607334312228385
1502,last,0.29445691945382363
1503,realism,0.30189898149513916
1503,focused,0.28334956668355077
1503,seasonal,0.28334956668355077
1503,project,0.27106108013806435
1503,confident,0.26628250529074754
1504,good,0.42145730414402904
1504,promising,0.327044692402565
1504,sure,0.31060148270546545
1504,yieldfarming,0.3079030913159502
1504,luck,0.3079030913159502
1505,user,0.32477982208458916
1505,bytedex,0.3111239410596257
1505,predictable,0.3111239410596257
1505,transparent,0.3111239410596257
1505,planned,0.3024741117579875
1506,project,0.4054586673807052
1506,user,0.3033971852568598
1506,professionally,0.2906403709985609
1506,airdrop,0.2869003302112886
1506,implemented,0.2825600233765161
1507,plus,0.5234464305300586
1507,thanks,0.4195666800750815
1507,million,0.40951170950554766
1507,first,0.3731676098631381
1507,coin,0.33868459362071784
1508,artist,0.3102520960291002
1508,head,0.3008442712783849
1508,nftcollectors,0.2788466483765093
1508,digitalart,0.277136691345595
1508,cryptoart,0.2653786326047598
1509,burning,0.3990114692257155
1509,music,0.3657449982590249
1509,beat,0.35834678723142394
1509,animation,0.3519381653391774
1509,red,0.33665449673660003
1510,olympics,0.7644776954085496
1510,olympicgames,0.37161189056996924
1510,seeing,0.3386015466357941
1510,country,0.2949642455673134
1510,love,0.26490064716581146
1511,user,0.5738764362796243
1511,bitgertchain,0.25308950716927503
1511,bitgertcommunity,0.25308950716927503
1511,bitgertarmy,0.25308950716927503
1511,preparing,0.24433195304173688
1512,incoming,0.5165642001594613
1512,present,0.4975023682013612
1512,sign,0.4392086304376201
1512,altcoins,0.34854908675978025
1512,ethereum,0.2255473480348088
1513,smallbusiness,0.3814877424345406
1513,shibaswap,0.3364817969576902
1513,startup,0.32186935425615815
1513,nftartists,0.31787678442136125
1513,position,0.2505930181937927
1514,nobody,0.4824498795213993
1514,talking,0.4255329446954294
1514,user,0.3646491454610124
1514,bounce,0.3571363003222224
1514,cryptocrash,0.34156910165407495
1515,pic,0.4679460823877279
1515,user,0.3053032596620805
1515,want,0.2955164277735022
1515,retweeting,0.24235930237309644
1515,custom,0.23397304119386395
1516,eye,0.2532662071836141
1516,index,0.23436440273776163
1516,underrated,0.23436440273776163
1516,bitcoiner,0.23232833104599784
1516,volatility,0.22857522544091183
1517,extra,0.5631966955105071
1517,straight,0.5362930919277642
1517,fiat,0.470257436048052
1517,go,0.3540633399195524
1517,user,0.157995131695466
1518,divergence,0.6994960652074605
1518,bullish,0.4924044588042381
1518,dumping,0.39349842846706407
1518,keep,0.2800442943858379
1518,price,0.15468702471127657
1519,tweet,0.42364345849428764
1519,transparency,0.37228856723419995
1519,difference,0.34125004386252844
1519,rekt,0.3230936716123434
1519,user,0.281386137025316
1520,thursday,0.41452681982714046
1520,july,0.3924717215675813
1520,number,0.36410791949017307
1520,financial,0.320173949622797
1520,eastern,0.22611512966686131
1521,apenft,0.4977156732589417
1521,limited,0.42563914070253156
1521,collection,0.4147243546070498
1521,available,0.38122262980622185
1521,number,0.3434828314893543
1522,nftjapan,0.33742354506165917
1522,solananfts,0.32037769608550937
1522,nftartwork,0.3033318471093596
1522,nftcollection,0.27659472904112664
1522,nftgiveaway,0.24623601484439933
1523,nfts,0.32993331417133637
1523,premium,0.29510209523346925
1523,grab,0.2861221944452039
1523,domain,0.27556394594808836
1523,starting,0.2725816404606989
1524,coinbase,0.3781556492659091
1524,recoveryphrase,0.28166367591922253
1524,phrase,0.28166367591922253
1524,anonymous,0.2750824946984315
1524,trustwallet,0.2750824946984315
1525,user,0.3302261411405265
1525,goodluck,0.3276798341457327
1525,airdrop,0.31227049406343993
1525,morbex,0.3075463804359541
1525,enthusiastic,0.3003604397680924
1526,booked,0.374459538535498
1526,putin,0.3615022661697802
1526,press,0.3432400164724749
1526,president,0.33028274410675706
1526,adopt,0.32497776677516954
1527,spend,0.5667698915926439
1527,zero,0.5667698915926439
1527,bitcoinnews,0.47159584231058843
1527,number,0.30491513984645446
1527,url,0.12583103610890425
1528,cardano,0.5098772289074982
1528,number,0.3867308346442575
1528,price,0.3028867272175968
1528,recent,0.261053065661318
1528,alert,0.24508592413938526
1529,number,0.3754540332912579
1529,btcturk,0.293158467717124
1529,transferred,0.2791544452055276
1529,bitfinex,0.26885331492351855
1529,uniswap,0.26885331492351855
1530,xrp,0.42526912133139866
1530,tide,0.4156207882903051
1530,confident,0.36658800307559086
1530,sec,0.3463183348363108
1530,turn,0.3351631314305786
1531,risk,0.4019418905640471
1531,reward,0.3715286335366956
1531,number,0.3017924607800697
1531,sweet,0.25330399872424836
1531,scalp,0.24626167230306428
1532,number,0.5059553745248199
1532,sell,0.45793305391767
1532,spread,0.3360094695480312
1532,balance,0.28757005956210946
1532,order,0.2807733324029643
1533,expensive,0.5304482613202244
1533,lol,0.4430940125507277
1533,getting,0.3972842272538316
1533,awesome,0.3662218988647644
1533,still,0.33002864430476725
1534,tuned,0.4007142795815223
1534,changed,0.39043864882111234
1534,direction,0.39043864882111234
1534,stay,0.3369485321643405
1534,trend,0.30779598958663035
1535,day,0.38381823505705404
1535,thanksgiving,0.3439690059918912
1535,reveals,0.3344060222602283
1535,knownews,0.3344060222602283
1535,peak,0.30921598525919325
1536,preference,0.8689945219417506
1536,time,0.4464016391146958
1536,url,0.16499025007739634
1536,bitcoin,0.1354707156928745
1537,russia,0.5787733044522991
1537,ukraine,0.5787733044522991
1537,war,0.31329552225234664
1537,report,0.27007616490552666
1537,using,0.2582735921073788
1538,clearing,0.37116480832457743
1538,sbf,0.3583215421793486
1538,press,0.34021997522505043
1538,track,0.3131596743204448
1538,source,0.2911735751712252
1539,bluesparrow,0.6691710313614728
1539,world,0.3304999904716792
1539,bluesparrowcharity,0.26431189551743706
1539,bluesparrowcommunity,0.26431189551743706
1539,bluesparrowtoken,0.25696352891205226
1540,pressure,0.5241522950072758
1540,around,0.41326971381699357
1540,buying,0.3971476557810216
1540,alert,0.35741211864585387
1540,trading,0.31066182483362453
1541,gon,0.44582152427048033
1541,na,0.41322321774209525
1541,leash,0.2791084124398008
1541,leverage,0.23868941891230724
1541,dex,0.23256863794657504
1542,impressive,0.39055695493784304
1542,saw,0.3510969055850993
1542,reached,0.32624001417648657
1542,past,0.3054404908842056
1542,increase,0.30336953033567005
1543,bluesparrow,0.6069299545380725
1543,trading,0.2517286558647915
1543,huuuuge,0.2276171805955628
1543,bestdrawtoken,0.21550669933480293
1543,breakdown,0.20951304254811406
1544,visa,0.654187259589289
1544,also,0.28632470397967114
1544,settlement,0.22587839899050421
1544,tps,0.22587839899050421
1544,unlike,0.21806241986309635
1545,fix,0.7629057952215238
1545,think,0.600748274643571
1545,url,0.1846405092459072
1545,bitcoin,0.15160521256077963
1546,certainly,0.39014502945269997
1546,thinking,0.39014502945269997
1546,gambling,0.3554883838144528
1546,anything,0.3260996555216481
1546,moment,0.3260996555216481
1547,atom,0.6390359626202057
1547,atomusdt,0.3622549405623859
1547,entry,0.2504942688273099
1547,number,0.24999886358941506
1547,stop,0.2388053973659947
1548,anime,0.31243011829365225
1548,nftgame,0.28638212654167566
1548,vr,0.28638212654167566
1548,family,0.24952324143172278
1548,floki,0.2472450100642295
1549,cheemsinu,0.3647466318272863
1549,mc,0.3217157157613515
1549,shinja,0.30774452176140904
1549,presale,0.3039271608410192
1549,ether,0.2815162320548848
1550,ago,0.7086418318357618
1550,number,0.6077450671288218
1550,month,0.21692887881191936
1550,week,0.20082322455675422
1550,year,0.18574935378863833
1551,gold,0.7380707631024649
1551,money,0.5609185694252166
1551,user,0.2689157683760198
1551,btc,0.20154052698044508
1551,bitcoin,0.16639601146209299
1552,dad,0.4261122262640936
1552,god,0.3830598384737785
1552,tell,0.35251368321690835
1552,send,0.3356069343361508
1552,thing,0.28600433870060904
1553,retail,0.4534816694156629
1553,institution,0.4382181418632623
1553,balance,0.3961199974761046
1553,supply,0.3737863123330073
1553,buying,0.32718723625418994
1554,watchinwhales,0.4546604341977869
1554,whalealert,0.44617252868804913
1554,hash,0.4256734311318184
1554,large,0.4227872621111957
1554,transaction,0.3757816689782718
1555,bnb,0.5067049129414347
1555,update,0.4474157461899594
1555,binancecoin,0.3110346356001107
1555,price,0.29688912496646663
1555,number,0.28430474690114066
1556,movie,0.47632166291705297
1556,ticket,0.46307902699879894
1556,amc,0.40197542353012555
1556,accept,0.40197542353012555
1556,payment,0.35875751619973695
1557,violent,0.3045841568243665
1557,amidst,0.3045841568243665
1557,capitulation,0.28586975824643013
1557,prefer,0.2791903002779023
1557,officially,0.26865089755981214
1558,might,0.5504619504078422
1558,account,0.47659849984258223
1558,bank,0.4685040739890829
1558,user,0.3472969211062855
1558,get,0.33585321910090254
1559,wallet,0.5476303001458374
1559,number,0.5256032232592482
1559,bitstamp,0.3649586514749536
1559,made,0.3235280411168032
1559,transaction,0.3045740927491064
1560,leo,0.6127266288432709
1560,happiness,0.575079200063512
1560,money,0.32199716443978293
1560,buy,0.2907019120330984
1560,nft,0.2626030213978071
1561,girl,0.5428541213439825
1561,eye,0.5064660792580131
1561,amazing,0.37765482773121034
1561,look,0.36991642817868303
1561,would,0.36684111101821587
1562,lie,0.456401032550195
1562,afford,0.42457911532923953
1562,welcome,0.4102884053357081
1562,said,0.39392969049442866
1562,rich,0.3677989056575988
1563,liquidation,0.6067565800319573
1563,minute,0.4274613086689299
1563,number,0.4187339867550163
1563,short,0.3944749385797695
1563,last,0.3100027645128238
1564,number,0.9013041457302107
1564,last,0.23550549908097446
1564,fibonacci,0.17523991804115147
1564,price,0.1660939757350074
1564,indicator,0.15139389533488745
1565,clash,0.3330412352266502
1565,itoldyouso,0.32151714370337414
1565,court,0.3125783638681975
1565,former,0.3125783638681975
1565,currencytimes,0.3125783638681975
1566,block,0.5263395108605669
1566,mine,0.3240746768549867
1566,height,0.32077371949484884
1566,left,0.3070095981592262
1566,network,0.29265112253834297
1567,current,0.6866419897382429
1567,price,0.4658857677400056
1567,crypto,0.35040683414703533
1567,number,0.2974253666743466
1567,btc,0.24413126833999296
1568,book,0.656842547397523
1568,general,0.3742493869185626
1568,copy,0.3655049045885536
1568,fine,0.3517071351780065
1568,hard,0.2809199023890432
1569,earn,0.716909733758242
1569,escrow,0.5705996544483392
1569,sat,0.35153642696640675
1569,number,0.13126047359091048
1569,url,0.10833598751709728
1570,year,0.46980616799831315
1570,spirit,0.4176287612349414
1570,breakthrough,0.40317772166937976
1570,wanted,0.3750667246091674
1570,ecosystem,0.33049511307867624
1571,offline,0.3126647790822315
1571,promote,0.3126647790822315
1571,ship,0.3126647790822315
1571,apply,0.293453887228781
1571,word,0.2807999962556456
1572,launchpad,0.4786645592309213
1572,space,0.45591654347888916
1572,work,0.3934359548776041
1572,game,0.3859122440292433
1572,also,0.36834460097329014
1573,nobody,0.5407618105048726
1573,relief,0.4956772992652242
1573,rally,0.43188102522446314
1573,going,0.31203685975297735
1573,cryptonews,0.2774095533810852
1574,merge,0.3804750103090475
1574,fork,0.3640687212531462
1574,education,0.3640687212531462
1574,adopt,0.35181470233111317
1574,user,0.30639962566781936
1575,lt,0.4721977432351734
1575,pig,0.28979348466595206
1575,brother,0.2797658776104271
1575,digitalasset,0.2719878613076269
1575,island,0.2719878613076269
1576,number,0.6935164795725529
1576,xrp,0.2203397616403797
1576,btg,0.20788943241091207
1576,icx,0.20788943241091207
1576,mtl,0.20210971614142634
1577,buypit,0.28421380244384165
1577,pitbulltokenarmy,0.28421380244384165
1577,pitbullish,0.28421380244384165
1577,pitbullmetaverse,0.2743792668815647
1577,bsc,0.25635918696338744
1578,algotrading,0.6883964477042592
1578,nice,0.4847040757633763
1578,move,0.45331840112971183
1578,url,0.27077198702937183
1578,bitcoin,0.11116315920256953
1579,linux,0.4820422826660473
1579,open,0.37443179297013574
1579,money,0.26240028368551477
1579,tv,0.2496600265251885
1579,sometimes,0.2242162827525248
1580,update,0.5529917232004444
1580,price,0.3669455762626953
1580,eth,0.3285955801571322
1580,recent,0.3162643292237017
1580,usd,0.2584217086060955
1581,ripple,0.5036157748886817
1581,brad,0.36735025029027
1581,insight,0.3141525438542162
1581,ether,0.2835257389164993
1581,done,0.2754698354771195
1582,cvc,0.7177535744301935
1582,entry,0.25705302475259123
1582,number,0.25654464819182077
1582,stop,0.24505810056074587
1582,position,0.2441898570415045
1583,airdrop,0.4303399063107613
1583,user,0.3033897200053914
1583,muna,0.29063321963539135
1583,guideline,0.26553398496449937
1583,airdropdet,0.2612689974768471
1584,user,0.4770898678693863
1584,project,0.4250538709588207
1584,wish,0.38176616610782665
1584,pancakeswap,0.31553378360833306
1584,binancesmartchain,0.2878878935910967
1585,cardano,0.41245552255018486
1585,ada,0.35473638481173336
1585,adacoin,0.32821919729011056
1585,cardanofeed,0.3190940877906263
1585,cardanocommunity,0.29505746361762497
1586,user,0.6229228159840453
1586,ilv,0.3803812825352171
1586,boom,0.348668051543924
1586,generator,0.19019064126760854
1586,tiny,0.19019064126760854
1587,number,0.677446799125507
1587,botcoinusd,0.4908191309910012
1587,bitfinex,0.4042523662009544
1587,worth,0.3364422057544595
1587,crypto,0.13302047885093074
1588,win,0.6054730878039877
1588,upto,0.4317937764894154
1588,grab,0.3692637018686731
1588,per,0.31578892340526044
1588,opportunity,0.27707897597454667
1589,keep,0.6720414982689711
1589,nfts,0.5079538024769548
1589,eth,0.33241706445597957
1589,crypto,0.2792006166536408
1589,url,0.1955962798893403
1590,update,0.5529917232004444
1590,price,0.3669455762626953
1590,eth,0.3285955801571322
1590,recent,0.3162643292237017
1590,usd,0.2584217086060955
1591,elected,0.33128859195904564
1591,parliament,0.31982514644379256
1591,leader,0.3109334073070089
1591,recently,0.30366832744036565
1591,canadian,0.30366832744036565
1592,cryptoeducation,0.36241071145017445
1592,polygonnetwork,0.36241071145017445
1592,binaryoptions,0.34014330734844717
1592,blockchaintechnology,0.34014330734844717
1592,auction,0.3196553751563698
1593,token,0.315961386748254
1593,catalyst,0.2673553090768132
1593,aint,0.2673553090768132
1593,micro,0.25810412116028336
1593,im,0.2509283423292421
1594,fix,0.9355067573691069
1594,user,0.30044397916273824
1594,bitcoin,0.185904605380284
1595,usdtest,0.33419680201246593
1595,airdrop,0.3184809976205043
1595,number,0.30751389463868406
1595,bonus,0.2599993310189142
1595,sign,0.24300157652514123
1596,saving,0.5732236035098828
1596,life,0.4870485079684917
1596,everyone,0.4487687270130927
1596,move,0.4373374779626974
1596,user,0.1733195629315034
1597,consume,0.40945611610371113
1597,electric,0.40945611610371113
1597,air,0.37531885176659835
1597,fan,0.36115060694390216
1597,stats,0.36115060694390216
1598,firm,0.41712670768457993
1598,cyber,0.41712670768457993
1598,uk,0.41712670768457993
1598,bloomberg,0.4030868347966862
1598,pay,0.34829205786640893
1599,way,0.4085185483615444
1599,come,0.39748371370214913
1599,going,0.37523962061331284
1599,next,0.3722016606099546
1599,go,0.36715360995805507
1600,haha,0.35762786586062484
1600,bitcoinbutton,0.34927175182798503
1600,lucky,0.3306885807582172
1600,fact,0.3015401094987481
1600,available,0.29185544623749465
1601,thursday,0.6020711164753962
1601,meetup,0.3284163582642881
1601,beer,0.3170522994929981
1601,food,0.30823765070394615
1601,original,0.3010355582376981
1602,filecoin,0.41830726284144165
1602,stellar,0.39061193339252964
1602,cosmos,0.38638451493113257
1602,number,0.38184308093783015
1602,bitcoincash,0.35806574709643046
1603,number,0.720587949402615
1603,low,0.335034626237207
1603,high,0.3246877214793888
1603,year,0.3203466314208098
1603,day,0.30676391121418434
1604,medium,0.5512747985801206
1604,topic,0.3451278717454165
1604,snapshot,0.3451278717454165
1604,overall,0.33318555121408366
1604,negative,0.30995465935849414
1605,boring,0.9858439536591318
1605,bitcoin,0.16766543780317886
1606,coinhuntworld,0.3811569939090602
1606,vault,0.3811569939090602
1606,location,0.3787433422529292
1606,playing,0.36596516826317177
1606,found,0.36045041552561885
1607,realism,0.2915413505718722
1607,bex,0.28145326281744354
1607,morbexfinance,0.28145326281744354
1607,morbex,0.273628334039965
1607,focused,0.273628334039965
1608,era,0.8438953730836635
1608,new,0.45574124953891515
1608,user,0.22653193982053452
1608,btc,0.16977571380453216
1609,opinion,0.45945391618366527
1609,fear,0.4251638773657798
1609,regarding,0.25933303796181695
1609,extended,0.25212309293796203
1609,research,0.24623213891573686
1610,reef,0.6700284735557812
1610,shibacoin,0.3052548683090254
1610,binance,0.2937552983369326
1610,cryptotwitter,0.27140348181111845
1610,cryptocurrency,0.24388197495407143
1611,unknown,0.5494336858848731
1611,wallet,0.4802841050682713
1611,number,0.4609658626208974
1611,transferred,0.3427334859359474
1611,tx,0.28234403289969456
1612,consolidation,0.5678872907327244
1612,phase,0.5433996823734634
1612,close,0.41839329973570233
1612,end,0.41475366632876276
1612,url,0.11487948671284812
1613,number,0.5605961983653899
1613,best,0.3953879647971418
1613,hour,0.38733608858415414
1613,id,0.283631812373883
1613,ask,0.2628439620984045
1614,open,0.5657923971937954
1614,thrive,0.37725360811553554
1614,natural,0.37725360811553554
1614,society,0.3540742199922399
1614,protocol,0.3107166247383884
1615,cooling,0.7333756944871054
1615,xtz,0.5974916038563131
1615,btc,0.27695191501349026
1615,number,0.16870539655602929
1616,project,0.4351786880579194
1616,excitement,0.30327160365066325
1616,brings,0.2961855448032408
1616,cyclicalinvesting,0.28042685083882957
1616,succeed,0.28042685083882957
1617,btg,0.37835812883481934
1617,rig,0.3678390629662071
1617,zcash,0.359244360345906
1617,bitcoinmining,0.29590022950616507
1617,share,0.27348858842672813
1618,ux,0.41997007583191365
1618,bitcoiners,0.37716942748472915
1618,site,0.37042418422821927
1618,said,0.3499424028848082
1618,bitcoinprice,0.33867046521417976
1619,signal,0.5803610503716706
1619,profit,0.480511789613286
1619,fast,0.3937956202114036
1619,scalping,0.2488090905741823
1619,lto,0.2488090905741823
1620,number,0.5736906390000985
1620,transferred,0.4265456696411151
1620,info,0.3983487024203601
1620,unknown,0.34189620957105427
1620,wallet,0.2988664860903259
1621,tlm,0.2889201149646922
1621,cell,0.2889201149646922
1621,expecting,0.26483220432188104
1621,ksm,0.2548348181258364
1621,vra,0.2507416798751145
1622,number,0.799200533053897
1622,btcusd,0.5109297159918079
1622,bitcoin,0.27080189129108595
1622,btc,0.1639989907166137
1623,increasingly,0.3291978186761304
1623,russian,0.3125675141743925
1623,amid,0.3125675141743925
1623,three,0.2877066253304359
1623,ukraine,0.27781527251380744
1624,opinion,0.464607036778092
1624,scenario,0.4583788629853291
1624,likely,0.4338940080944661
1624,cryptotrading,0.34644193880505053
1624,still,0.3263174315843636
1625,user,0.5007620366019355
1625,airdrop,0.31568913762716877
1625,latoken,0.31091330582280124
1625,project,0.297429417281397
1625,dex,0.2760302167345376
1626,url,0.6127690071565368
1626,btc,0.6094013521400864
1626,bitcoin,0.5031343119667219
1627,mayor,0.3939851517430455
1627,jackson,0.3939851517430455
1627,proposes,0.3803522424595787
1627,property,0.3611377360103588
1627,tax,0.328290320277672
1628,user,0.3466405961755056
1628,historical,0.3439677206373283
1628,genesis,0.33206554434681707
1628,spell,0.33206554434681707
1628,pretty,0.29415614759093905
1629,stop,0.5439443062409949
1629,break,0.5439443062409949
1629,next,0.47227408746640825
1629,number,0.37962698195850597
1629,url,0.15666278984634865
1630,base,0.4540738912531215
1630,layer,0.4224142306714711
1630,secure,0.408196387518763
1630,internet,0.3873927540666399
1630,decentralized,0.35511479308857186
1631,generated,0.5059394321010269
1631,impact,0.49187336662970094
1631,service,0.436687364142992
1631,profit,0.3373719348045179
1631,trade,0.3096760405425544
1632,wife,0.38949189158622805
1632,complete,0.3570190889162751
1632,took,0.34354165810156245
1632,whole,0.3110688554316095
1632,job,0.30822869184673385
1633,rejected,0.2852647942887335
1633,attacking,0.2794945194881508
1633,htf,0.2794945194881508
1633,ema,0.262575499911361
1633,stuff,0.25096556624727523
1634,project,0.4619373908866003
1634,user,0.34565916438604116
1634,participating,0.3219194716211313
1634,deflectprotocol,0.3143976980934452
1634,popularity,0.3143976980934452
1635,like,0.5233129343045863
1635,acting,0.4993700089023683
1635,pamp,0.4993700089023683
1635,shitcoin,0.45773642394546743
1635,url,0.09481208519686862
1636,sub,0.5549891305039215
1636,period,0.48503981731861295
1636,got,0.3817391695388981
1636,first,0.35048568942553476
1636,binance,0.23655476780960444
1637,donation,0.6491276097080951
1637,developed,0.33918985562048
1637,favor,0.33126455286070017
1637,charity,0.318759352911591
1637,tool,0.3090595662590661
1638,lifestyle,0.3068388404796916
1638,number,0.2924601244280469
1638,halving,0.2913380593060543
1638,single,0.26816571163725345
1638,imagine,0.26816571163725345
1639,number,0.7735447459352873
1639,multiple,0.2364290148188847
1639,symbol,0.2101335713164519
1639,detail,0.2015072715535552
1639,address,0.20043717356548846
1640,unstoppable,0.7472318689753095
1640,secure,0.33586752666273034
1640,ethereumclassic,0.33096304581571867
1640,decentralized,0.2921915305546977
1640,defi,0.19174649442100167
1641,build,0.5149691099596976
1641,know,0.3787424411231653
1641,school,0.30901030337849367
1641,lunaclassic,0.30901030337849367
1641,generation,0.26817711386177107
1642,son,0.5725410125874077
1642,dad,0.5725410125874077
1642,watch,0.42647096214829294
1642,invest,0.37588465735689497
1642,url,0.11260086259241006
1643,estate,0.47589436988189815
1643,valuable,0.4579294104600823
1643,asset,0.35290818240107097
1643,real,0.3410404786364284
1643,daily,0.30146616127415937
1644,million,0.43495893279135
1644,creates,0.3138123727662684
1644,solution,0.27426031897357267
1644,save,0.24542132452492357
1644,decentralized,0.24542132452492357
1645,airdrop,0.5185907323901016
1645,distributed,0.4306437595047751
1645,month,0.3574636575757122
1645,hope,0.3389490197051912
1645,great,0.2959949970048417
1646,alert,0.49902444868745793
1646,band,0.36591485906420296
1646,bollinger,0.35653159978675003
1646,breakout,0.3302417339165293
1646,pair,0.32773072661359876
1647,bitcoinetf,0.5537786487758575
1647,satoshinakamoto,0.5258030455572835
1647,person,0.5151672148323119
1647,world,0.34622701673252143
1647,url,0.10891089400849024
1648,number,0.5209204829542328
1648,price,0.4079837605081442
1648,last,0.3856548427287003
1648,increased,0.2936213711389862
1648,dropped,0.28907802403203176
1649,target,0.9064002148062705
1649,breakout,0.3645474374450507
1649,url,0.17935485476687224
1649,btc,0.08918457830872263
1649,bitcoin,0.07363262534259435
1650,favorite,0.552551533901789
1650,tron,0.46717217446995624
1650,crypto,0.35021889107055654
1650,ada,0.3370780210761285
1650,nfts,0.31857919862554834
1651,heaven,0.3187068458890892
1651,favor,0.29213554943931885
1651,ar,0.2811074650082093
1651,jump,0.2811074650082093
1651,stablecoin,0.276592337420658
1652,theta,0.4665195130651814
1652,xtz,0.430917490021979
1652,ltc,0.3267349649522506
1652,ada,0.2759349517757101
1652,qtum,0.2644592923748497
1653,internetcomputer,0.4778632073157161
1653,axieinfinity,0.43802269209677813
1653,ethereumclassic,0.4086616031265657
1653,vechain,0.3935815050397805
1653,eos,0.3455158804951384
1654,entry,0.369171412149729
1654,number,0.36844129783567225
1654,stop,0.3519446819574096
1654,position,0.3506977381161664
1654,target,0.3415084330030065
1655,play,0.4423813842777364
1655,prediction,0.42825525849902946
1655,following,0.4111691352031257
1655,look,0.3778242466967994
1655,let,0.34691120258382774
1656,hunt,0.37427789748786994
1656,experience,0.36977104639485797
1656,exciting,0.36977104639485797
1656,together,0.36165038021939017
1656,bitcoins,0.329829222520592
1657,number,0.8127426372779946
1657,shorted,0.3290040720165779
1657,btcusdt,0.30019591053756073
1657,utc,0.2799076178581613
1657,binance,0.18172469512636583
1658,tnt,0.29373989230249026
1658,macd,0.2692501461355401
1658,ct,0.2692501461355401
1658,tp,0.2692501461355401
1658,sl,0.2638038121875571
1659,ops,0.30557024720253384
1659,controlled,0.30557024720253384
1659,base,0.2949967231968485
1659,node,0.2867952608101711
1659,devs,0.2867952608101711
1660,tumble,0.5699970738294418
1660,crackdown,0.5541500857311744
1660,china,0.4370672775392378
1660,crypto,0.320032084429307
1660,cryptocurrency,0.20170369269812163
1661,instantly,0.40245050009989497
1661,saved,0.3912616211072755
1661,enough,0.339634374881954
1661,wish,0.33617492966888646
1661,small,0.33617492966888646
1662,number,0.6621773968225857
1662,fx,0.38688297333771887
1662,chance,0.35976122123645543
1662,million,0.32097777463852284
1662,big,0.3068862889248522
1663,metaverse,0.5748723654319555
1663,bitcoinist,0.34813497451503617
1663,roll,0.3191101897271014
1663,dedicated,0.3070638156316104
1663,meta,0.28673370355564354
1664,ban,0.43943059947896357
1664,india,0.41371116285186005
1664,bank,0.3584728345380955
1664,rbi,0.2636829670607134
1664,complete,0.2416991334000976
1665,consequence,0.287434798740719
1665,longer,0.2673938134676561
1665,remain,0.25839373008068234
1665,decision,0.25839373008068234
1665,helpful,0.25839373008068234
1666,low,0.41777798492254203
1666,bullish,0.407304956388636
1666,hidden,0.33327950599608835
1666,form,0.2996034047121156
1666,flow,0.2924682943588822
1667,number,0.5572257351981177
1667,bearwhale,0.4676972597423604
1667,spot,0.3657691376245994
1667,sold,0.3483755678131334
1667,worth,0.3320837988078932
1668,beach,0.4923213474149932
1668,bnb,0.4036938468921295
1668,center,0.2461606737074966
1668,known,0.23764287520934393
1668,host,0.22563771249808065
1669,scenario,0.5030991339642644
1669,wave,0.4911177352785572
1669,two,0.45338545749291176
1669,analysis,0.41050758671493426
1669,trading,0.3022352862125073
1670,doggyinu,0.49879546403360897
1670,airdrop,0.4753393091657431
1670,user,0.3770035965189148
1670,nice,0.33905228282284616
1670,binancesmartchain,0.3033244638312373
1671,metaverse,0.34318299783015854
1671,reflection,0.3009534821051698
1671,audited,0.29258641064458923
1671,kyc,0.27996992573283463
1671,cmc,0.27054654886123336
1672,possibility,0.31099647774586053
1672,fool,0.30235019216349557
1672,property,0.2952856624534607
1672,infrastructure,0.28931268769056734
1672,changing,0.275492376024801
1673,ascending,0.36994061087177404
1673,former,0.36994061087177404
1673,fam,0.36994061087177404
1673,triangle,0.33707872698165997
1673,upside,0.3246401219672373
1674,hit,0.43443389469865795
1674,signal,0.3711479066201203
1674,mad,0.307221158974039
1674,apply,0.29867983433689826
1674,everyday,0.2917010639635019
1675,hear,0.43580355320923103
1675,bitcoincash,0.38997798026911634
1675,elon,0.38236093891352224
1675,thought,0.37347036469413253
1675,bch,0.3469141079889296
1676,lion,0.3194938359924662
1676,living,0.3084385196602588
1676,yu,0.2998633501119921
1676,dsf,0.2998633501119921
1676,og,0.28693307961876785
1677,opensea,0.4028965895192399
1677,item,0.25782962380385244
1677,nftcollectibles,0.244057346250982
1677,openseanft,0.24182902035033318
1677,listing,0.24182902035033318
1678,meaningful,0.4636377131590186
1678,actually,0.3964961692569044
1678,saving,0.3863287047047157
1678,fun,0.3738847338000534
1678,thing,0.3004232274597767
1679,lowest,0.46856576095205377
1679,metric,0.4208125530066705
1679,march,0.3490689579070099
1679,loss,0.3447314789956537
1679,hit,0.31983004552924543
1680,satoshi,0.9733852628323607
1680,url,0.22917488976931163
1681,back,0.8052050172795433
1681,jump,0.5839457741914765
1681,bitcoin,0.10320955843218863
1682,ustc,0.3967879522350512
1682,lfgburnustc,0.3967879522350512
1682,asks,0.38575650269731854
1682,turn,0.331444890497018
1682,burn,0.3282543280318428
1683,handled,0.3701485950578126
1683,final,0.3701485950578126
1683,number,0.3528031327397729
1683,process,0.3381823715747842
1683,tech,0.3194833295475406
1684,number,0.8237570131942135
1684,bitstamp,0.4085608352656945
1684,usd,0.25963297856140244
1684,btc,0.19318637016041643
1684,price,0.18433275874712376
1685,boredapeyachtclub,0.4008389851842709
1685,bayc,0.367420150159739
1685,smile,0.34279161854954243
1685,gm,0.3070204541887202
1685,litecoin,0.25887819641632964
1686,aware,0.5045927939749587
1686,brain,0.4735893735592109
1686,dead,0.44506355293375977
1686,even,0.3444211031186589
1686,miss,0.3388997742062856
1687,unknown,0.5954990327257779
1687,transfered,0.35028460697899916
1687,used,0.33027456705262254
1687,address,0.3106981112906382
1687,never,0.3045443490872241
1688,study,0.4830268004271243
1688,case,0.4407639451755959
1688,azuki,0.27981380406699047
1688,market,0.2715823315276795
1688,provide,0.23373405146534848
1689,hal,0.374678482635803
1689,helping,0.36171363423569813
1689,secure,0.3251677791995933
1689,asset,0.2546847435920336
1689,keep,0.24441929984522612
1690,fake,0.5039298194237777
1690,money,0.28890984003940184
1690,jk,0.27488247083631784
1690,mstr,0.27488247083631784
1690,buy,0.2608303804499408
1691,buffet,0.3840357228027531
1691,brazil,0.37074708959559327
1691,warren,0.36043962489789433
1691,invested,0.3284217151180557
1691,largest,0.3284217151180557
1692,burned,0.39147087870481134
1692,inu,0.36321146405466687
1692,biggest,0.33911833056790147
1692,ever,0.3014149584636184
1692,worth,0.2987929280609602
1693,number,0.560903365238819
1693,usdt,0.4563003266862301
1693,price,0.29286550982985243
1693,apiece,0.254275184798435
1693,binance,0.22295972699113795
1694,dream,0.4438865818057187
1694,please,0.41029954591725937
1694,cz,0.27973756602886446
1694,cent,0.2656058779078935
1694,dogearmy,0.22731590937826548
1695,digitalcurrency,0.37201902845056967
1695,bloomberg,0.33443196454805757
1695,analyst,0.33443196454805757
1695,cryptomarket,0.30230420947301095
1695,cryptotwitter,0.2930030117831652
1696,exchange,0.3435322286378127
1696,user,0.29684326705232517
1696,listonfegex,0.2843620226452381
1696,fegrox,0.2843620226452381
1696,facility,0.2843620226452381
1697,consider,0.6624938602830874
1697,hit,0.5359589486409231
1697,buying,0.5087888317168352
1697,bitcoin,0.12240839505175943
1698,giveway,0.7385565184745042
1698,tron,0.26700424082612745
1698,nice,0.2510139843268518
1698,trx,0.2510139843268518
1698,usdt,0.20731951836269968
1699,er,0.35092345576351375
1699,happens,0.329361856861007
1699,kid,0.3216661891106501
1699,handle,0.3151595947380336
1699,shitcoins,0.3151595947380336
1700,consolidate,0.4299240044677611
1700,bitcointrading,0.38168844468898716
1700,bitcoinprice,0.36939394044295665
1700,expect,0.3658380719561228
1700,continue,0.35085538390638044
1701,planb,0.2870604576203308
1701,sushiswap,0.2694227581553207
1701,uniswap,0.2364310229746833
1701,ftm,0.2364310229746833
1701,bullrun,0.23149006160568228
1702,user,0.5157134982829119
1702,fantom,0.5117369357871265
1702,airdrop,0.48767220047385346
1702,airdropinspector,0.36230400889190145
1702,great,0.2783476882691744
1703,buyer,0.5428213339676756
1703,bought,0.4901872440791932
1703,alert,0.3885291755344813
1703,market,0.31214768686668715
1703,number,0.3065378251846105
1704,number,0.41184221332280596
1704,approx,0.35806213124238695
1704,market,0.3355033765646346
1704,september,0.3107471430237787
1704,dominance,0.27635704687364754
1705,another,0.39849916712863204
1705,xlm,0.3921808971561285
1705,every,0.35479668046839147
1705,sat,0.33954850960523114
1705,exchange,0.3213919698683148
1706,amp,0.3618785077038457
1706,low,0.2832558931933447
1706,overly,0.2407582108546313
1706,sweep,0.2407582108546313
1706,targeting,0.2407582108546313
1707,zesty,0.33632963573133307
1707,claiming,0.3340492392950696
1707,boltcoiner,0.31232392058187364
1707,unlock,0.3108558498780127
1707,ln,0.308035133951161
1708,congratulation,0.5663860891255393
1708,eos,0.4559937202132137
1708,xrp,0.3226495285086753
1708,altcoin,0.3120856555026328
1708,blockchain,0.26834603228199794
1709,number,0.3527139356640797
1709,txns,0.30665507186311775
1709,kb,0.30665507186311775
1709,avgsize,0.30665507186311775
1709,ph,0.30665507186311775
1710,day,0.8480568086495869
1710,number,0.36219711308458935
1710,url,0.29893981675057707
1710,bitcoin,0.24545444900713925
1711,gift,0.5576976768676565
1711,shop,0.39601892602804534
1711,linkedin,0.21811605323558922
1711,present,0.21292157919033242
1711,pinterest,0.2106172240548366
1712,kava,0.4546391377655481
1712,day,0.2776311911041104
1712,achieved,0.257724578055516
1712,sfp,0.257724578055516
1712,gala,0.24880663843975576
1713,nfts,0.284784730545143
1713,po,0.278796914599434
1713,nftjapan,0.278796914599434
1713,bayc,0.26471274599048267
1713,pow,0.26471274599048267
1714,scenario,0.46851209248792086
1714,dominance,0.42858198805438025
1714,drop,0.40853771561493396
1714,without,0.4061086859163548
1714,could,0.36101619671437873
1715,abstract,0.5626363081146646
1715,mintable,0.2813181540573323
1715,gallery,0.2813181540573323
1715,painting,0.27158381544815235
1715,draw,0.25786403575213324
1716,number,0.737816005538203
1716,unknown,0.36642352530804234
1716,wallet,0.3203068895295403
1716,symbol,0.2004278524711897
1716,detail,0.19219998709290415
1717,care,0.37872125591079475
1717,number,0.2776367713179111
1717,busy,0.24138179825540845
1717,recording,0.24138179825540845
1717,bottomed,0.23302936125686322
1718,number,0.737816005538203
1718,unknown,0.36642352530804234
1718,wallet,0.3203068895295403
1718,symbol,0.2004278524711897
1718,detail,0.19219998709290415
1719,fractal,0.7912491877298867
1719,potential,0.5601955471634149
1719,url,0.1502292569870095
1719,btc,0.14940362725541198
1719,bitcoin,0.12335071286025721
1720,raptor,0.28260167901734734
1720,speaks,0.28260167901734734
1720,released,0.25380073394528363
1720,dedicated,0.24926179848447935
1720,farming,0.24525817366851416
1721,latoken,0.7871754871883342
1721,ufo,0.4193538755354909
1721,platform,0.260473239951463
1721,shib,0.23721855765429123
1721,buy,0.1989581775918535
1722,user,0.3050057562003362
1722,dedication,0.29218130703392214
1722,visionary,0.28405811849894336
1722,appreciated,0.28405811849894336
1722,highly,0.271809378175673
1723,game,0.47595751272339637
1723,developing,0.39816838805804927
1723,deploying,0.20735156162814908
1723,tge,0.20735156162814908
1723,creo,0.2043237257051353
1724,user,0.39348695551913326
1724,bsc,0.35218619276357527
1724,presale,0.32534701617317024
1724,participate,0.3037655688183003
1724,address,0.2792834129515639
1725,gift,0.4112345540742424
1725,tumblr,0.26836848712654887
1725,freeshipping,0.26209795315739104
1725,purchase,0.23550585102732544
1725,present,0.23550585102732544
1726,angel,0.514661057004796
1726,approaching,0.46221011302928094
1726,definitely,0.37864454074117543
1726,ath,0.3543137171515731
1726,break,0.33927442931773416
1727,needed,0.410990551647999
1727,shibaarmy,0.3514730892336249
1727,weekend,0.3197435398546643
1727,meme,0.3147959916529416
1727,video,0.3061769670961387
1728,holding,0.6235061634288348
1728,think,0.5440278849346135
1728,time,0.45240054302690164
1728,btc,0.3325770185217113
1729,folk,0.4615192403766171
1729,wonder,0.4382043668706511
1729,increased,0.37192350464671087
1729,supply,0.35388770782311696
1729,love,0.3198438520561507
1730,ctk,0.6875013570911871
1730,buying,0.46144738139658753
1730,cryptocurrencies,0.37762381270061396
1730,binance,0.29303587215812066
1730,crypto,0.19300317708622697
1731,exchange,0.47726470440055085
1731,kraken,0.3840769146277532
1731,okex,0.36751530950166794
1731,huobi,0.3452680084539911
1731,bitfinex,0.33704538713856413
1732,idolaunchpad,0.3077384771222298
1732,cause,0.2944686268758518
1732,ldo,0.2944686268758518
1732,project,0.29439227659717876
1732,adoption,0.2644112157236372
1733,number,0.39885630526617755
1733,top,0.34630970743406864
1733,trading,0.2929431738941829
1733,kmd,0.2889766478987498
1733,loser,0.2789773055163918
1734,cap,0.6579265039870895
1734,market,0.44773312944883786
1734,number,0.4396865507542982
1734,price,0.34436152597469294
1734,btc,0.18045070685785233
1735,renaissance,0.642178956307395
1735,via,0.3967005978461958
1735,one,0.3464480922886953
1735,new,0.3254967884717371
1735,user,0.32358457336243657
1736,soul,0.5117955542523279
1736,vra,0.44416594892164735
1736,wow,0.395010518106115
1736,thought,0.3700504430008556
1736,holding,0.36234551010756977
1737,successful,0.5561727956588685
1737,user,0.36022308413314286
1737,whitepaper,0.33548314888699254
1737,project,0.3209336995633612
1737,clear,0.2804109524061731
1738,number,0.6993462587820309
1738,usd,0.23737647148472762
1738,cst,0.2338548821661413
1738,carbonaraindex,0.21948626391664675
1738,carbonara,0.21948626391664675
1739,treasury,0.3829420147946633
1739,circle,0.3829420147946633
1739,stablecoin,0.3540958730394113
1739,backed,0.34892521410556454
1739,fully,0.3399776251479409
1740,affiliatemarketing,0.4700235604558171
1740,networkmarketing,0.31747376269163036
1740,makemoney,0.30648834614101217
1740,makemoneyonline,0.30648834614101217
1740,digitalmarketing,0.29100527112229957
1741,history,0.9491008178096499
1741,url,0.24342870945591255
1741,bitcoin,0.19987521368514607
1742,definitely,0.9193534171268086
1742,user,0.3148283590909776
1742,btc,0.23594999200962638
1743,soccer,0.3786482622967721
1743,match,0.3655460492123539
1743,ticket,0.35538318319565887
1743,brazilian,0.35538318319565887
1743,afraid,0.34707951704559775
1744,pressure,0.5241522950072758
1744,around,0.41326971381699357
1744,buying,0.3971476557810216
1744,alert,0.35741211864585387
1744,trading,0.31066182483362453
1745,heading,0.32468244502954685
1745,fib,0.3074075598212347
1745,dropped,0.2713083419533118
1745,started,0.26743247940860987
1745,post,0.2606010632925124
1746,opensea,0.42039074145898586
1746,item,0.2690248305410808
1746,cryptoartist,0.2626179545727821
1746,nftcollectibles,0.2546545476381185
1746,nftcollectors,0.2360343004072598
1747,regulation,0.5700737938693589
1747,coinbase,0.4138595527434663
1747,recommendation,0.32843719110665515
1747,core,0.3082572035253179
1747,pushing,0.3082572035253179
1748,freenft,0.3183783095839809
1748,rarible,0.29088299464236733
1748,nft,0.2826833995076926
1748,create,0.28203148028488567
1748,service,0.2747992664560053
1749,altcoins,0.4416758132314614
1749,riser,0.38271345989114036
1749,everrise,0.35919860506671875
1749,ftm,0.31521351139180454
1749,nftproject,0.3056552408363864
1750,coffee,0.28252524509685234
1750,newprofilepic,0.28252524509685234
1750,battery,0.2727491380033377
1750,hosted,0.2727491380033377
1750,owner,0.2589704889350566
1751,number,0.5015109344856934
1751,feb,0.4894812815313286
1751,prediction,0.3858729433456697
1751,gmt,0.36749740859375385
1751,make,0.3220573058189952
1752,et,0.5058928209440982
1752,lfg,0.46778507757270893
1752,wait,0.4160157398443456
1752,lower,0.4041953575317711
1752,get,0.2626503188800539
1753,spot,0.5210439962284357
1753,etf,0.3498225766277633
1753,approval,0.23004075377455685
1753,traded,0.2220807463635308
1753,grayscale,0.2220807463635308
1754,yr,0.30253414438728965
1754,anniversary,0.30253414438728965
1754,poker,0.30253414438728965
1754,signed,0.2872508264006563
1754,club,0.2679961228821151
1755,user,0.5507850774770368
1755,nanodogecoin,0.5465380851263888
1755,reflection,0.26381322411226565
1755,usdtether,0.25048599653154924
1755,staking,0.2010484953384713
1756,user,0.8315904816584159
1756,retweet,0.3668425193795564
1756,go,0.2662249329381778
1756,cryptonews,0.24189401682157316
1756,eth,0.15215060659238636
1757,popular,0.6113920224543058
1757,cryptocurrencies,0.5414830048189836
1757,yes,0.2803513970356192
1757,must,0.2693681714993406
1757,everything,0.26071678499355466
1758,bet,0.5412021440536674
1758,billion,0.46062295341741283
1758,may,0.45512598680549565
1758,investment,0.39774815963635296
1758,binance,0.2788397937469975
1759,precious,0.37607266916012133
1759,russian,0.357074356753115
1759,oil,0.32867349777161
1759,ban,0.3245965271767153
1759,biden,0.3208460777893937
1760,group,0.5847699210875372
1760,love,0.4508069428569658
1760,profit,0.433763318404698
1760,free,0.372837608055848
1760,cryptocurrency,0.2301884999758443
1761,demo,0.5341082816580249
1761,interoperable,0.5341082816580249
1761,libonomy,0.5341082816580249
1761,via,0.3299408561543095
1761,user,0.13456467138338235
1762,trade,0.6824080843862755
1762,bot,0.36130053985268695
1762,lazy,0.36130053985268695
1762,potential,0.2725424029898235
1762,signal,0.22448107239102982
1763,defeat,0.3535816169861805
1763,dsf,0.34375138463340393
1763,加密货币,0.31321589391701893
1763,币圈,0.31321589391701893
1763,区块链,0.31321589391701893
1764,breaking,0.6892820809127483
1764,hard,0.6678401165608967
1764,user,0.23883167808315042
1764,bitcoin,0.14778099061958397
1765,cryptocurency,0.6297666588517002
1765,cryptocrash,0.6131958941532341
1765,binance,0.3563905810128647
1765,crypto,0.2347306966635589
1765,url,0.16444251303420826
1766,independent,0.5982650499100214
1766,party,0.5622296098156795
1766,officially,0.5622296098156795
1766,bitcoin,0.09937133263259253
1767,user,0.5416426758022779
1767,fantastic,0.4483937215665604
1767,number,0.27475214345042404
1767,financialfreedom,0.23060820145791663
1767,doxxed,0.2241968607832802
1768,molly,0.40089401322173057
1768,handle,0.3600374744542822
1768,three,0.3382428393042781
1768,added,0.32328722871608406
1768,card,0.3201751937232824
1769,cryptocurrency,0.29551009248472865
1769,spotlight,0.28833921632284715
1769,announces,0.2783619307281885
1769,adopt,0.25023754224762107
1769,tender,0.24658346694789993
1770,key,0.941056296750931
1770,url,0.239836991753792
1770,btc,0.238518895964062
1771,salary,0.48542967740439713
1771,defend,0.4686325500855666
1771,freedom,0.37181223768658067
1771,taking,0.3550151103677501
1771,financial,0.3436787651221557
1772,user,0.6158899349017791
1772,deflationary,0.23599754760095995
1772,unityprotocol,0.22407550299552917
1772,unitycol,0.22407550299552917
1772,unity,0.21954295199642374
1773,study,0.47483201469843556
1773,case,0.4332861694404781
1773,azuki,0.27506662613352867
1773,market,0.26697480454864014
1773,provide,0.22976863905435366
1774,cycle,0.3506726071849764
1774,likely,0.3274912582374395
1774,positive,0.3274912582374395
1774,action,0.32450115257507567
1774,gm,0.31407904191191266
1775,number,0.34649612328644513
1775,color,0.2510410062350836
1775,币安,0.2423543355590648
1775,屎币,0.2423543355590648
1775,狗狗币,0.2423543355590648
1776,hodl,0.41025077926434494
1776,celr,0.33383797591403935
1776,galaxy,0.33383797591403935
1776,tezos,0.3133261508511573
1776,ravencoin,0.3133261508511573
1777,user,0.5558633798705053
1777,flaw,0.5515772297570541
1777,without,0.4033915934962667
1777,great,0.30001791168081166
1777,bsc,0.24875971707245967
1778,rise,0.6566114807927553
1778,strength,0.3665568680984477
1778,egld,0.3530304846970754
1778,rate,0.32830574039637767
1778,started,0.32361562319153353
1779,merchant,0.5172303025333431
1779,mark,0.502850329679725
1779,user,0.40494946739250665
1779,definitely,0.3941742284440552
1779,move,0.3406031721142502
1780,user,0.2762130693696069
1780,babynftart,0.27408324624851726
1780,bbnft,0.27408324624851726
1780,altcoingems,0.2645992542358917
1780,fly,0.2572428985189827
1781,halloweenends,0.29601674002587924
1781,vladimirputin,0.29601674002587924
1781,comingoutday,0.29601674002587924
1781,bbnaija,0.29601674002587924
1781,shopmycloset,0.29601674002587924
1782,one,0.39745588988093195
1782,grandma,0.3683637090564119
1782,christmas,0.31968745140891314
1782,fill,0.31501923892036426
1782,wish,0.2970542805151826
1783,last,0.34422522154040364
1783,john,0.3252128870464995
1783,night,0.2923548969102196
1783,stack,0.28069833940381694
1783,friday,0.2774550979428074
1784,scared,0.7918012125764394
1784,right,0.5031192914981963
1784,url,0.320351303379329
1784,bitcoin,0.13151753004066882
1785,bake,0.7144949596741204
1785,entry,0.26320355174428317
1785,number,0.26268301121943577
1785,stop,0.25092162410217206
1785,position,0.2500326060551632
1786,big,0.38987995979615336
1786,paused,0.30475025013541407
1786,hashrate,0.2793425460213087
1786,took,0.2687973960433736
1786,chinese,0.2644799918851384
1787,trust,0.4361264616013563
1787,never,0.3863903450783757
1787,potus,0.2755546855196517
1787,stronger,0.26601977788746334
1787,government,0.22221162627367333
1788,usd,0.3919019251037796
1788,gt,0.3682149712414877
1788,number,0.35526188993767605
1788,ret,0.2484854908870817
1788,limit,0.2359325845697361
1789,schedule,0.3736761096325266
1789,release,0.3547988658123679
1789,nfl,0.3547988658123679
1789,pick,0.34762207079363083
1789,expert,0.33592162199220926
1790,number,0.7226153044033611
1790,entry,0.3341756587106119
1790,monthly,0.20134440385838465
1790,binance,0.19885874339473741
1790,amount,0.18798849943615215
1791,number,0.5605961983653899
1791,best,0.3953879647971418
1791,hour,0.38733608858415414
1791,id,0.283631812373883
1791,ask,0.2628439620984045
1792,binance,0.6051582862181207
1792,bid,0.5478054048787582
1792,back,0.44716785581975194
1792,number,0.3383125372486784
1792,btc,0.1388460401635351
1793,user,0.5596462240032427
1793,miss,0.37297702347350603
1793,strong,0.35983764498941434
1793,giveaway,0.35522922602158225
1793,defi,0.2751439781356758
1794,number,0.8779041077376273
1794,volume,0.25593694510681125
1794,low,0.24944221847436188
1794,high,0.24173867181078282
1794,btc,0.16013267888518862
1795,gateio,0.3273174878727748
1795,altseason,0.2958731966658411
1795,coinmarketcap,0.2774794654480289
1795,advice,0.27582966461800124
1795,ath,0.25964927592426645
1796,friday,0.4948825257220533
1796,fun,0.4845404165900883
1796,used,0.4568610013696184
1796,cryptocrash,0.42539992199701887
1796,dogecoin,0.3236334881274328
1797,favorable,0.2877483259492186
1797,frame,0.2877483259492186
1797,den,0.2877483259492186
1797,wolf,0.27779148669581044
1797,focused,0.2700683621648488
1798,music,0.5535486849360677
1798,beat,0.2711758106976722
1798,everywhere,0.2620484308336482
1798,eye,0.25822188790232264
1798,nftcollection,0.2389502302933389
1799,number,0.737816005538203
1799,unknown,0.36642352530804234
1799,wallet,0.3203068895295403
1799,symbol,0.2004278524711897
1799,detail,0.19219998709290415
1800,org,0.3788088670751867
1800,pls,0.36570109664840433
1800,wednesday,0.35553392002208234
1800,pull,0.35553392002208234
1800,stockmarket,0.2971702318189303
1801,startup,0.44126795155678994
1801,domain,0.4307590738865636
1801,btcmining,0.26150099787714304
1801,linux,0.2524523843295944
1801,microsoft,0.2524523843295944
1802,cherry,0.5040687960569271
1802,belle,0.5040687960569271
1802,sweet,0.48662670683384834
1802,六合彩,0.48662670683384834
1802,url,0.0957042128779026
1803,gbtc,0.29909311454372367
1803,matrix,0.29909311454372367
1803,warning,0.29909311454372367
1803,review,0.2887437161467418
1803,majority,0.2887437161467418
1804,update,0.5529917232004444
1804,price,0.3669455762626953
1804,eth,0.3285955801571322
1804,recent,0.3162643292237017
1804,usd,0.2584217086060955
1805,elliottwave,0.4437103306489422
1805,september,0.3850776319206937
1805,rally,0.3543705727378173
1805,higher,0.3451989619296326
1805,looking,0.3096291263120987
1806,happy,0.7162874887020954
1806,make,0.6443386602620471
1806,url,0.2070333115772055
1806,bitcoin,0.16999156543173422
1807,bull,0.5834640640976161
1807,xrpholders,0.4502247490582346
1807,start,0.289831719839116
1807,via,0.2781225161029128
1807,ada,0.23488065649726775
1808,slowing,0.51050936700336
1808,tend,0.2719648731881929
1808,massively,0.26255418238408285
1808,helpful,0.23602693491439167
1808,simply,0.2325803689627243
1809,number,0.7257316278679091
1809,bearcount,0.29609733102679786
1809,bullcount,0.29609733102679786
1809,suggested,0.29609733102679786
1809,date,0.21913660151919934
1810,stack,0.5526670274640051
1810,derived,0.33163116490095496
1810,nft,0.28426166513138834
1810,concept,0.28360610614161746
1810,perfect,0.27018462446316177
1811,year,0.32286485036086343
1811,time,0.29487040760778305
1811,successfull,0.27707578921374554
1811,xem,0.26937256241559865
1811,performance,0.26937256241559865
1812,bnb,0.5067049129414347
1812,update,0.4474157461899594
1812,binancecoin,0.3110346356001107
1812,price,0.29688912496646663
1812,number,0.28430474690114066
1813,storage,0.47286367797685547
1813,wake,0.4632986933738869
1813,cold,0.44116716368578124
1813,million,0.34514156337971935
1813,sat,0.31782039963621905
1814,yacht,0.3202499842728406
1814,dao,0.3091685032466959
1814,bored,0.3091685032466959
1814,land,0.2935500329542258
1814,bayc,0.2935500329542258
1815,number,0.693761000217448
1815,inflow,0.46397444733562715
1815,exchange,0.2705615548249396
1815,unusual,0.23198722366781357
1815,gemini,0.21264593441674484
1816,number,0.46276377085708076
1816,rocket,0.28738152743007994
1816,tfuel,0.28738152743007994
1816,仮想通貨,0.2697241006474916
1816,detected,0.2534777451695228
1817,democrat,0.5929838437838819
1817,sbf,0.5724650630300846
1817,donate,0.5435454658314073
1817,url,0.11258592569622257
1817,btc,0.11196717612986967
1818,pandagirl,0.2786774864846999
1818,ongoing,0.2786774864846999
1818,rewarded,0.2690345218303663
1818,buyback,0.2690345218303663
1818,followed,0.2554435264905091
1819,arbkf,0.5578442305698278
1819,william,0.2789221152849139
1819,contribution,0.26927068583888264
1819,arb,0.26178445555872876
1819,zcash,0.2556677600452036
1820,number,0.7334716636977447
1820,detail,0.382136584832919
1820,change,0.3309942836868997
1820,low,0.3126061218445615
1820,high,0.30295187862270856
1821,trendline,0.39246515653256314
1821,kick,0.3726387339708756
1821,drive,0.3476603955896101
1821,retest,0.32467817005994304
1821,higher,0.31627504055994776
1822,took,0.39772373985751885
1822,omg,0.3913355301740715
1822,bubble,0.3913355301740715
1822,trust,0.35684134707305865
1822,guy,0.30909324747971045
1823,number,0.6025356364400193
1823,byte,0.3920551480370149
1823,information,0.33962446384962713
1823,reward,0.3090689667510452
1823,visit,0.30462903314700857
1824,cripto,0.42073788398329837
1824,nftgame,0.41090717985750136
1824,millionaire,0.3735329660369382
1824,casino,0.3692170958216819
1824,part,0.3010793354807887
1825,number,0.7901721943705917
1825,dot,0.30737742730200246
1825,hour,0.27297920318394253
1825,update,0.2664661920122699
1825,usd,0.249047664681269
1826,disease,0.3612874394063046
1826,chris,0.3612874394063046
1826,acting,0.3612874394063046
1826,breakingnews,0.32446734784227393
1826,blog,0.3186646209230054
1827,hidden,0.3227939486775007
1827,confluence,0.3227939486775007
1827,wedge,0.2941201103636309
1827,spx,0.29017735655603794
1827,divergence,0.2802010600081366
1828,claiming,0.3377720812606506
1828,boltcoiner,0.3158046427677726
1828,unlock,0.31432021101715
1828,ln,0.31146805936648825
1828,faucet,0.31146805936648825
1829,capitulation,0.39910912903751605
1829,due,0.3690451557276023
1829,cryptocurrencynews,0.3074646395021372
1829,trader,0.2878754423711531
1829,may,0.2856018341331528
1830,eye,0.25285343634739094
1830,index,0.23398243788119916
1830,underrated,0.23398243788119916
1830,bitcoiner,0.2319496845595573
1830,volatility,0.22820269573000276
1831,user,0.37859222447115115
1831,hoping,0.3756729763885616
1831,task,0.32127001709266967
1831,bnb,0.3080444709700516
1831,ax,0.2899493280251311
1832,openseanft,0.38074955845107905
1832,nftcollectors,0.3561611617774389
1832,cryptoart,0.33895893190653736
1832,nftartist,0.3357430514888211
1832,nftcollector,0.32704607671069486
1833,exchange,0.3435322286378127
1833,user,0.29684326705232517
1833,listonfegex,0.2843620226452381
1833,fegrox,0.2843620226452381
1833,facility,0.2843620226452381
1834,area,0.4230344606261604
1834,deeper,0.24276197227038832
1834,attempt,0.23785143539665918
1834,dipping,0.22984570510499602
1834,progress,0.21813167248306517
1835,scam,0.5963493643991502
1835,rise,0.5545836070841567
1835,end,0.49631644075271303
1835,crypto,0.1962305842766292
1835,user,0.182419564845739
1836,hopium,0.9659689480002911
1836,url,0.1834021438264608
1836,btc,0.18239420259171887
1837,begun,0.3035304653133605
1837,insight,0.25957480018075213
1837,strength,0.25957480018075213
1837,consider,0.2560951349157604
1837,expect,0.24241550716017377
1838,pride,0.30986127902448435
1838,deeplearning,0.29913927417554304
1838,machinelearning,0.2908226410992781
1838,cybersecurity,0.27330545224964115
1838,python,0.2689156400216218
1839,privilege,0.30630034006254203
1839,escape,0.30630034006254203
1839,oppression,0.30630034006254203
1839,planning,0.30630034006254203
1839,living,0.29570155294812034
1840,stop,0.718448403507784
1840,first,0.664442956467679
1840,btc,0.20578495838521907
1841,free,0.5039476946484787
1841,bio,0.3750620439368039
1841,telegram,0.3370961718666721
1841,hit,0.310828431444222
1841,profit,0.2931491078287065
1842,number,0.7490294887663577
1842,addr,0.37510891939499136
1842,tx,0.32770323569959126
1842,whale,0.2975467832626825
1842,alert,0.2712504305567623
1843,cryptocurrencytrading,0.49058639348404437
1843,bitzippwallet,0.49058639348404437
1843,cryptoinvestor,0.45638095026682424
1843,tokensale,0.44101983717538545
1843,token,0.3002787334588584
1844,downward,0.28555165328349796
1844,steep,0.28555165328349796
1844,consolidate,0.2680066584621897
1844,rebound,0.2680066584621897
1844,building,0.25645006581221413
1845,including,0.39753747616735596
1845,banking,0.38824885858408054
1845,giant,0.3735925074451497
1845,might,0.33827918957773473
1845,give,0.30798103397259374
1846,sweet,0.6313327500013909
1846,sol,0.3976830999539342
1846,token,0.3864269394330062
1846,user,0.3295216329596607
1846,binance,0.26909494957419317
1847,breakingnews,0.4547336771156129
1847,april,0.40831746890072257
1847,latest,0.37251981182869415
1847,breaking,0.36816778474114326
1847,analysis,0.3485825491720239
1848,accumulation,0.3265438116970006
1848,multiple,0.3123629472903525
1848,source,0.29043278420479274
1848,data,0.2795173889661161
1848,past,0.2795173889661161
1849,babydoge,0.4338805830409818
1849,babydogecards,0.27343178014827113
1849,babydogeexchange,0.27343178014827113
1849,babydogewallet,0.27343178014827113
1849,babydogearcade,0.27343178014827113
1850,number,0.4714636237774681
1850,reduction,0.3131031907417527
1850,cryptogiveaway,0.3012835801884432
1850,airdropcrypto,0.28819969543681234
1850,register,0.2813361665236953
1851,竞彩,0.9616290833386074
1851,url,0.19453060018220966
1851,btc,0.19346149919324696
1852,comparison,0.6148375805679425
1852,system,0.4674912229957372
1852,decentralized,0.46420387801444135
1852,world,0.37110027626275555
1852,bitcoin,0.1916985319730191
1853,tg,0.28150978470743965
1853,filled,0.28150978470743965
1853,backed,0.2626399088222097
1853,within,0.2626399088222097
1853,presale,0.25590495860076223
1854,storing,0.4685411622064776
1854,founder,0.4523284213666986
1854,along,0.41326510571943814
1854,bitcoinnews,0.33340429292753576
1854,stop,0.3088713110422676
1855,crashing,0.2805210432253111
1855,saying,0.27107911654762423
1855,reserve,0.27107911654762423
1855,opinion,0.267120703692583
1855,enough,0.25447938337927506
1856,cryptoupdate,0.40936930344729516
1856,apr,0.3842166481346864
1856,bearish,0.301179678912235
1856,crash,0.2993889644770079
1856,part,0.27494479937451843
1857,bit,0.7645289308143087
1857,pump,0.5893855644714497
1857,user,0.2219457919766476
1857,bitcoin,0.137332573574004
1858,number,0.8779041077376273
1858,volume,0.25593694510681125
1858,low,0.24944221847436188
1858,high,0.24173867181078282
1858,btc,0.16013267888518862
1859,mother,0.47201165049084914
1859,twtr,0.47201165049084914
1859,tsla,0.3672168992095161
1859,gift,0.33942334482189296
1859,shib,0.2670058140812016
1860,kin,0.35564209405122904
1860,head,0.28403461414632525
1860,towards,0.27899622400548707
1860,finally,0.2724021397121343
1860,cap,0.24483856045413993
1861,pack,0.3938923092241654
1861,opening,0.3610526339781489
1861,nftgaming,0.3610526339781489
1861,nft,0.337629558235124
1861,nftgiveaway,0.27749797450358177
1862,buying,0.9722574595051987
1862,bitcoin,0.23391330111068237
1863,succeed,0.49155327682214633
1863,state,0.4306603609359126
1863,need,0.3444346117326258
1863,survive,0.28319908624976237
1863,historically,0.28319908624976237
1864,user,0.31636099540135226
1864,qualified,0.31392159974149264
1864,airdrop,0.2991592488565044
1864,focused,0.2946334857402994
1864,petg,0.2877492598739638
1865,mango,0.3410920398998392
1865,la,0.3410920398998392
1865,road,0.2960195107459619
1865,mint,0.28421684047604284
1865,busd,0.28421684047604284
1866,number,0.496997606770796
1866,trx,0.4405723797611441
1866,daily,0.2509012650001778
1866,new,0.2190142982667739
1866,registration,0.20277422016713229
1867,agreed,0.31507460316764513
1867,crisis,0.2957156458044605
1867,russian,0.28880613484778134
1867,beginning,0.2779037354464195
1867,curated,0.26583517052710187
1868,lift,0.4309743710613383
1868,remarkable,0.4309743710613383
1868,final,0.4160615387421896
1868,bond,0.39504308209332745
1868,club,0.3685629583698597
1869,continuation,0.49902888728762623
1869,critical,0.48893463846782936
1869,term,0.4169942110189885
1869,weekly,0.3781586198778969
1869,close,0.3764576671265786
1870,number,0.5073403702959968
1870,trendline,0.42582688837899463
1870,nov,0.41398810193272706
1870,falling,0.35936208057047764
1870,point,0.3245169209062391
1871,proper,0.38908688648852213
1871,grovetoken,0.38908688648852213
1871,nft,0.3335105320003545
1871,happen,0.3079081866086177
1871,saitama,0.2980189977121733
1872,liquid,0.5201374630999671
1872,domain,0.4564448576288662
1872,cro,0.43475280917648357
1872,domainsforsale,0.26750589740039793
1872,usdtether,0.2539921245945217
1873,affiliate,0.7665352761482498
1873,affiliateprogram,0.43854002415914184
1873,affiliatemarketing,0.33626750601281313
1873,tip,0.2953303174875703
1873,url,0.08624707036873985
1874,timeframe,0.5886268152645515
1874,minute,0.4418363617083846
1874,btcusdt,0.42630783567815383
1874,trend,0.41197182603408017
1874,number,0.2885436997133785
1875,announced,0.5173124261529561
1875,fully,0.49668652897128374
1875,service,0.49668652897128374
1875,transaction,0.3972935959591523
1875,ethereum,0.22257573670048864
1876,producer,0.44984996519407333
1876,veteran,0.44984996519407333
1876,powered,0.4040041507485442
1876,experienced,0.3967789991989824
1876,backed,0.3847050895073037
1877,rare,0.5881506464397649
1877,finally,0.5190834499878119
1877,signal,0.3951953714098334
1877,bullish,0.3886707173608924
1877,url,0.25734223253945937
1878,shibainucoin,0.3855473945120979
1878,remains,0.346593487731228
1878,shibaarmy,0.34153238182686435
1878,shibarmy,0.31329741598915345
1878,shibainu,0.30823631008478974
1879,zesty,0.33632963573133307
1879,claiming,0.3340492392950696
1879,boltcoiner,0.31232392058187364
1879,unlock,0.3108558498780127
1879,ln,0.308035133951161
1880,science,0.5505610044043433
1880,computer,0.535254375502637
1880,insight,0.4877076433447558
1880,amazing,0.363667289032258
1880,user,0.14368156983368155
1881,wo,0.6719495832957917
1881,user,0.3838728891164442
1881,buy,0.361440517815316
1881,bitcoin,0.3562914033071399
1881,number,0.3505001117089814
1882,celr,0.5200506940212788
1882,dma,0.5020555896295783
1882,crossing,0.4880975022659417
1882,signal,0.30326179635578765
1882,day,0.2801096711555111
1883,green,0.39913435588483953
1883,coinhuntworld,0.3524201648958491
1883,vault,0.3524201648958491
1883,location,0.3501884873240143
1883,playing,0.3383737069146258
1884,unity,0.43255203866429653
1884,supply,0.35653487743570395
1884,burning,0.24081871334395002
1884,burnt,0.24081871334395002
1884,unityprotocol,0.2207411232154305
1885,pump,0.5775181398876502
1885,megapump,0.36415003191713097
1885,sky,0.35963299911003876
1885,powerful,0.3305815927201326
1885,history,0.3194942929764852
1886,user,0.4467503914619369
1886,oropay,0.35464447162950063
1886,bakeryswap,0.342372852031102
1886,project,0.3184188070751519
1886,bscgem,0.2381899480013379
1887,mining,0.4421686515233292
1887,reported,0.32938917874604395
1887,riot,0.3009429594674251
1887,mara,0.3009429594674251
1887,medium,0.27249674018880626
1888,cardano,0.36193940600856217
1888,ada,0.3112895073256329
1888,elrond,0.298343512850695
1888,cardanonewsfeed,0.298343512850695
1888,adalovelace,0.298343512850695
1889,cardano,0.5098772289074982
1889,number,0.3867308346442575
1889,price,0.3028867272175968
1889,recent,0.261053065661318
1889,alert,0.24508592413938526
1890,holy,0.542326831553658
1890,far,0.4212584978880978
1890,litecoin,0.362811033158582
1890,look,0.35088795575874127
1890,come,0.3433724925869518
1891,apart,0.3443765328805183
1891,flaw,0.3443765328805183
1891,brought,0.32321719299755086
1891,developed,0.32321719299755086
1891,experiment,0.32321719299755086
1892,could,0.5006678174498381
1892,catch,0.3850478990397231
1892,blast,0.3850478990397231
1892,dow,0.36138961054121277
1892,point,0.2832860246775807
1893,movement,0.6968512247408435
1893,weekend,0.6339423534146901
1893,crypto,0.2208395490702548
1893,url,0.154710955757547
1893,btc,0.15386069551237821
1894,etherum,0.8312150859977128
1894,nfts,0.4976078187022714
1894,url,0.19161238228240124
1894,bitcoin,0.15732970009583488
1895,number,0.7059692943971381
1895,fx,0.35354466428752046
1895,minute,0.308864237721171
1895,chart,0.2840796092873931
1895,signal,0.25565679046958006
1896,number,0.7207909775570696
1896,usd,0.4543599761237007
1896,bitstamp,0.35749251190079145
1896,coinbase,0.2820197338153138
1896,btc,0.16903891604962737
1897,breaking,0.7595563605963833
1897,time,0.5366139336855317
1897,user,0.2631812507874084
1897,url,0.19833275542933954
1897,bitcoin,0.16284768530715393
1898,winner,0.9422129861597284
1898,user,0.28488698293243836
1898,bitcoin,0.17627846058897859
1899,cant,0.43020083386072794
1899,drink,0.41531476793730926
1899,voice,0.4037682381624799
1899,fan,0.3794479704809727
1899,hear,0.3629696296702719
1900,core,0.35518690181526535
1900,chain,0.30517925933839096
1900,send,0.28774586648470685
1900,smart,0.28774586648470685
1900,thank,0.2767684306407046
1901,user,0.4549324711431432
1901,bsc,0.4071823289924485
1901,yieldfarming,0.3541362370507936
1901,address,0.3228953118298933
1901,pancakeswap,0.3008795063017011
1902,event,0.39661157473172787
1902,liquidity,0.39346634821615395
1902,elon,0.37737857200300307
1902,pancakeswap,0.33978394159440745
1902,elonmusk,0.3292463461592214
1903,bollinger,0.6143115344220185
1903,band,0.4203193932393777
1903,number,0.2826582455924542
1903,calculation,0.24574754737620694
1903,alarm,0.22525902942510653
1904,number,0.7943905504646309
1904,multiple,0.24280040193498578
1904,symbol,0.21579633791881483
1904,detail,0.20693757305339652
1904,address,0.2058386376210789
1905,project,0.41005965875740286
1905,see,0.3406116360065142
1905,facility,0.29393844783910106
1905,revenue,0.27908936435491916
1905,achievement,0.27344400482058473
1906,hashtags,0.5732557518096123
1906,use,0.4019174766383769
1906,tweet,0.3261664078252379
1906,shib,0.3242772048729849
1906,user,0.28885517978275765
1907,mcdonald,0.4745326919664892
1907,moved,0.44537623803824755
1907,application,0.43496984919737874
1907,morning,0.38660853002989254
1907,job,0.3755266644644877
1908,cashapp,0.4749081334023652
1908,cash,0.3965383372317674
1908,account,0.3656578894887518
1908,paypal,0.2374540667011826
1908,cheap,0.22946171125670936
1909,number,0.8269481501316446
1909,apple,0.23998340847851168
1909,invested,0.23647906841271743
1909,amazon,0.2169290088188029
1909,tesla,0.2151307077326643
1910,user,0.36671776642505394
1910,im,0.34153177975570603
1910,bsc,0.32822672305771455
1910,achieve,0.32096021537708874
1910,excited,0.296466421090268
1911,beautiful,0.5002735395735094
1911,renounce,0.29646845946655315
1911,discover,0.2862098809504961
1911,bird,0.2782527092644074
1911,perhaps,0.2662543013398726
1912,business,0.38360231856335686
1912,asic,0.2756938757372376
1912,production,0.2617664654001563
1912,initial,0.24422000349600018
1912,imagine,0.24094617312961086
1913,miner,0.5970686966535163
1913,bitcoins,0.36491049095802053
1913,sent,0.2700136608253534
1913,machine,0.25637320167160565
1913,force,0.242732742517858
1914,mooooon,0.4877292872183318
1914,gon,0.38952644307331646
1914,meme,0.3735736113942965
1914,na,0.361044412258421
1914,first,0.2973519383576124
1915,akin,0.4873533252631387
1915,mexico,0.4574091401408763
1915,governor,0.44672159786731513
1915,bank,0.3312745792344223
1915,transaction,0.32482641567984427
1916,perfect,0.5905532402374674
1916,double,0.5789110944828135
1916,bottom,0.5332908771254744
1916,url,0.13762426243969592
1916,bitcoin,0.11300096412159949
1917,relief,0.38310638974823374
1917,talking,0.36864416623469776
1917,worst,0.36272303054053345
1917,remember,0.3307508898436384
1917,case,0.317789421041484
1918,number,0.42589517524979337
1918,chiliz,0.26448571322189196
1918,chzusdt,0.26448571322189196
1918,conversion,0.26448571322189196
1918,filled,0.24243495283379063
1919,fil,0.6821996043914937
1919,entry,0.26263149650093215
1919,number,0.26211208733595676
1919,stop,0.2503762628037149
1919,position,0.24948917697772602
1920,squeezed,0.5572044298649492
1920,longs,0.4914683408626547
1920,bit,0.48357441223940645
1920,getting,0.40288303483758875
1920,btc,0.2104226184002762
1921,cpi,0.5235991067088105
1921,inflation,0.4494597683662062
1921,historically,0.30166168261508425
1921,nearly,0.2831268480294333
1921,highest,0.26179955335440525
1922,user,0.36091818046888086
1922,xlc,0.34574280503885907
1922,liquidchain,0.34574280503885907
1922,legitcommunity,0.34574280503885907
1922,beautiful,0.30216632683059014
1923,dolar,0.3966470385353489
1923,wedge,0.36141281838582284
1923,altcoinseason,0.3443091826908206
1923,falling,0.3443091826908206
1923,weekly,0.2935517308645537
1924,exposure,0.4233026739258543
1924,increasing,0.388010991359429
1924,ankr,0.388010991359429
1924,capital,0.35271930879300367
1924,added,0.3413579246590248
1925,user,0.5675579852540517
1925,omg,0.2792924574554662
1925,truly,0.2792924574554662
1925,nft,0.27585027068171153
1925,bscgems,0.23268847569047812
1926,grab,0.6615982118543713
1926,guy,0.5303017636594791
1926,come,0.47287310932422294
1926,url,0.14688428182290972
1926,btc,0.1460770354009439
1927,min,0.6319282075103057
1927,delayed,0.47469795124415065
1927,derivs,0.2427505878421368
1927,oi,0.23994580184715653
1927,sheet,0.23493138824497997
1928,performance,0.35883193294384697
1928,ytd,0.3433589051368889
1928,cryptomarket,0.2999268499903885
1928,march,0.2848202468007787
1928,cryptos,0.27799499759339996
1929,itoldyouso,0.4581999763505256
1929,thanksgiving,0.4581999763505256
1929,currencytimes,0.4454611573192793
1929,coinmarketcap,0.34918801405571126
1929,ada,0.24760922650685036
1930,good,0.3706551022425773
1930,project,0.30992085186539414
1930,recommend,0.30445721250179153
1930,cyclicallnvesting,0.30445721250179153
1930,seasonaltokens,0.27567881328916444
1931,cooling,0.706737729050931
1931,zec,0.6347115663418925
1931,btc,0.266892356733786
1931,number,0.16257761163468892
1932,heart,0.43278822392090244
1932,steve,0.4178126275829104
1932,mine,0.35259871848012514
1932,job,0.342491720591515
1932,matter,0.3395162785499174
1933,great,0.39145320846645587
1933,vision,0.3231671012918287
1933,behind,0.2873869988615354
1933,must,0.28476305861589196
1933,hand,0.27561722943739936
1934,phone,0.6885247139917265
1934,app,0.5613419999502187
1934,binance,0.32121210365658137
1934,cryptocurrency,0.26667720603652484
1934,btc,0.14739624214363053
1935,number,0.7800154697311604
1935,hour,0.47157316481370676
1935,day,0.22829331255707264
1935,current,0.22509486167551632
1935,btc,0.16006214271459798
1936,sun,0.5919847386145911
1936,nbafinals,0.31536944231153186
1936,victory,0.31536944231153186
1936,buck,0.31536944231153186
1936,paris,0.289076392598459
1937,domainnames,0.5514380485009175
1937,startup,0.48193630398591647
1937,bigdata,0.2856015805383501
1937,venturecapital,0.27571902425045874
1937,tech,0.2379791064001673
1938,proud,0.45681533103478456
1938,dash,0.3943867324511724
1938,made,0.35283692583906556
1938,much,0.33216591119846417
1938,everyone,0.32510556024997406
1939,number,0.5141690959089928
1939,summary,0.29968594282549793
1939,median,0.29968594282549793
1939,mempool,0.29968594282549793
1939,quant,0.2926836643363687
1940,surveyj,0.4333036715953346
1940,apps,0.22441725556863143
1940,inner,0.22441725556863143
1940,peace,0.2166518357976673
1940,testing,0.2106285082737426
1941,community,0.3625774813811095
1941,giveaway,0.34665969578136047
1941,token,0.3202297736172532
1941,airdrop,0.2582246782380861
1941,sharing,0.254318184526356
1942,cardano,0.5098772289074982
1942,number,0.3867308346442575
1942,price,0.3028867272175968
1942,recent,0.261053065661318
1942,alert,0.24508592413938526
1943,ascending,0.4003979851284649
1943,triangle,0.3648305677905293
1943,lol,0.3440249624003375
1943,ath,0.2936957331146581
1943,btcusdt,0.28998474759138115
1944,orijin,0.49022583248714047
1944,launchpad,0.4301960081513679
1944,invest,0.3310468132786328
1944,platform,0.32442755897270015
1944,individual,0.23938575772342743
1945,number,0.5605961983653899
1945,best,0.3953879647971418
1945,hour,0.38733608858415414
1945,id,0.283631812373883
1945,ask,0.2628439620984045
1946,enter,0.5441767379501062
1946,forming,0.3071537790186974
1946,buy,0.3018984376578875
1946,zone,0.24752534664620487
1946,higher,0.24752534664620487
1947,progressive,0.4721189768946611
1947,explained,0.43275737090331706
1947,stablecoin,0.4097323074302196
1947,stable,0.4097323074302196
1947,coin,0.2612371258107485
1948,affiliatemarketing,0.6199910590514828
1948,networking,0.4187681446465392
1948,affiliate,0.3533236256563587
1948,marketing,0.3285177234203846
1948,shopping,0.3161709740550815
1949,moon,0.8999889034289577
1949,number,0.33694261095309513
1949,btc,0.27656762397079976
1950,update,0.5529917232004444
1950,price,0.3669455762626953
1950,eth,0.3285955801571322
1950,recent,0.3162643292237017
1950,usd,0.2584217086060955
1951,project,0.3493465981300046
1951,bright,0.34318791660342973
1951,tokensale,0.3376756573330288
1951,wish,0.31376896088501754
1951,wonderful,0.29802202249773796
1952,broker,0.3660332098898144
1952,market,0.3654248592956629
1952,forextrading,0.3439858450813439
1952,weakly,0.3439858450813439
1952,suggests,0.3144984888703079
1953,dirty,0.43698384102888416
1953,stacksats,0.4218630654444961
1953,reading,0.40055152922414006
1953,ta,0.3399658693602563
1953,hand,0.33470541116189845
1954,stablecoins,0.5258067484922255
1954,tusd,0.28681584743927824
1954,incl,0.28681584743927824
1954,clarification,0.28681584743927824
1954,example,0.26290337424611276
1955,cnn,0.3425776609323688
1955,inner,0.3425776609323688
1955,la,0.3425776609323688
1955,benzinga,0.33072358431711807
1955,interview,0.33072358431711807
1956,watchinwhales,0.4546604341977869
1956,whalealert,0.44617252868804913
1956,hash,0.4256734311318184
1956,large,0.4227872621111957
1956,transaction,0.3757816689782718
1957,kodk,0.4453623991608124
1957,eastmankodak,0.4453623991608124
1957,elonforpresident,0.4453623991608124
1957,button,0.41799823965750804
1957,hit,0.3039920717023792
1958,credit,0.4434558752115817
1958,card,0.4197681495508901
1958,fast,0.4159355247424988
1958,exchange,0.306495001006944
1958,xrp,0.26889824334339757
1959,youtube,0.6491283019914854
1959,number,0.5309519517180052
1959,game,0.5108811484720879
1959,url,0.14607394097117207
1959,bitcoin,0.11993885286046027
1960,beach,0.43020286261486645
1960,vibe,0.41531672649128665
1960,feeling,0.386359354469061
1960,rn,0.386359354469061
1960,massive,0.32710437477539117
1961,number,0.8187766459642499
1961,longed,0.34338802672474256
1961,utc,0.2819857234232413
1961,btcusd,0.26172237247183316
1961,binance,0.18307386562463332
1962,bought,0.5304630511049199
1962,soon,0.44661429957154414
1962,moon,0.44302519703102683
1962,buy,0.34207857959066
1962,price,0.25980568341110755
1963,evolution,0.4787869240674069
1963,bitcoincrash,0.4374386384873954
1963,bad,0.3999402671503476
1963,fear,0.3924739143697256
1963,yesterday,0.38583897527837635
1964,trade,0.3849125725489611
1964,number,0.37461862467190493
1964,binance,0.26804039452454553
1964,telegram,0.24110082212312792
1964,please,0.23059148886952677
1965,sarang,0.40819118027508305
1965,trial,0.40819118027508305
1965,turned,0.39406670551662615
1965,paris,0.3741593764429012
1965,mass,0.36659096118621526
1966,oxt,0.6932537682995117
1966,volume,0.4184302864156429
1966,number,0.3986894192639047
1966,bear,0.22314070069613884
1966,whale,0.22172725961098103
1967,number,0.43119648557548795
1967,binance,0.3856524625960463
1967,fall,0.3447649842129394
1967,min,0.33882635052560145
1967,price,0.33771212586094357
1968,binancenft,0.3076596599210344
1968,vision,0.2862085247745386
1968,inspiration,0.28109001308984155
1968,approach,0.2725364973036456
1968,achieving,0.2688830772395653
1969,number,0.5627997651937315
1969,notified,0.3936464334799105
1969,transfer,0.37376033556735255
1969,activity,0.3440323128668376
1969,whalealert,0.3226820718349261
1970,certainty,0.8400805920784657
1970,world,0.5252253727245862
1970,bitcoin,0.1356573133281576
1971,number,0.7824307537090378
1971,ranking,0.354267804248404
1971,cap,0.292698246919677
1971,change,0.26481606551052134
1971,market,0.1991874491806569
1972,usdcad,0.4362278782810173
1972,usdjpy,0.4362278782810173
1972,fx,0.35178101245469756
1972,halloween,0.21811393914050864
1972,eurusd,0.21811393914050864
1973,closed,0.5745455254749279
1973,open,0.4700295258947091
1973,always,0.4353843003990105
1973,day,0.3376088742108684
1973,market,0.2936567159997704
1974,mill,0.30706427515039025
1974,poker,0.2964390538982732
1974,vega,0.2964390538982732
1974,release,0.28146364563961324
1974,released,0.2757702596549742
1975,usdt,0.6088420064887994
1975,number,0.5405211868341094
1975,profit,0.34906371845675105
1975,apiece,0.16963982344400685
1975,monthly,0.1506069902931246
1976,became,0.3736725840160308
1976,president,0.3414020270299331
1976,september,0.3359184525875263
1976,official,0.3359184525875263
1976,salvador,0.3091314700438354
1977,short,0.3442143575706043
1977,centralised,0.2647244551825987
1977,humanity,0.25556430164215943
1977,slavery,0.25556430164215943
1977,fool,0.24845913455900848
1978,expiry,0.3074974510731127
1978,derivative,0.3074974510731127
1978,mood,0.2989484449972301
1978,monero,0.2764293457896745
1978,latest,0.23433965475648869
1979,update,0.5529917232004444
1979,price,0.3669455762626953
1979,eth,0.3285955801571322
1979,recent,0.3162643292237017
1979,usd,0.2584217086060955
1980,greg,0.28383963772038295
1980,livestream,0.27401804922910455
1980,asking,0.27401804922910455
1980,podcast,0.26639983333955525
1980,canadian,0.2601752977309986
1981,number,0.8127426372779946
1981,shorted,0.3290040720165779
1981,btcusdt,0.30019591053756073
1981,utc,0.2799076178581613
1981,binance,0.18172469512636583
1982,including,0.4025880551041225
1982,solution,0.3619086977614506
1982,clear,0.33650006068448735
1982,increase,0.32165750557035955
1982,financial,0.3036871076855133
1983,user,0.2941837595218284
1983,marvininu,0.29191536804307383
1983,amidst,0.29191536804307383
1983,marvin,0.2818143383129571
1983,held,0.2739793709592425
1984,number,0.7490294887663577
1984,addr,0.37510891939499136
1984,tx,0.32770323569959126
1984,whale,0.2975467832626825
1984,alert,0.2712504305567623
1985,eastern,0.35609406924612536
1985,middle,0.3264057170817774
1985,accepting,0.3198032525584589
1985,tender,0.3045264229891631
1985,multiple,0.3004441699522362
1986,business,0.8857865674607325
1986,user,0.3322772426673395
1986,url,0.25040332815315325
1986,bitcoin,0.20560195563599998
1987,conference,0.5133345772882628
1987,sense,0.4610188195918523
1987,cap,0.35340051427233005
1987,make,0.30333024892209787
1987,year,0.28873460480031593
1988,claim,0.3050419730537987
1988,boltcoiner,0.295790112170293
1988,unlock,0.2943997582154632
1988,ln,0.2917283653908292
1988,faucet,0.2917283653908292
1989,avg,0.6089000259643557
1989,offer,0.5998558496145578
1989,big,0.25232523838219095
1989,volume,0.23808647153127646
1989,alert,0.2300254393645497
1990,user,0.5550240316474658
1990,bounty,0.43205120431719846
1990,airdropstario,0.41028981115942653
1990,great,0.2995648875922164
1990,airdrop,0.26242263556276396
1991,ing,0.9826364554482788
1991,btc,0.18554136041336589
1992,cryptoinvesting,0.3075455295471623
1992,burst,0.296903655643278
1992,personalfinance,0.296903655643278
1992,asks,0.2886491769567453
1992,whether,0.2886491769567453
1993,century,0.4721053866632424
1993,building,0.4239914428367487
1993,magazine,0.4239914428367487
1993,cryptocurrencynews,0.34135272576379255
1993,via,0.29163909420611617
1994,number,0.8646806460181414
1994,rsi,0.27850559065460756
1994,last,0.18290056569507193
1994,bb,0.1640691761853916
1994,bollinger,0.14914620386292457
1995,number,0.9013041457302107
1995,last,0.23550549908097446
1995,fibonacci,0.17523991804115147
1995,price,0.1660939757350074
1995,indicator,0.15139389533488745
1996,continued,0.3179786177657952
1996,upward,0.3179786177657952
1996,trajectory,0.295808007861524
1996,predicted,0.2905178204156437
1996,fib,0.2858515443863122
1997,tomorrow,0.5528787830651491
1997,likely,0.49166568491707
1997,break,0.4058276275630274
1997,big,0.3937935825242816
1997,day,0.3315844926716092
1998,increasingly,0.3094581254853736
1998,stage,0.29382502415421974
1998,member,0.28273316224092454
1998,special,0.28273316224092454
1998,cryptoartist,0.2640139365186516
1999,brise,0.5707176967443247
1999,shib,0.343976231610161
1999,everrise,0.28535884837216235
1999,bitgert,0.28535884837216235
1999,cmc,0.26386342224172676
2000,project,0.4129473175600756
2000,strong,0.3973586043654216
2000,user,0.30900080300776844
2000,completed,0.2960083757830462
2000,task,0.2622153516296503
2001,saylor,0.6314446183320135
2001,bag,0.5192619645716433
2001,whale,0.4303593148508575
2001,cryptonews,0.34513560223983325
2001,url,0.12773667385296864
2002,millionaire,0.8424553903480696
2002,url,0.38391928513824514
2002,eth,0.3262365772649053
2002,btc,0.19090467104526282
2003,omg,0.6967275346644871
2003,burency,0.3875166371894408
2003,available,0.3074550156361886
2003,moon,0.24664249603404462
2003,trade,0.23719166808336234
2004,number,0.655268916508411
2004,chng,0.4120164979252908
2004,volume,0.2865475680711834
2004,signal,0.27684576036802844
2004,usdt,0.2665338088520946
2005,next,0.8059490015198449
2005,user,0.3547642109961216
2005,number,0.32392205625849874
2005,url,0.26734945321546727
2005,bitcoin,0.21951613353036484
2006,claim,0.3050419730537987
2006,boltcoiner,0.295790112170293
2006,unlock,0.2943997582154632
2006,ln,0.2917283653908292
2006,faucet,0.2917283653908292
2007,number,0.6453072507966174
2007,chng,0.44263947800364056
2007,volume,0.3078451144382091
2007,signal,0.2974222233184585
2007,usdt,0.2863438396634442
2008,blue,0.38098273121250936
2008,coinhuntworld,0.355375807463369
2008,vault,0.355375807463369
2008,location,0.35312541347889576
2008,playing,0.341211546038224
2009,nftdrop,0.43385486133639395
2009,giveaway,0.38382821370123255
2009,nfts,0.29585908921301884
2009,project,0.269373934535183
2009,airdropcrypto,0.25313319077184226
2010,ustc,0.6749388220054727
2010,lfgburnustc,0.33746941100273636
2010,terra,0.2949356887670263
2010,lunc,0.2818949298884845
2010,burn,0.27918134639930575
2011,user,0.7101207054923597
2011,lol,0.5245263531140062
2011,kinda,0.21681387948785244
2011,international,0.20931155627242792
2011,tender,0.18541604839030215
2012,jasmy,0.65713657210262
2012,number,0.4697569659277029
2012,volume,0.4108472499758905
2012,bear,0.21909681544331588
2012,whale,0.2177089895576361
2013,pandagirl,0.7492662613195675
2013,babydoge,0.28694822155692457
2013,giveaway,0.23964205091717194
2013,nftart,0.2353472665681738
2013,next,0.21442513146101685
2014,help,0.4692255270070124
2014,stolen,0.3207976076975647
2014,contact,0.3010870148817915
2014,cyber,0.2881039792992003
2014,recover,0.2881039792992003
2015,dominance,0.6881332395307378
2015,wednesday,0.4183996329824651
2015,october,0.4086235629997679
2015,number,0.307648007860178
2015,cryptocurrencies,0.23638631434169047
2016,number,0.720587949402615
2016,low,0.335034626237207
2016,high,0.3246877214793888
2016,year,0.3203466314208098
2016,day,0.30676391121418434
2017,number,0.8746915067380983
2017,oct,0.1736791152899379
2017,tictoknextblock,0.1688487642554838
2017,recipient,0.1688487642554838
2017,remaining,0.16304374430509325
2018,kiba,0.3616463996953832
2018,till,0.30134387516384376
2018,kishu,0.28619285560790975
2018,yesterday,0.2813546431922205
2018,meme,0.27700110516732485
2019,etp,0.44299374775156863
2019,east,0.4157751240076647
2019,middle,0.4060603766968469
2019,spot,0.3344613636864463
2019,launch,0.32211014122868986
2020,number,0.47761443088341865
2020,owning,0.3897318314758725
2020,canadian,0.3806255958134895
2020,citizen,0.3806255958134895
2020,canada,0.3729263832644767
2021,great,0.35069063787069493
2021,shared,0.31121423124044734
2021,shibaswap,0.284337609797707
2021,wonderful,0.2469168214975504
2021,user,0.24365555646783346
2022,number,0.7662137744908949
2022,progress,0.27433333370550694
2022,supply,0.24656378351932237
2022,mined,0.24656378351932237
2022,per,0.24359479639849663
2023,zrx,0.5279279675664954
2023,far,0.41007401749432815
2023,well,0.37813947780667945
2023,target,0.3498044980524071
2023,first,0.33339607482322947
2024,forecast,0.5409497743204204
2024,app,0.3889967156309522
2024,win,0.37926731235863925
2024,community,0.3619189026273703
2024,need,0.32895908661333445
2025,blue,0.38098273121250936
2025,coinhuntworld,0.355375807463369
2025,vault,0.355375807463369
2025,location,0.35312541347889576
2025,playing,0.341211546038224
2026,hello,0.7146123007846493
2026,week,0.5007335358465658
2026,next,0.4712932707766437
2026,bitcoin,0.1283660335389356
2027,worst,0.5475286153287597
2027,tsla,0.4908265086588635
2027,trader,0.42710232041353036
2027,crypto,0.34196770182681147
2027,buy,0.29932238886424845
2028,unthinkable,0.7102852910277991
2028,ago,0.5080533964625573
2028,year,0.39951320615058467
2028,price,0.2559391489591033
2028,bitcoin,0.11072895661833354
2029,meaningful,0.3099998545026455
2029,informative,0.3099998545026455
2029,orijin,0.2909527021597543
2029,project,0.278334477936895
2029,concept,0.2651073268889575
2030,giveaway,0.47618441592943694
2030,pushing,0.34934074434570933
2030,slot,0.3411782621270064
2030,january,0.31830874990821884
2030,casino,0.3065627793208836
2031,received,0.562382155379694
2031,casino,0.46319367495396646
2031,wow,0.4340539200163562
2031,free,0.3111823609484451
2031,money,0.2955403777793289
2032,bidcoin,0.4106105850024565
2032,easier,0.3621688775889892
2032,fun,0.33112282480884586
2032,reason,0.3194479323771072
2032,safe,0.3145049582544876
2033,update,0.5529917232004444
2033,price,0.3669455762626953
2033,eth,0.3285955801571322
2033,recent,0.3162643292237017
2033,usd,0.2584217086060955
2034,surveyj,0.45933176500908945
2034,apps,0.2378977628306468
2034,testing,0.22328074006481943
2034,joined,0.22328074006481943
2034,signup,0.21806369882340518
2035,south,0.4436605731668456
2035,korea,0.39883105881366643
2035,control,0.38933282357275917
2035,increase,0.35447339153630597
2035,breaking,0.3437136125482574
2036,customer,0.5381558030524101
2036,forex,0.35227270337410166
2036,trading,0.27277129508918324
2036,simplified,0.26907790152620503
2036,secured,0.2525450944682863
2037,japan,0.7869303895631866
2037,volatile,0.36066112901374753
2037,governor,0.36066112901374753
2037,bank,0.2674548630078283
2037,trading,0.19943297116623426
2038,suggest,0.4533498584679223
2038,might,0.37504680350416403
2038,run,0.3476235186299634
2038,indicator,0.30847199114808427
2038,bull,0.3042860976037163
2039,random,0.34586418294449417
2039,bitcoinmining,0.2704878878284057
2039,bitcoinnews,0.25493114718539006
2039,safemoon,0.24885180637835447
2039,cap,0.24664148233527702
2040,hard,0.41677888874848806
2040,lazy,0.2776222728760373
2040,blood,0.26565104971091824
2040,god,0.2567096251946604
2040,either,0.24362647916624008
2041,donut,0.37168277742532635
2041,bsc,0.3352556906446434
2041,presale,0.30970674276129984
2041,nftproject,0.2968455535402116
2041,utility,0.2941352534996389
2042,bnb,0.5067049129414347
2042,update,0.4474157461899594
2042,binancecoin,0.3110346356001107
2042,price,0.29688912496646663
2042,number,0.28430474690114066
2043,user,0.6986534495618961
2043,ecosystem,0.36574926013822323
2043,shibainu,0.356714665769807
2043,leash,0.23108875803219533
2043,shibaswap,0.20382610477382845
2044,successfull,0.318776758319544
2044,journey,0.3099141663396321
2044,tokenization,0.3026729014341906
2044,process,0.2912470331397245
2044,develop,0.27859900693972006
2045,answer,0.8421191549396054
2045,user,0.5151980331097448
2045,bitcoin,0.1593935869589963
2046,number,0.7140748361528948
2046,usd,0.24237573713086755
2046,tuesday,0.23051757402365355
2046,carbonaraindex,0.22410875296172755
2046,carbonara,0.22410875296172755
2047,bull,0.5836051674793604
2047,hope,0.5609901583861482
2047,bullish,0.516542870480505
2047,url,0.17100374372732333
2047,btc,0.17006394160177618
2048,user,0.5341392595769084
2048,golden,0.34112035336759217
2048,heco,0.31733621864162015
2048,hswap,0.31733621864162015
2048,biggest,0.27489791590761864
2049,number,0.4743809679799194
2049,registration,0.27649524014313287
2049,reduction,0.27003482143230856
2049,cryptogiveaway,0.25984103702020755
2049,enter,0.25193412354568473
2050,bnb,0.4524358462422053
2050,user,0.3707012235818316
2050,favorite,0.3145737834493843
2050,event,0.2861753521013469
2050,wow,0.2839059117650641
2051,number,0.7494217248311251
2051,usdt,0.3048309201359503
2051,hour,0.3020514235703262
2051,update,0.29484477825380534
2051,xrp,0.27778523499886576
2052,user,0.2944457611462064
2052,ring,0.2921753494259092
2052,predictable,0.28206532366487125
2052,transparent,0.28206532366487125
2052,planned,0.2742233784474671
2053,asked,0.4053580515076844
2053,night,0.3748233612316819
2053,saving,0.35987868231193054
2053,lost,0.3557205762615474
2053,crash,0.31586275054057744
2054,nt,0.5170467031106837
2054,nextype,0.5170467031106837
2054,number,0.4162941233217158
2054,airdrop,0.24636613640746463
2054,valued,0.24263904196697267
2055,river,0.36995925909682664
2055,resource,0.3472280536903406
2055,production,0.3391149353096302
2055,quality,0.32631338429804524
2055,king,0.31214252669472065
2056,number,0.6610804693202722
2056,fx,0.38624208378807956
2056,chance,0.35916526012432176
2056,billion,0.32557030860486613
2056,big,0.3063779175850573
2057,tokenization,0.6808786232262344
2057,course,0.42976809968146185
2057,fundamental,0.2390350323100921
2057,blockchains,0.22236865237537187
2057,road,0.21488404984073092
2058,entertainment,0.4128671611422662
2058,table,0.4128671611422662
2058,leaf,0.3985808853040186
2058,white,0.3874995888630132
2058,industry,0.3483448398692308
2059,btcprinter,0.31879710660478966
2059,wan,0.2689759261641867
2059,profile,0.2689759261641867
2059,passive,0.2625702148626455
2059,reached,0.257082993803565
2060,shake,0.39696744000428563
2060,fully,0.37501800837211086
2060,correction,0.3666732217548144
2060,put,0.3501417039879236
2060,wonderful,0.3447237901226396
2061,rejected,0.28619453616698814
2061,attacking,0.28040545474799844
2061,htf,0.28040545474799844
2061,ema,0.2634312922956962
2061,stuff,0.2517835192565898
2062,staking,0.5084746113082111
2062,payouts,0.28794338662980395
2062,betfurysuccess,0.28794338662980395
2062,username,0.28794338662980395
2062,hunt,0.255805971521527
2063,perhaps,0.7635368649539991
2063,fall,0.6254927302967705
2063,btc,0.16053130598767942
2064,user,0.5484037665382095
2064,task,0.4653705915263465
2064,done,0.40806787273109635
2064,giveaway,0.34809320098898744
2064,airdrop,0.2592924874628007
2065,coinhuntworld,0.3811569939090602
2065,vault,0.3811569939090602
2065,location,0.3787433422529292
2065,playing,0.36596516826317177
2065,found,0.36045041552561885
2066,dba,0.3645623559279455
2066,cmc,0.31638841607055784
2066,public,0.31638841607055784
2066,babydogecoin,0.29398880964821456
2066,shibarmy,0.28599404406776996
2067,btcprinter,0.31118908919137606
2067,nasdaq,0.270067990912256
2067,wan,0.26255687941736955
2067,profile,0.26255687941736955
2067,announcement,0.2593000403837102
2068,number,0.7108581650926249
2068,stimulus,0.4720872373398269
2068,worth,0.35303538130382695
2068,change,0.3207894739540716
2068,btc,0.19449440083559505
2069,welcome,0.5988346117120412
2069,stock,0.44710846690721967
2069,join,0.3831655843804936
2069,dogecoin,0.37165550087219895
2069,binance,0.28393013988486415
2070,satoshi,0.4562800972352677
2070,view,0.45188784321782816
2070,whole,0.45188784321782816
2070,made,0.40058891090788235
2070,coin,0.3130804773892402
2071,ripple,0.4205325882848566
2071,trump,0.30674724515093627
2071,collect,0.30674724515093627
2071,dis,0.30674724515093627
2071,music,0.28117304713420344
2072,number,0.8127426372779946
2072,shorted,0.3290040720165779
2072,btcusdt,0.30019591053756073
2072,utc,0.2799076178581613
2072,binance,0.18172469512636583
2073,nft,0.7275878185212203
2073,opensea,0.3730448270699777
2073,news,0.3148034783051515
2073,money,0.29738324308901337
2073,airdrop,0.2696388341171315
2074,number,0.799200533053897
2074,btcusd,0.5109297159918079
2074,bitcoin,0.27080189129108595
2074,btc,0.1639989907166137
2075,matter,0.7730269275795166
2075,sell,0.6154927641739173
2075,bitcoin,0.15361649158382562
2076,indiawantscrypto,0.5049776682832615
2076,earned,0.4535135929903746
2076,continue,0.3867849156444068
2076,save,0.38125937538048144
2076,hard,0.3557578476060016
2077,number,0.6850235271079452
2077,day,0.40098253496665254
2077,avg,0.2872930956116832
2077,moving,0.26767143585976094
2077,low,0.21896811981315678
2078,mayor,0.5545002119836603
2078,america,0.47420044501051206
2078,ahead,0.4620403875140864
2078,way,0.3483410796370241
2078,first,0.3380598975169583
2079,shift,0.6921796774758865
2079,user,0.30106703850286404
2079,movetoearn,0.23899645716147894
2079,traintoearn,0.23899645716147894
2079,letsgetfit,0.23899645716147894
2080,exchange,0.47726470440055085
2080,kraken,0.3840769146277532
2080,okex,0.36751530950166794
2080,huobi,0.3452680084539911
2080,bitfinex,0.33704538713856413
2081,cardano,0.5098772289074982
2081,number,0.3867308346442575
2081,price,0.3028867272175968
2081,recent,0.261053065661318
2081,alert,0.24508592413938526
2082,lrc,0.6687136937848733
2082,timeframe,0.35578705248099585
2082,reversal,0.3198366846986553
2082,binance,0.31196982179376526
2082,trend,0.2490104730006275
2083,lasvegas,0.43122781008484046
2083,ton,0.42115200476009884
2083,sport,0.4052535635202724
2083,choose,0.3784224947126198
2083,bet,0.3669475278790327
2084,guide,0.31646178212586235
2084,create,0.31184067223569417
2084,curated,0.30766036985412787
2084,write,0.30766036985412787
2084,article,0.29122632343565535
2085,next,0.8372210017029849
2085,eth,0.47199192881206653
2085,btc,0.2761966933975055
2086,stay,0.6702827441714335
2086,right,0.5558847514963423
2086,user,0.46967861558674395
2086,bitcoin,0.14531064647981604
2087,wait,0.5419521632702727
2087,mana,0.5022562401211071
2087,avax,0.4734620037497616
2087,ca,0.2669511918923515
2087,bounce,0.2598966015722881
2088,inflation,0.43310878268213165
2088,anytime,0.290687472683453
2088,discussion,0.2806289313211675
2088,moonshot,0.2728269205059212
2088,peak,0.2522754956961295
2089,daily,0.30945182045370573
2089,featured,0.2500938031211407
2089,receive,0.2442502642439122
2089,subscribe,0.23930962252078464
2089,iota,0.23502984399183266
2090,number,0.48895883333470935
2090,reported,0.3419989004338876
2090,control,0.29177607098530906
2090,broke,0.2856785027516696
2090,risk,0.2713413236734326
2091,president,0.3633946427214872
2091,regulation,0.3575578244908784
2091,return,0.34330154424009096
2091,two,0.31326407331919087
2091,bitcoinmining,0.31106123607093833
2092,btfa,0.5578881872112832
2092,user,0.2811116889920229
2092,inswaywetrust,0.2789440936056416
2092,bandex,0.2789440936056416
2092,volt,0.26180508347745773
2093,kong,0.46494555410167127
2093,hong,0.46494555410167127
2093,hub,0.23247277705083563
2093,appropriate,0.23247277705083563
2093,crisis,0.2260095976763427
2094,little,0.39494062009033537
2094,small,0.36108528879303375
2094,head,0.3576094012407399
2094,set,0.3404582589389671
2094,loss,0.32942853069065103
2095,iota,0.5400358619015543
2095,sys,0.4081787160617591
2095,rose,0.35424123019991294
2095,miota,0.20408935803087955
2095,hoy,0.20408935803087955
2096,knowledge,0.3283225821679655
2096,spread,0.32065119747459414
2096,clean,0.3085466505083896
2096,dedicated,0.3085466505083896
2096,movement,0.2991576344530313
2097,user,0.43871322535115825
2097,benzinga,0.33621346742577385
2097,joined,0.3268661022174259
2097,former,0.3268661022174259
2097,player,0.31922874874397544
2098,number,0.8646806460181414
2098,rsi,0.27850559065460756
2098,last,0.18290056569507193
2098,bb,0.1640691761853916
2098,bollinger,0.14914620386292457
2099,watching,0.461088919638836
2099,retest,0.43645930383235193
2099,level,0.37960067822614263
2099,number,0.37714587554834067
2099,week,0.33233079658972114
2100,egg,0.4987507610859756
2100,style,0.2493753805429878
2100,hatch,0.2493753805429878
2100,bird,0.23405314475875058
2100,apy,0.23405314475875058
2101,market,0.40387319809009886
2101,weakly,0.38017846847776443
2101,suggests,0.347588586992615
2101,neutral,0.3442426217031248
2101,momentum,0.32773255745235025
2102,intelligent,0.34473378385445835
2102,educate,0.34473378385445835
2102,mass,0.30960073437010804
2102,exactly,0.30406387980676985
2102,goal,0.2660700536329672
2103,range,0.5487577303409924
2103,mid,0.3431979073022622
2103,inside,0.3431979073022622
2103,monday,0.304017613365713
2103,able,0.2962216028445267
2104,doge,0.3876821369096584
2104,deflationary,0.2511821765581974
2104,elongate,0.2511821765581974
2104,bitmart,0.2511821765581974
2104,safemars,0.24419884077425663
2105,speech,0.38162995000326677
2105,drip,0.38162995000326677
2105,bowl,0.38162995000326677
2105,motivation,0.36842456278186786
2105,sunday,0.349812614836338
2106,rumor,0.29604982547621744
2106,pushing,0.28781908487031116
2106,trap,0.28781908487031116
2106,normal,0.28781908487031116
2106,retracement,0.2754081696347698
2107,gt,0.6736505459651652
2107,number,0.3899717037200689
2107,sell,0.23530524919478854
2107,yolonofomo,0.1883597580189257
2107,getrichslow,0.1883597580189257
2108,fix,0.4506822669695799
2108,consequence,0.2773073841581619
2108,caused,0.26959771858603476
2108,backing,0.26959771858603476
2108,policy,0.2579725185595172
2109,gaming,0.47352985404538606
2109,plan,0.46143379344896035
2109,take,0.3963266037040516
2109,via,0.3874411902731112
2109,nft,0.2688016738924511
2110,grateful,0.4591489045572517
2110,brain,0.4309376683061748
2110,simply,0.3926574060057416
2110,happy,0.3016073571829596
2110,thing,0.29751461513313127
2111,pinetwork,0.4168487688839838
2111,mee,0.4168487688839838
2111,volt,0.3912365568472451
2111,avax,0.28107023168880146
2111,matic,0.26921796894941274
2112,number,0.8131484662595957
2112,ftx,0.3496649004176255
2112,shorted,0.32916835451064796
2112,utc,0.2800473848868461
2112,cryptocurrency,0.15094709069475784
2113,number,0.655268916508411
2113,chng,0.4120164979252908
2113,volume,0.2865475680711834
2113,signal,0.27684576036802844
2113,usdt,0.2665338088520946
2114,baseball,0.47945960685847994
2114,heat,0.43948599626976814
2114,player,0.43948599626976814
2114,fan,0.4228954488938829
2114,tip,0.31171445879831705
2115,number,0.6201932325099517
2115,smartcontracts,0.42172972720549295
2115,cardano,0.27256029125118486
2115,token,0.26551466487188047
2115,current,0.23863169437230802
2116,pick,0.7232230520640875
2116,alt,0.6215359813108665
2116,eth,0.25984722671796484
2116,btc,0.1520554493138169
2117,winning,0.30662581923354976
2117,wan,0.3025154232637035
2117,bitcointrading,0.29876292574409735
2117,bitcoinmining,0.2707053508303912
2117,na,0.2654179398564876
2118,number,0.8978455599026405
2118,last,0.23460179084297847
2118,fibonacci,0.17456746768148884
2118,price,0.165456621215733
2118,weekly,0.15947462503070403
2119,user,0.9046935938909544
2119,cryto,0.2808532351434448
2119,wonderful,0.2292006694522484
2119,join,0.16616780317101873
2119,airdrop,0.1425836622971129
2120,fomo,0.36874218658952423
2120,iot,0.3621476548851103
2120,dog,0.35633086568212335
2120,presale,0.34212350582248857
2120,elon,0.30393903750180423
2121,uniswap,0.5171901184174679
2121,ix,0.31397070951541073
2121,undervalued,0.28779427525713325
2121,pool,0.26490379188110746
2121,cap,0.21615027531427405
2122,cardano,0.6369576004088178
2122,crytocurrency,0.3500257499610685
2122,headed,0.3143533773357883
2122,cardanocommunity,0.3037727039375941
2122,lost,0.28829099910455575
2123,user,0.471785449019189
2123,water,0.468147606827985
2123,clean,0.41291797996354235
2123,chance,0.3510560946399552
2123,currency,0.301369541122163
2124,word,0.538836398449288
2124,wedge,0.513096473170266
2124,rising,0.474802974382685
2124,two,0.45619639121509126
2124,btc,0.11328871561685916
2125,buffett,0.4163476280731596
2125,warren,0.4047723828486701
2125,understanding,0.3873183778945284
2125,crashing,0.3873183778945284
2125,along,0.3803916322830454
2126,brave,0.3345910674012808
2126,dragon,0.3345910674012808
2126,kill,0.31403297054801793
2126,battle,0.30049169832698763
2126,challenge,0.2903775887035674
2127,lack,0.396133841311036
2127,along,0.38904944123227614
2127,different,0.3828005575002914
2127,entire,0.37721074052352
2127,history,0.32651685331571784
2128,coinhuntworld,0.3811569939090602
2128,vault,0.3811569939090602
2128,location,0.3787433422529292
2128,playing,0.36596516826317177
2128,found,0.36045041552561885
2129,energy,0.47757109665735203
2129,electric,0.30174035500964097
2129,grid,0.30174035500964097
2129,generated,0.29129935521863776
2129,reduce,0.28320068659886866
2130,number,0.780101260507289
2130,usd,0.3824698772969678
2130,sat,0.30951633495058495
2130,tue,0.23025430826053672
2130,bitcoinday,0.11788150120566429
2131,ponzi,0.6355681082757847
2131,scheme,0.42371207218385654
2131,hodler,0.2214030561006723
2131,hate,0.21185603609192827
2131,someone,0.19656261863552477
2132,fundamental,0.33927002930726713
2132,dogelon,0.33927002930726713
2132,ksm,0.30997049468054294
2132,remain,0.30499177121683774
2132,terra,0.2965093620616675
2133,trading,0.42961750612368044
2133,powered,0.3806093667375711
2133,peak,0.3677986139603167
2133,across,0.3575694254223156
2133,major,0.34175927820424024
2134,buckle,0.6767765606309527
2134,kid,0.6203521980710123
2134,go,0.3821063972191793
2134,bitcoin,0.10550515879889845
2135,plus,0.3387698713219657
2135,offer,0.3012018223290285
2135,app,0.28486135059286377
2135,detail,0.28486135059286377
2135,gold,0.27392269454779605
2136,daily,0.30945182045370573
2136,featured,0.2500938031211407
2136,receive,0.2442502642439122
2136,subscribe,0.23930962252078464
2136,iota,0.23502984399183266
2137,crypto,0.6523846344417976
2137,user,0.6064687702257069
2137,btc,0.4545216380824581
2138,number,0.8353720691039163
2138,oct,0.19697279947147184
2138,tictoknextblock,0.19149460617173047
2138,recipient,0.19149460617173047
2138,remaining,0.18491102225199818
2139,faucet,0.4828620283732444
2139,free,0.386387454817298
2139,pulsex,0.3491480188490292
2139,pls,0.33706659078908197
2139,pulsechain,0.33706659078908197
2140,ponzi,0.6562186284120349
2140,estate,0.33488326065429386
2140,hex,0.30824742954171364
2140,user,0.27613624896093675
2140,understand,0.2758346257404447
2141,content,0.368324730095097
2141,subscribe,0.360874336807701
2141,youtube,0.3390290427375631
2141,cryptoart,0.28308716497870395
2141,nftartist,0.28040136919441455
2142,wolf,0.5083039884746935
2142,blockchainart,0.2632615266519431
2142,rari,0.2632615266519431
2142,mintable,0.2632615266519431
2142,wax,0.25415199423734675
2143,attempt,0.4566885405803144
2143,yesterday,0.3956142433467404
2143,almost,0.3956142433467404
2143,spot,0.38392848729623363
2143,hit,0.3470968622083174
2144,crofam,0.39585756956661305
2144,apy,0.3715351083650785
2144,mint,0.329850522849452
2144,saving,0.329850522849452
2144,cro,0.3105446992930076
2145,win,0.806202313720915
2145,govt,0.35974537589964173
2145,everybody,0.33807674768143353
2145,lose,0.31227672040659654
2145,btc,0.0723739339369341
2146,number,0.7727135318179742
2146,pizza,0.30789956230735505
2146,instead,0.26827127010372115
2146,bybit,0.2658218629100638
2146,shorted,0.2502400015058822
2147,number,0.5605961983653899
2147,best,0.3953879647971418
2147,hour,0.38733608858415414
2147,id,0.283631812373883
2147,ask,0.2628439620984045
2148,soul,0.3356878455785024
2148,haka,0.3356878455785024
2148,cvr,0.32407217446478787
2148,earlier,0.31506235998061766
2148,uno,0.31506235998061766
2149,balance,0.612066289853545
2149,𝗥𝗲𝗰𝗶𝗲𝘃𝗲𝗿,0.3575825482233533
2149,𝗦𝗲𝗻𝗱𝗲𝗿,0.3575825482233533
2149,transfered,0.31458808970372043
2149,address,0.2790357422452645
2150,downtrend,0.3269191815717421
2150,afraid,0.31040398849160267
2150,broken,0.29388879541146334
2150,capital,0.282171079442255
2150,anyone,0.2758922944373989
2151,number,0.8095350979316742
2151,longed,0.33951219934443083
2151,btcusdt,0.29901116871341016
2151,utc,0.2788029450423955
2151,binance,0.18100750731920456
2152,focus,0.7935074642691708
2152,need,0.5470852086933643
2152,user,0.22665837617640347
2152,bitcoin,0.14024856180055598
2153,rixx,0.4330022023496279
2153,mover,0.3819188480433034
2153,report,0.32923285032331606
2153,cryptotrading,0.27611819338235066
2153,top,0.2594549890179132
2154,yellow,0.4197327339161797
2154,lesson,0.39852881706629223
2154,green,0.36683076729176994
2154,case,0.33058243201600995
2154,run,0.3218462896210227
2155,game,0.47163638528895674
2155,developing,0.3945534932425027
2155,deploying,0.20546905636754614
2155,tge,0.20546905636754614
2155,creo,0.20246870958909707
2156,number,0.737816005538203
2156,unknown,0.36642352530804234
2156,wallet,0.3203068895295403
2156,symbol,0.2004278524711897
2156,detail,0.19219998709290415
2157,number,0.7531303976970056
2157,ethereumclassic,0.3499757621684557
2157,bitcoincash,0.30897695346321724
2157,litecoin,0.2643037028821225
2157,dogecoin,0.2204246453431671
2158,car,0.5262317925378709
2158,president,0.5063666010211938
2158,remains,0.4982333776305641
2158,news,0.31936872721142356
2158,market,0.2689630206824874
2159,time,0.3607651615402375
2159,screenshot,0.35114448695533074
2159,number,0.3231084442289442
2159,cme,0.2778820514662058
2159,index,0.2778820514662058
2160,converting,0.559475909839389
2160,vote,0.5251003360057
2160,forget,0.45581297717084907
2160,fiat,0.4195416682446463
2160,user,0.14095585958852372
2161,sort,0.5573590151986367
2161,rn,0.5184979452643709
2161,sand,0.445595765093231
2161,line,0.4247557784341114
2161,number,0.13281018032239275
2162,hear,0.5876887871575142
2162,scam,0.5736928702761425
2162,always,0.483826552079439
2162,cryptocurrency,0.2379554814564449
2162,url,0.13224815023670386
2163,user,0.5030048381543643
2163,binancenft,0.32123680306281516
2163,project,0.2987615373505286
2163,develop,0.28074899436702055
2163,clear,0.2610383619569203
2164,project,0.3981836891775303
2164,good,0.3174763602493912
2164,idolaunchpad,0.27749016502465945
2164,main,0.26552463842183105
2164,doubt,0.26552463842183105
2165,dogecoinarmy,0.3983348371207363
2165,energy,0.33586289511724954
2165,etherium,0.33294504187215906
2165,everything,0.3250758756173652
2165,dream,0.3250758756173652
2166,rsibitcoin,0.5023855377028025
2166,neutral,0.40123170103017936
2166,rsi,0.3908472580519603
2166,average,0.3742637869168051
2166,number,0.3467055916876538
2167,bitcoin,1.0
2168,update,0.5529917232004444
2168,price,0.3669455762626953
2168,eth,0.3285955801571322
2168,recent,0.3162643292237017
2168,usd,0.2584217086060955
2169,pump,0.5928409458625682
2169,coming,0.5650524820207384
2169,soon,0.5488728464915043
2169,btc,0.16731378859882443
2170,number,0.7632281967012341
2170,dec,0.21353388977290974
2170,comment,0.17836911709269465
2170,pm,0.1766520961753138
2170,kishu,0.17503920294608663
2171,pump,0.5775181398876502
2171,megapump,0.36415003191713097
2171,sky,0.35963299911003876
2171,powerful,0.3305815927201326
2171,history,0.3194942929764852
2172,long,0.7776852989310673
2172,humanity,0.6009890011800987
2172,user,0.1568419166115058
2172,bitcoin,0.09704849035751817
2173,game,0.47163638528895674
2173,developing,0.3945534932425027
2173,deploying,0.20546905636754614
2173,tge,0.20546905636754614
2173,creo,0.20246870958909707
2174,value,0.37725694766749374
2174,investment,0.334693942817726
2174,attracted,0.2851090981809658
2174,increasingly,0.27524358306143376
2174,prominent,0.27524358306143376
2175,bttc,0.3179980706553071
2175,dont,0.26191210650283936
2175,cake,0.26191210650283936
2175,forget,0.25907754877523187
2175,dogearmy,0.24946501676227592
2176,dontstopwontstop,0.30699563020973386
2176,暗号通貨,0.30699563020973386
2176,ドル,0.30699563020973386
2176,リップル,0.30699563020973386
2176,日経平均,0.30699563020973386
2177,zesty,0.3139920912717128
2177,claim,0.3007009286970418
2177,boltcoiner,0.2915807308042903
2177,unlock,0.2902101629403026
2177,ln,0.2875767866372311
2178,tell,0.7565096569575925
2178,hodl,0.5820228650311352
2178,user,0.23864817037206892
2178,btc,0.1788562950776925
2179,hunt,0.37427789748786994
2179,experience,0.36977104639485797
2179,exciting,0.36977104639485797
2179,together,0.36165038021939017
2179,bitcoins,0.329829222520592
2180,prediction,0.36568548905394493
2180,violence,0.2582565567003109
2180,field,0.24932020924208972
2180,accurate,0.24932020924208972
2180,helping,0.24932020924208972
2181,tiktok,0.4806347616087333
2181,instagram,0.4531784572831143
2181,recovering,0.2980068208082736
2181,suspended,0.2980068208082736
2181,hacking,0.2796965499074612
2182,time,0.45517975121532467
2182,number,0.33972335501159956
2182,tweet,0.33610404780810343
2182,earth,0.2953608556705262
2182,century,0.2953608556705262
2183,user,0.4507748255598466
2183,leadership,0.4318212854433961
2183,wonderful,0.34260624532395184
2183,airdropstario,0.3332257839455975
2183,community,0.29926246026784714
2184,think,0.4692897537638092
2184,deflationary,0.3666995844833241
2184,rest,0.3411319740044768
2184,ponzi,0.3411319740044768
2184,technical,0.309463608852647
2185,number,0.7267886773454095
2185,ltc,0.3659432554916113
2185,xrp,0.3030704227629031
2185,bch,0.26524422596327313
2185,eth,0.19114851298876623
2186,door,0.32476261836978415
2186,gateway,0.32476261836978415
2186,choice,0.3048084055612335
2186,quickly,0.29166490159169806
2186,easily,0.29166490159169806
2187,ada,0.47951831226000396
2187,cardano,0.3716938070515828
2187,struggle,0.3063839810191718
2187,breakthrough,0.2957822997104662
2187,cardanofeed,0.28755899682278774
2188,starting,0.48427567650714254
2188,another,0.42978552206221854
2188,cryptocrash,0.4208368269082782
2188,week,0.36147003847937476
2188,world,0.3587717466167908
2189,ctk,0.7870901692039824
2189,number,0.37510324387489774
2189,profile,0.3439437377244978
2189,loss,0.29991539420863733
2189,price,0.14689001202927338
2190,lt,0.611549652180931
2190,gt,0.5369118226226195
2190,btcz,0.18765772104029177
2190,station,0.18765772104029177
2190,nowplaying,0.18765772104029177
2191,number,0.6610734230386504
2191,nak,0.3592173032287416
2191,naks,0.3371461099703525
2191,per,0.2627107004121584
2191,dollar,0.24417512882788547
2192,decreased,0.5563868008152709
2192,number,0.5303140656579522
2192,hour,0.3206114391215054
2192,current,0.30607334312228385
2192,last,0.29445691945382363
2193,vix,0.46010713311949547
2193,qqq,0.43239339146769645
2193,generation,0.4254483203703008
2193,spy,0.4037654461939625
2193,live,0.3220226651029355
2194,shaken,0.26442076678366017
2194,ball,0.26442076678366017
2194,endless,0.26442076678366017
2194,get,0.2576949316309336
2194,bullshit,0.25527112165039023
2195,sol,0.41837316206046526
2195,solana,0.4132316771062671
2195,solananfts,0.3153130133866159
2195,rich,0.2676201559490205
2195,nftcollectors,0.2546423723502669
2196,user,0.3650287052826408
2196,dino,0.36221404275364927
2196,trustworthy,0.3496804963389894
2196,dinosaur,0.3496804963389894
2196,project,0.32521517357805335
2197,withdrawal,0.45775177134633976
2197,deposit,0.3951951983881041
2197,working,0.38250258371334245
2197,decentralized,0.3770382200789895
2197,staking,0.3674069853885431
2198,consolidate,0.32238943854019025
2198,outlook,0.31485668405284717
2198,forever,0.3084878308814801
2198,little,0.302970879322481
2198,changed,0.2862187784394542
2199,ong,0.29496305728199945
2199,qi,0.29496305728199945
2199,chr,0.2847565695904985
2199,flashed,0.2522480785433982
2199,anticipated,0.24577960899486662
2200,back,0.6508084866681271
2200,user,0.5392622298904035
2200,buy,0.5077493752123374
2200,bitcoin,0.1668386438024864
2201,pit,0.5073362064250713
2201,pitbull,0.2942617350277223
2201,damn,0.289535324515125
2201,pitmag,0.2853074062411334
2201,pitbullcoin,0.2853074062411334
2202,watching,0.7615268287555882
2202,go,0.5095950108538488
2202,crypto,0.24461506061567972
2202,user,0.22739866507924808
2202,btc,0.17042528622062098
2203,kishu,0.5513477525522112
2203,babydoge,0.533639934735891
2203,shiba,0.45144590598006934
2203,right,0.4154958392097061
2203,url,0.132279397638636
2204,user,0.9050194504181927
2204,eye,0.20479773611212973
2204,hey,0.18630943621173582
2204,pit,0.1820865919543575
2204,community,0.160220924485468
2205,affiliatemarketing,0.42745594227838096
2205,gift,0.4152394014255492
2205,shipping,0.2887217956657526
2205,shoponline,0.2887217956657526
2205,onlineshopping,0.2787312718324129
2206,really,0.7081315559600452
2206,family,0.44067140186012244
2206,friend,0.432854486822656
2206,amp,0.27645037641072867
2206,bitcoin,0.1720343373812781
2207,great,0.41274550807244365
2207,perspective,0.366283733072098
2207,successful,0.2951762738820739
2207,chance,0.28451503082146595
2207,become,0.2728352600568998
2208,number,0.6589785506550885
2208,dollar,0.6490703025045049
2208,cash,0.2386821912978731
2208,bch,0.21377481643198915
2208,ethereum,0.1188502139676649
2209,imo,0.7686268435712423
2209,part,0.5852814997276428
2209,user,0.21955144733251736
2209,bitcoin,0.13585103382921743
2210,incredibly,0.3528924616549044
2210,suddenly,0.3528924616549044
2210,citizen,0.32347103461475585
2210,poor,0.3169279322161236
2210,rekt,0.30626060307856556
2211,lot,0.7002572625012637
2211,thing,0.6675260163447265
2211,url,0.19559362080934903
2211,bitcoin,0.16059862800119085
2212,classic,0.47960426684333607
2212,metric,0.46990293506098874
2212,march,0.38979000670777186
2212,since,0.3326295864857716
2212,first,0.31899359332595645
2213,activity,0.7622870488062424
2213,daily,0.5246147791264801
2213,algorand,0.28265661321781693
2213,number,0.20783656846231183
2213,ethereum,0.11245322298045386
2214,applies,0.9691147495166159
2214,url,0.19059448030360784
2214,bitcoin,0.1564939179238117
2215,mistake,0.5185713051302184
2215,realized,0.5080817564925779
2215,made,0.40053626202962495
2215,huge,0.3861572335486492
2215,back,0.3440332423183791
2216,digital,0.4049865510251048
2216,ridiculous,0.286396708666424
2216,famous,0.2784343428193007
2216,kid,0.27192861622106085
2216,signed,0.27192861622106085
2217,adn,0.5849251426241716
2217,adon,0.2924625713120858
2217,adonexchange,0.2924625713120858
2217,hurry,0.2680793182284671
2217,bounty,0.2294327764453378
2218,russian,0.587008915428595
2218,imagine,0.5403195995685356
2218,happy,0.4206685646045792
2218,right,0.38191559586408014
2218,user,0.16134422454796177
2219,dodger,0.49311482679773
2219,national,0.49311482679773
2219,shot,0.45200275024327957
2219,sportsbook,0.41605150892300846
2219,url,0.2808733652604648
2220,fix,0.9543023469740534
2220,url,0.23096281667212903
2220,bitcoin,0.18963967906187226
2221,going,0.2925534468135477
2221,cb,0.2534984676066391
2221,ran,0.2534984676066391
2221,polyswarm,0.2534984676066391
2221,dice,0.2447267623860497
2222,reference,0.3951191430803537
2222,coingeek,0.3951191430803537
2222,legit,0.370842052615526
2222,quite,0.33337045805434296
2222,source,0.30996541409359496
2223,rug,0.3221772683558443
2223,marketcap,0.3221772683558443
2223,audit,0.2997139134707616
2223,incoming,0.2853967408372452
2223,vet,0.25963229326393306
2224,genesis,0.33858714226676945
2224,reportedly,0.33858714226676945
2224,altcoinnews,0.3291737844442811
2224,transfer,0.32148251107901155
2224,mover,0.30934658211689503
2225,oil,0.40606772319972145
2225,join,0.267256195839813
2225,oilandgas,0.24064089505661884
2225,oilprices,0.24064089505661884
2225,oilindustry,0.24064089505661884
2226,target,0.6826728793590028
2226,number,0.3682557403582944
2226,coinbase,0.3361990386203154
2226,first,0.3253252311416317
2226,next,0.3054184800647101
2227,world,0.37132348863558945
2227,asks,0.2887037723406885
2227,reserve,0.2669563807762475
2227,expert,0.2669563807762475
2227,ceo,0.25953180915815743
2228,cheer,0.3467368599444281
2228,sma,0.33709692467975316
2228,ema,0.3030350937726816
2228,friday,0.29581825711140225
2228,compared,0.2675682414755868
2229,folk,0.5947725510677233
2229,july,0.5346795123391598
2229,got,0.4091034710949537
2229,buy,0.2922980542560919
2229,number,0.2834505143151297
2230,mad,0.4315636939929294
2230,crackdown,0.4195654135870256
2230,host,0.4097621046875697
2230,china,0.330918135335388
2230,sold,0.321460611133666
2231,holding,0.7485207906566482
2231,support,0.631999126760296
2231,url,0.2007329811689388
2232,lift,0.7028493690909886
2232,initiate,0.7028493690909886
2232,bitcoin,0.10956974371056381
2233,user,0.37285878440974973
2233,immutable,0.3699837457240364
2233,island,0.34725103579904154
2233,sea,0.33913738043243224
2233,enough,0.30143101727419963
2234,health,0.5498334425754031
2234,code,0.4521498565196003
2234,use,0.41073216712134286
2234,community,0.39194449496283346
2234,support,0.35019442847381627
2235,number,0.9013041457302107
2235,last,0.23550549908097446
2235,fibonacci,0.17523991804115147
2235,price,0.1660939757350074
2235,indicator,0.15139389533488745
2236,senate,0.3369322681531
2236,effect,0.325273536787001
2236,passed,0.3162303221762408
2236,texas,0.3162303221762408
2236,united,0.3088414778357024
2237,shinja,0.6736553329083907
2237,shibnobi,0.3414042763598634
2237,etherum,0.32880605344054464
2237,floki,0.31592453731179737
2237,avax,0.2691813980995353
2238,deep,0.6272817633139068
2238,den,0.3136408816569534
2238,night,0.272195799014503
2238,amount,0.24400718055928183
2238,rate,0.24023153809303455
2239,faced,0.3089140667875328
2239,affected,0.3089140667875328
2239,analysed,0.3089140667875328
2239,absolutely,0.2931703335989163
2239,type,0.2870436279127319
2240,concept,0.4607285912050476
2240,amp,0.269926393379554
2240,supporter,0.26937353621048243
2240,brilliant,0.26937353621048243
2240,creates,0.26005251239454114
2241,getting,0.5370764213094765
2241,many,0.5113736260306845
2241,short,0.4829215539674205
2241,people,0.44402830222134776
2241,btc,0.1402553806944838
2242,user,0.6672893220684278
2242,wish,0.3559755416150058
2242,excellent,0.3288530397833956
2242,giveaway,0.28236965812109244
2242,nftcommunity,0.25316471599117757
2243,profit,0.4173994162351913
2243,binancefutures,0.32419423853237656
2243,xbt,0.2813546159130376
2243,period,0.2735296016172473
2243,neo,0.27013665344774906
2244,saving,0.480901793691586
2244,offer,0.43882486777564134
2244,wallet,0.3458199907381875
2244,defi,0.2859475255998008
2244,centralized,0.2591590111798209
2245,snt,0.3695609386063979
2245,skl,0.3695609386063979
2245,grt,0.3468542069890194
2245,undervalued,0.3387498236817336
2245,iota,0.32596205559340785
2246,time,0.49856204640095
2246,fallen,0.32351112332361476
2246,nov,0.30363380544406016
2246,market,0.3031291632395946
2246,accumulation,0.2853449587057422
2247,hopeful,0.3206444677962183
2247,pain,0.30954933661583744
2247,closer,0.30954933661583744
2247,especially,0.28281649633114164
2247,god,0.2782739184072076
2248,increased,0.5417325999731883
2248,number,0.4805501835840583
2248,price,0.3763658320740834
2248,last,0.35576736092683187
2248,compared,0.25937356625295543
2249,user,0.46617958423281364
2249,airdrop,0.44083163309812345
2249,address,0.33087812316703463
2249,airdropinspector,0.32750496698935183
2249,awesome,0.3083180297054849
2250,blessed,0.29915479392780225
2250,binaryoptions,0.2908377293733058
2250,feeling,0.2782966485475647
2250,forextrader,0.2782966485475647
2250,bitcointrading,0.25820703060951783
2251,sell,0.43387335106739006
2251,axie,0.4244741403311197
2251,infinity,0.4158879688704642
2251,slp,0.23154117101813754
2251,thru,0.23154117101813754
2252,nitroex,0.7620300154409285
2252,future,0.43189182111480323
2252,supporting,0.3421844093066614
2252,people,0.22776189531407634
2252,exchange,0.22218467739434358
2253,number,0.9301709511519219
2253,hex,0.15507317173753096
2253,usdc,0.1497417566118353
2253,luna,0.11649083360499346
2253,sol,0.11176931064315175
2254,summer,0.5768634692680107
2254,relief,0.563384830183588
2254,rally,0.49087424099566507
2254,time,0.31573365303378825
2254,bitcoin,0.09581654769377594
2255,user,0.513100615343317
2255,project,0.45713694092270696
2255,bk,0.3394294668396613
2255,thrive,0.3394294668396613
2255,potential,0.24031225415240717
2256,uptrend,0.275770008449614
2256,special,0.25915948837862407
2256,nothing,0.23938196178279397
2256,positive,0.23466279422901065
2256,buythedip,0.23050019344030573
2257,litecoin,0.5088538422668172
2257,neo,0.32825833708952606
2257,gas,0.32446557846105695
2257,bitfinex,0.32446557846105695
2257,altseason,0.30904570258454866
2258,approaching,0.5030983587516845
2258,term,0.42907392249815063
2258,key,0.417326000755956
2258,short,0.3641997867012481
2258,support,0.33486807873819197
2259,inr,0.6601709909635448
2259,number,0.45093038023529697
2259,exchange,0.2857715989058727
2259,coindcx,0.22997358276025226
2259,btcinr,0.22460016064893298
2260,deflect,0.5721847312380428
2260,user,0.5045521393474122
2260,deflectprotocol,0.2622402107094762
2260,giving,0.22080983828487352
2260,become,0.2057288788643974
2261,physical,0.4539208737557785
2261,brain,0.4260308605558825
2261,mindset,0.41607648397602165
2261,mind,0.3881864707761256
2261,making,0.30729395426772926
2262,number,0.7490294887663577
2262,addr,0.37510891939499136
2262,tx,0.32770323569959126
2262,whale,0.2975467832626825
2262,alert,0.2712504305567623
2263,number,0.4813369549632435
2263,estimating,0.3196601579002104
2263,realized,0.3131941410947334
2263,initial,0.2982330252294981
2263,winning,0.2982330252294981
2264,number,0.6221765771616636
2264,equal,0.5076940754702455
2264,july,0.4694506477357121
2264,usd,0.27453797353486126
2264,btc,0.2042768020929715
2265,number,0.7268765020928836
2265,hopium,0.37173995435478535
2265,gt,0.26589843376524736
2265,month,0.24418985666616255
2265,people,0.22221748448799125
2266,rescue,0.28944622815555665
2266,influencer,0.2813990799450344
2266,backing,0.2813990799450344
2266,donation,0.26926499880816046
2266,dog,0.26020193406840736
2267,shib,0.5080307025963933
2267,army,0.28900598134408073
2267,shibaarmy,0.25601236728771876
2267,tothemoon,0.24944736900741202
2267,shibainu,0.23105366175451553
2268,number,0.5015903840961868
2268,past,0.411561847027811
2268,trading,0.27629777410792133
2268,risen,0.27255663111110506
2268,tradingview,0.23308643165543197
2269,doge,0.2574725998282033
2269,purpose,0.250227655100923
2269,timeframe,0.24327085680439658
2269,number,0.23850178494921645
2269,ldo,0.23278088535431946
2270,participate,0.5087226394350431
2270,worthy,0.3269498397250957
2270,sense,0.29362921541746556
2270,advise,0.2883779931791808
2270,promising,0.27243277347692546
2271,pumping,0.5988905146897053
2271,meeting,0.5988905146897053
2271,fed,0.5218101572632231
2271,bitcoin,0.10185510594138078
2272,number,0.799200533053897
2272,btcusd,0.5109297159918079
2272,bitcoin,0.27080189129108595
2272,btc,0.1639989907166137
2273,forexsignals,0.37657472046643314
2273,market,0.36549676639317374
2273,daytrading,0.35031858008211153
2273,strongly,0.3335840497105237
2273,suggests,0.3145603748447591
2274,trader,0.3577049061660782
2274,take,0.3338914173204941
2274,prepared,0.26419283766997037
2274,possibility,0.25505107947588135
2274,profitable,0.25505107947588135
2275,leadership,0.4403213769343858
2275,innovation,0.39583336297067545
2275,changing,0.390053235410897
2275,business,0.3063330671625543
2275,via,0.2817542196695294
2276,number,0.8646913363493575
2276,involved,0.22680090793330354
2276,tezos,0.220495417162011
2276,roll,0.21534345607238406
2276,xtz,0.19140089171082447
2277,success,0.5371428085862551
2277,hope,0.5000648276659208
2277,defi,0.39778061232617345
2277,project,0.36042172777673476
2277,blockchain,0.34161440784958536
2278,signal,0.3580605903984625
2278,number,0.35312378573009306
2278,vip,0.29638801028651923
2278,living,0.29638801028651923
2278,beautiful,0.2590320755187919
2279,number,0.9518752501068558
2279,user,0.26062695141189124
2279,bitcoin,0.16126717096716975
2280,detected,0.45360626459090453
2280,breakout,0.3969266037934202
2280,level,0.3572229821324353
2280,resistance,0.3481544246322057
2280,alert,0.29989559053953735
2281,trough,0.31500920176604175
2281,self,0.3041090654229986
2281,manage,0.3041090654229986
2281,smartcontract,0.29565426282558116
2281,house,0.29565426282558116
2282,number,0.6577943448561774
2282,day,0.2800318353504798
2282,featuring,0.2599530921608528
2282,algorand,0.243980935798595
2282,print,0.23828022644134997
2283,coinhuntworld,0.3811569939090602
2283,vault,0.3811569939090602
2283,location,0.3787433422529292
2283,playing,0.36596516826317177
2283,found,0.36045041552561885
2284,friend,0.7221223293560586
2284,got,0.6112431158101302
2284,user,0.2319142051781017
2284,url,0.1747699853183415
2284,bitcoin,0.1435006915960335
2285,number,0.5605961983653899
2285,best,0.3953879647971418
2285,hour,0.38733608858415414
2285,id,0.283631812373883
2285,ask,0.2628439620984045
2286,bnb,0.5067049129414347
2286,update,0.4474157461899594
2286,binancecoin,0.3110346356001107
2286,price,0.29688912496646663
2286,number,0.28430474690114066
2287,along,0.37606924373196593
2287,wedge,0.36462552797129244
2287,falling,0.3473698528035644
2287,technical,0.3473698528035644
2287,broke,0.3438316156187596
2288,produced,0.561488550667553
2288,careful,0.5420595888371631
2288,block,0.3714814050596082
2288,litecoin,0.3626322505492136
2288,still,0.33725285627495327
2289,bittorrent,0.6419637385121402
2289,btt,0.523016983825004
2289,netflix,0.30987506310907204
2289,kripto,0.2942208990635046
2289,deal,0.2406989586783736
2290,rejected,0.28619453616698814
2290,attacking,0.28040545474799844
2290,htf,0.28040545474799844
2290,ema,0.2634312922956962
2290,stuff,0.2517835192565898
2291,perfect,0.6409983502088972
2291,algo,0.6283617313350022
2291,user,0.39644537551046727
2291,btc,0.14855917594913515
2291,bitcoin,0.12265351646336553
2292,number,0.7189987299871398
2292,fx,0.3600697178105023
2292,chart,0.2893226092323181
2292,signal,0.2603752162014166
2292,going,0.2576484332711389
2293,reaching,0.40646875795204535
2293,predictable,0.39240388347845684
2293,rip,0.38149431927768035
2293,pretty,0.3476061176139096
2293,similar,0.34294637047159265
2294,monster,0.4771375009302316
2294,seeing,0.4080409896741152
2294,rally,0.38106728151234687
2294,bitcoinnews,0.339521271466757
2294,ripple,0.3270638471997147
2295,mevr,0.38407052095181504
2295,valuable,0.3387598726596516
2295,rank,0.3387598726596516
2295,user,0.2902912679774712
2295,together,0.2747182507022752
2296,price,0.9177883478620963
2296,bitcoin,0.3970699542002186
2297,shiba,0.3858806004845062
2297,doge,0.2957808387662232
2297,mainstream,0.2584145421767422
2297,coingecko,0.2584145421767422
2297,till,0.24811122930868734
2298,eos,0.46990111853593997
2298,litecoin,0.41972764993256334
2298,binancefutures,0.32494664977922233
2298,triangle,0.27788960689256303
2298,shibarmy,0.2549160794182518
2299,goldman,0.8045136580433919
2299,know,0.49303124108302515
2299,crypto,0.2180371246307594
2299,url,0.15274769435216026
2299,btc,0.15190822379616184
2300,mastercard,0.45276530918279967
2300,guess,0.4070200184648122
2300,happen,0.37114332963858226
2300,working,0.35922319677405207
2300,big,0.30000180222367817
2301,amount,0.5160505810907421
2301,power,0.48801449612247116
2301,around,0.44725855783055896
2301,people,0.3965165477886672
2301,user,0.3342366497250008
2302,stockmarketcrash,0.47581656060756133
2302,shake,0.4347247971471824
2302,buythedip,0.3866505157215314
2302,dip,0.32728175871527593
2302,investing,0.3105303738839543
2303,credit,0.6107697727743219
2303,grail,0.24129995465748355
2303,consensus,0.24129995465748355
2303,holy,0.23295034965994396
2303,except,0.2264738928708816
2304,af,0.5106916912500931
2304,human,0.47931353960839196
2304,either,0.4206199627349131
2304,give,0.37133475049660786
2304,way,0.32082024721923336
2305,critical,0.41174439919964206
2305,newsletter,0.4043808221710677
2305,level,0.31845707277300095
2305,resistance,0.3103726369437124
2305,look,0.28636705977841526
2306,number,0.6412397292188142
2306,xec,0.18583465273338726
2306,knc,0.17441651530593594
2306,et,0.17441651530593594
2306,stx,0.17441651530593594
2307,number,0.7490294887663577
2307,addr,0.37510891939499136
2307,tx,0.32770323569959126
2307,whale,0.2975467832626825
2307,alert,0.2712504305567623
2308,signal,0.4534773082929389
2308,grt,0.36493410012711885
2308,bnb,0.3188284031556727
2308,done,0.2915729636193344
2308,channel,0.28966379778828544
2309,faced,0.311094130248763
2309,affected,0.311094130248763
2309,analysed,0.311094130248763
2309,absolutely,0.29523929063555154
2309,type,0.28906934765900005
2310,perfectly,0.29586968357778654
2310,stc,0.29586968357778654
2310,upside,0.24368654789790734
2310,egld,0.24368654789790734
2310,ax,0.2283561004602497
2311,user,0.3560845392444496
2311,wishing,0.35333884337105653
2311,avalanche,0.32388020049741517
2311,ex,0.3173288215794604
2311,prize,0.302170194248712
2312,current,0.4961489345302027
2312,cryptocurrencies,0.49539222652730447
2312,number,0.42982305475954524
2312,blockchain,0.39751908500113464
2312,price,0.3366364579088824
2313,toward,0.36954750654809715
2313,pro,0.338737511483918
2313,blockchainnews,0.32595020817968756
2313,turn,0.29800891340523855
2313,etherium,0.28990482465979006
2314,let,0.5960223574265289
2314,go,0.5867587236710825
2314,user,0.523663488238799
2314,bitcoin,0.16201265607716772
2315,balance,0.612066289853545
2315,𝗥𝗲𝗰𝗶𝗲𝘃𝗲𝗿,0.3575825482233533
2315,𝗦𝗲𝗻𝗱𝗲𝗿,0.3575825482233533
2315,transfered,0.31458808970372043
2315,address,0.2790357422452645
2316,number,0.6589785506550885
2316,dollar,0.6490703025045049
2316,cash,0.2386821912978731
2316,bch,0.21377481643198915
2316,ethereum,0.1188502139676649
2317,user,0.4624072166657331
2317,guideline,0.4047099252915123
2317,participated,0.3823323901567599
2317,rule,0.3664552763060392
2317,following,0.3118940187545585
2318,hate,0.8547885214802203
2318,wo,0.27983386924061354
2318,least,0.2643610778671007
2318,position,0.20840477707823837
2318,still,0.19056099972465196
2319,gbp,0.5412660948612019
2319,tip,0.42231598787085695
2319,update,0.3527389970405943
2319,current,0.3449748349501557
2319,like,0.3403624318328469
2320,potentially,0.43978020339609486
2320,lower,0.3513730758530016
2320,waiting,0.3513730758530016
2320,dip,0.3111452275755214
2320,keep,0.3056690827755051
2321,user,0.352337810706263
2321,xlc,0.33752321048658657
2321,liquidchain,0.33752321048658657
2321,legitcommunity,0.33752321048658657
2321,attraction,0.308374532033712
2322,gmt,0.590893540862988
2322,nicely,0.4112480233169479
2322,exactly,0.3864772239690949
2322,anticipated,0.36510782549951065
2322,ready,0.31341476802280943
2323,number,0.5881576703538453
2323,gateio,0.36981864614965054
2323,pair,0.3263904237378792
2323,result,0.309846684725726
2323,trend,0.27991645597335213
2324,bnb,0.5067049129414347
2324,update,0.4474157461899594
2324,binancecoin,0.3110346356001107
2324,price,0.29688912496646663
2324,number,0.28430474690114066
2325,rejected,0.28619453616698814
2325,attacking,0.28040545474799844
2325,htf,0.28040545474799844
2325,ema,0.2634312922956962
2325,stuff,0.2517835192565898
2326,lasvegas,0.5275118765097493
2326,min,0.40638320986368637
2326,win,0.39405768991831075
2326,currency,0.36181609837890694
2326,daily,0.32635656793507634
2327,number,0.6656750394197616
2327,sand,0.29779040308875354
2327,stpt,0.19291613439884425
2327,pla,0.19291613439884425
2327,iq,0.19291613439884425
2328,ckb,0.8058302906380143
2328,rule,0.3217893768725527
2328,bag,0.3109751911342198
2328,got,0.2675481582740765
2328,binance,0.16579328900112367
2329,prediction,0.49127507858421365
2329,number,0.4788749016983903
2329,ava,0.3469511752190894
2329,different,0.30110440915375863
2329,asset,0.23583732505268995
2330,make,0.604900466328511
2330,mtn,0.49413412460922707
2330,rich,0.39820679033928635
2330,user,0.38686702925351063
2330,money,0.2689824920731738
2331,worth,0.40223767318570347
2331,much,0.39111201757599595
2331,anywhere,0.2934024653092034
2331,carry,0.2934024653092034
2331,speculator,0.2934024653092034
2332,hurt,0.4603739294079467
2332,solo,0.44444379603026796
2332,except,0.43208742462168787
2332,got,0.30570257375898474
2332,everyone,0.30032221947013255
2333,ethbtc,0.2395533895046604
2333,elliottwave,0.2395533895046604
2333,xau,0.2395533895046604
2333,silver,0.23126422019658974
2333,omx,0.2248346409701759
2334,fix,0.9355067573691069
2334,user,0.30044397916273824
2334,bitcoin,0.185904605380284
2335,involved,0.45103171100731404
2335,criminal,0.438492183201926
2335,copy,0.4282466429769245
2335,bsv,0.38929531190476246
2335,true,0.34584598950558454
2336,xlm,0.4461718630071731
2336,close,0.43357298901692704
2336,number,0.4327155070043674
2336,filled,0.28737022135657214
2336,stellar,0.25821402924062453
2337,partnership,0.37851814050090454
2337,announcement,0.3575888218485414
2337,almost,0.33386865860811193
2337,wow,0.33122099871950783
2337,nftgiveaway,0.3023347224052725
2338,crv,0.6854320489302251
2338,ticker,0.3885558257577193
2338,number,0.26814959301776
2338,short,0.25261454188517424
2338,eth,0.25075371852627726
2339,sign,0.6068713206655088
2339,boy,0.3680787993005963
2339,saw,0.3621667444888667
2339,bullrun,0.3365261327478767
2339,yesterday,0.3246607278106949
2340,death,0.5641150909168172
2340,debt,0.5428198091086514
2340,save,0.46464691807396286
2340,world,0.37145445746690053
2340,user,0.15505166873542706
2341,mess,0.8023726646521733
2341,today,0.46789472339256577
2341,eth,0.2589047904673875
2341,crypto,0.21745687836867592
2341,btc,0.15150396154409476
2342,fet,0.4731928104657688
2342,poor,0.45278847951806783
2342,sure,0.39898068775623957
2342,ai,0.3861664932695239
2342,want,0.30737544569564834
2343,join,0.914504613746793
2343,url,0.31267905488856024
2343,bitcoin,0.25673550605599094
2344,number,0.5447866397198456
2344,fear,0.37482506387103637
2344,amp,0.23730910984439743
2344,tail,0.23682305866199607
2344,australia,0.228628365890737
2345,block,0.5263395108605669
2345,mine,0.3240746768549867
2345,height,0.32077371949484884
2345,left,0.3070095981592262
2345,network,0.29265112253834297
2346,disappointed,0.627123635668293
2346,waiting,0.47026957135554565
2346,dip,0.4164295526800085
2346,still,0.3766759573551656
2346,btc,0.23682689943797952
2347,metaruffy,0.3492145827744677
2347,minting,0.32818025830652064
2347,mr,0.32290905094841577
2347,nftproject,0.2971594708216699
2347,user,0.2812253486843423
2348,user,0.3352272580294684
2348,bytedex,0.3211320980451056
2348,project,0.2986641579974752
2348,forward,0.27717612136826647
2348,growth,0.2710084826506799
2349,news,0.39683503937851233
2349,thailand,0.35667419951113705
2349,cryptoupdate,0.35667419951113705
2349,transfer,0.3269374806002006
2349,tax,0.2972007616892642
2350,musk,0.48525592110826204
2350,elon,0.4200416886146713
2350,polygon,0.38260173150940674
2350,love,0.37963384638902864
2350,would,0.3514782697556267
2351,user,0.3830243844735726
2351,fish,0.380070960901492
2351,flying,0.35671846770431215
2351,chance,0.2850088845357671
2351,claim,0.2748078334889488
2352,forcing,0.2865199167782048
2352,healthcare,0.2865199167782048
2352,consequence,0.27660558367183624
2352,outcome,0.27660558367183624
2352,suffer,0.27660558367183624
2353,alert,0.4929025414928322
2353,cryptoalerts,0.42262875157454277
2353,auction,0.37276920319448703
2353,binance,0.3478102601206777
2353,increase,0.3169222630776668
2354,bat,0.30367456662615117
2354,xmr,0.2944338071592796
2354,xtz,0.2804999112990369
2354,algo,0.27497014593834274
2354,cro,0.27009254721156617
2355,cz,0.2903936793173811
2355,dapp,0.2903936793173811
2355,scene,0.2823201901869235
2355,kind,0.2823201901869235
2355,dapps,0.2701463902762239
2356,staking,0.5143563655898844
2356,payouts,0.29127415715309907
2356,betfurysuccess,0.29127415715309907
2356,username,0.29127415715309907
2356,hunt,0.25876499412523835
2357,greed,0.5763699774047979
2357,fear,0.5171243718649456
2357,index,0.5171243718649456
2357,amp,0.32740159662411555
2357,url,0.12406852136043711
2358,number,0.8163576407893623
2358,ranking,0.328559260867934
2358,cap,0.2714576896686834
2358,change,0.24559886534053638
2358,market,0.1847327933618191
2359,opensea,0.5520120691731171
2359,nftdrop,0.30272840725612843
2359,nftgiveaway,0.29496539820908674
2359,nftcollector,0.28459871438434015
2359,art,0.28459871438434015
2360,hand,0.6179651565179642
2360,weak,0.35009458141251204
2360,forget,0.3286562769457361
2360,never,0.28282976131720766
2360,always,0.2802063488488339
2361,passiveincome,0.3670033024564478
2361,huobi,0.33781271836188925
2361,provide,0.3228761258298747
2361,looking,0.27939538157291305
2361,eth,0.2583871507957534
2362,trend,0.39759762439317914
2362,possibly,0.2840444523310046
2362,main,0.27179630130031696
2362,retracement,0.27179630130031696
2362,till,0.25217592901558067
2363,lottery,0.42205632755778383
2363,server,0.40745208270070593
2363,bio,0.3476173977587832
2363,btt,0.343855289950081
2363,discord,0.3339989163804511
2364,handle,0.6070878719499496
2364,mug,0.3379896686215086
2364,beer,0.32629434845352623
2364,cup,0.32629434845352623
2364,maybe,0.2725601772528346
2365,celsius,0.284234865757301
2365,lending,0.284234865757301
2365,strive,0.284234865757301
2365,timeless,0.284234865757301
2365,perspective,0.2743996013496848
2366,playtoearn,0.4231782691571524
2366,added,0.39321817518994867
2366,kucoin,0.38252495480385457
2366,sale,0.332830651436175
2366,soon,0.3020386238746531
2367,got,0.9378743487609927
2367,url,0.2681621795382702
2367,bitcoin,0.22018344942667326
2368,affiliatemarketing,0.6936946402767816
2368,affiliate,0.3953261935356773
2368,referral,0.3675714038865314
2368,gift,0.33693454542392365
2368,tip,0.3046221455970258
2369,posted,0.585613917966596
2369,reddit,0.5031638859144948
2369,awesome,0.4158702860348035
2369,ethereum,0.23298295323027593
2369,cryptocurrency,0.2131561336734668
2370,number,0.6589785506550885
2370,dollar,0.6490703025045049
2370,cash,0.2386821912978731
2370,bch,0.21377481643198915
2370,ethereum,0.1188502139676649
2371,bigger,0.6145708863671682
2371,return,0.5586723651416569
2371,alternative,0.30106973944134996
2371,potential,0.2373424089826241
2371,litecoin,0.21650827065900977
2372,vechain,0.4028268717290988
2372,june,0.3984672564467282
2372,cosmos,0.3984672564467282
2372,ethereum,0.36525065383762223
2372,analysis,0.3367084409681238
2373,number,0.6612323790937054
2373,avg,0.36975371811538527
2373,hour,0.26650706110908867
2373,usd,0.2431429223037275
2373,xbtusd,0.21956515548028774
2374,project,0.5330422499472299
2374,required,0.37147172504352666
2374,interested,0.31049172084201243
2374,participate,0.30791780229664345
2374,potential,0.2802149053732858
2375,number,0.6835128817920701
2375,url,0.5641381674454711
2375,bitcoin,0.463204348485164
2376,altcoins,0.3835448184041534
2376,blockchaingaming,0.33234277286052827
2376,whitepaper,0.3119228167450993
2376,dyor,0.29313469603076553
2376,floki,0.26300310824529344
2377,remember,0.693530535882711
2377,buythedip,0.6875053977858449
2377,url,0.1663919025803554
2377,bitcoin,0.1366215889574432
2378,update,0.5529917232004444
2378,price,0.3669455762626953
2378,eth,0.3285955801571322
2378,recent,0.3162643292237017
2378,usd,0.2584217086060955
2379,vgx,0.7615656723472419
2379,ama,0.3542332908665671
2379,come,0.24109143045106493
2379,sol,0.239859089677263
2379,shib,0.22312037845290328
2380,farm,0.6537309066389018
2380,volume,0.4393511369412501
2380,number,0.4186232577487125
2380,bear,0.23429738174194148
2380,whale,0.2328132708447998
2381,earth,0.36030807852599533
2381,focus,0.31780079996044047
2381,store,0.2935481136601379
2381,fun,0.29055809353346623
2381,place,0.2877611164981872
2382,said,0.561723562551507
2382,account,0.466152368607548
2382,well,0.466152368607548
2382,bank,0.4582353571495322
2382,user,0.1698424170840615
2383,trust,0.5388712812114258
2383,key,0.507283895860165
2383,sale,0.46479249395883165
2383,exchange,0.39708402878008264
2383,crypto,0.18454718344008195
2384,partnership,0.3532700725788036
2384,social,0.3532700725788036
2384,medium,0.31987770491240536
2384,started,0.302394731579611
2384,playing,0.2864853372460071
2385,industry,0.5453632335457652
2385,senator,0.3231891853341838
2385,allowed,0.3120060003193027
2385,law,0.3120060003193027
2385,clueless,0.3120060003193027
2386,beware,0.5135687539523608
2386,ask,0.4131293477540737
2386,waiting,0.4103282306586809
2386,profit,0.3522526242135248
2386,today,0.31908744083459334
2387,cryptocurrencynews,0.49970782239053946
2387,bitcoinnews,0.491784872508398
2387,cryptocurrencies,0.3664744214377428
2387,cryptonews,0.35454154117463593
2387,blockchain,0.294071180138355
2388,trump,0.36912001600630756
2388,republican,0.36912001600630756
2388,texas,0.3464403757562745
2388,america,0.31566602152649176
2388,biden,0.30401757075239144
2389,burst,0.44453131023691494
2389,plunge,0.4321725057691932
2389,bubble,0.3996179442885856
2389,past,0.3476518850721052
2389,sale,0.31430040344004995
2390,flag,0.541664662045685
2390,rising,0.46764051386926764
2390,trend,0.3881734840661041
2390,bullish,0.33890617531438305
2390,bsc,0.26650859015587147
2391,easy,0.6443388088004036
2391,profit,0.5415436692516872
2391,see,0.4705395669490617
2391,user,0.21194280467932233
2391,btc,0.1588417994331091
2392,meeting,0.6225901076634185
2392,fomc,0.32785765647063164
2392,battle,0.30499824454912716
2392,tomorrow,0.30499824454912716
2392,cpi,0.29473245119278685
2393,number,0.47294436742921864
2393,capital,0.4282780598450404
2393,place,0.4104929605675832
2393,bet,0.4104929605675832
2393,gmt,0.34656438671170825
2394,metaverse,0.30396623991460053
2394,collaboration,0.27611680143970924
2394,series,0.27611680143970924
2394,character,0.2665624431370806
2394,pitbullmetaverse,0.2665624431370806
2395,good,0.9093312664887243
2395,url,0.32156491606651627
2395,bitcoin,0.26403153702000576
2396,pit,0.4548940814492464
2396,user,0.45218924378010306
2396,website,0.44015700878786035
2396,live,0.3929937181277083
2396,go,0.33778178734662556
2397,time,0.5337125212589263
2397,roll,0.476169605721657
2397,taking,0.3799173859413425
2397,ago,0.37157389259440393
2397,back,0.31590288882017775
2398,safe,0.6238635405234372
2398,stop,0.5369354406977156
2398,bear,0.5243349403032251
2398,url,0.15464414856806014
2398,btc,0.15379425548174597
2399,month,0.5997794166957889
2399,ema,0.3851875342327289
2399,show,0.33195558864822833
2399,hold,0.31032542622797643
2399,chart,0.2958202743953213
2400,legend,0.9240596203882482
2400,user,0.24115463284753472
2400,url,0.18173354930909308
2400,btc,0.1807347783336678
2400,bitcoin,0.1492183567135645
2401,liquidate,0.31986491943621037
2401,ridiculous,0.30879676265328343
2401,buyer,0.26059849701587295
2401,ape,0.26059849701587295
2401,dump,0.25312862171267364
2402,team,0.3728750062732289
2402,responsible,0.3106223303263346
2402,efficient,0.2949304160872293
2402,project,0.288889703978136
2402,cyclicallnvesting,0.2837968257516655
2403,bollinger,0.6143115344220185
2403,band,0.4203193932393777
2403,number,0.2826582455924542
2403,calculation,0.24574754737620694
2403,alarm,0.22525902942510653
2404,opening,0.621014624961557
2404,else,0.5410867782433454
2404,wallet,0.40595765243104937
2404,cryptocurrencies,0.35925328747386265
2404,url,0.12863230551513025
2405,airdropalert,0.5118946404000488
2405,yieldfarming,0.41596771338315935
2405,binancesmartchain,0.3224477859633408
2405,good,0.2846880009293704
2405,defi,0.26271364186917967
2406,kriptopara,0.3853648373280652
2406,kripto,0.35323611632304175
2406,btt,0.3139622112592679
2406,vet,0.2998071773881675
2406,xlm,0.27421772401691064
2407,dipped,0.2917276746993562
2407,faster,0.2674056915759176
2407,guide,0.2531782435055332
2407,dipping,0.2531782435055332
2407,underrated,0.23086190365060605
2408,referral,0.5133659860228638
2408,code,0.5050729089326597
2408,user,0.49461231057679117
2408,right,0.3902632313921501
2408,url,0.2484924290325133
2409,org,0.5398199666295632
2409,store,0.4397990008118959
2409,earning,0.4397990008118959
2409,value,0.35714544747950333
2409,great,0.29362281532749535
2410,filecoin,0.41830726284144165
2410,stellar,0.39061193339252964
2410,cosmos,0.38638451493113257
2410,number,0.38184308093783015
2410,bitcoincash,0.35806574709643046
2411,freebitcoin,0.433624552783783
2411,btcturk,0.433624552783783
2411,cryptotab,0.4258696742666467
2411,creating,0.39767365191934556
2411,bitcoinmining,0.364539076004045
2412,man,0.5065507489268763
2412,gensler,0.3039588153447641
2412,funded,0.3039588153447641
2412,brought,0.28528283928301706
2412,ignore,0.27861709490410114
2413,user,0.5350162132353711
2413,airdrop,0.5059253536438356
2413,airdropinspector,0.37586473792664377
2413,matic,0.34287098019704204
2413,amazing,0.33854010657183403
2414,usdt,0.5055352324139194
2414,number,0.34523608992229504
2414,vol,0.27512923380463755
2414,detected,0.26474313589328335
2414,spike,0.25324609819661725
2415,rate,0.6103503041856416
2415,number,0.366618408406372
2415,sl,0.3578243983129868
2415,analysis,0.274295367149978
2415,trader,0.2697277784059182
2416,poor,0.44899788941123736
2416,little,0.4409680763748641
2416,weekly,0.3472701846609176
2416,holder,0.34570816770559726
2416,coming,0.3188093732784625
2417,outflow,0.4325569292329136
2417,leaf,0.41758933629171247
2417,continues,0.39649369888093716
2417,massive,0.3288942872938611
2417,million,0.28939937972709406
2418,meg,0.3260954695932254
2418,megabsc,0.3260954695932254
2418,megabscfinance,0.3260954695932254
2418,handled,0.31481171959644033
2418,project,0.29278598350452595
2419,larix,0.5758055482062893
2419,user,0.29013998485317616
2419,sollet,0.28790277410314463
2419,spl,0.28790277410314463
2419,airdrop,0.2743639740474237
2420,let,0.5857995097144909
2420,go,0.5766947638194779
2420,number,0.46993681239399004
2420,user,0.25734086217016006
2420,btc,0.192865644467731
2421,moon,0.8999889034289577
2421,number,0.33694261095309513
2421,btc,0.27656762397079976
2422,josh,0.44704852083828767
2422,adam,0.44704852083828767
2422,世界杯投注,0.44704852083828767
2422,larry,0.44704852083828767
2422,六合彩,0.4315794811982577
2423,incredibly,0.3078674007002017
2423,writing,0.28219981283146756
2423,feeling,0.2764915358154737
2423,incredible,0.2764915358154737
2423,underrated,0.24363425331813174
2424,price,0.49552480159418427
2424,recent,0.4270846390520305
2424,update,0.37338113830531006
2424,current,0.36516262063746835
2424,follow,0.3453773284854818
2425,thing,0.5345423425263367
2425,see,0.46143079443595203
2425,great,0.448712548083421
2425,project,0.3703419263162324
2425,eth,0.2661897458928331
2426,wallstreet,0.2947826711347782
2426,google,0.28789495949373856
2426,wallstreetbets,0.28789495949373856
2426,euro,0.2820714822780396
2426,green,0.2649964679290781
2427,digitalcurrency,0.38878366448523144
2427,pick,0.36167627272719877
2427,cold,0.3443991914795603
2427,technology,0.2772480761090181
2427,business,0.27047810677201256
2428,world,0.35691605679021415
2428,regardless,0.2854377072029433
2428,warned,0.2854377072029433
2428,running,0.2655359663159912
2428,along,0.2607871596640356
2429,number,0.5738866150638152
2429,midnight,0.3508095626794763
2429,rising,0.3290387334887736
2429,rise,0.3184708878411573
2429,currently,0.30408352909338465
2430,family,0.4219067375441289
2430,love,0.3534375377968372
2430,wife,0.26413646112374284
2430,trip,0.26413646112374284
2430,daytrader,0.2549966537045423
2431,user,0.4969750916012236
2431,greg,0.4931430171700114
2431,found,0.34742031057880746
2431,college,0.23803949413330555
2431,earlier,0.23142154957947644
2432,dax,0.3797808713436313
2432,omx,0.35644620196127397
2432,dow,0.35644620196127397
2432,ndx,0.35644620196127397
2432,nasdaq,0.32959592888426664
2433,year,0.45717401435362837
2433,ok,0.37251712230089684
2433,least,0.3386346902988014
2433,till,0.3386346902988014
2433,old,0.31366450366658105
2434,mastercard,0.44337873285439194
2434,asia,0.4050883169206727
2434,download,0.3874964891499488
2434,vechain,0.37826818877655327
2434,show,0.33394545182029256
2435,reaction,0.46569882015209213
2435,nasdaq,0.45002408123338067
2435,similar,0.4375080439269605
2435,looking,0.361850576458291
2435,chart,0.3360019162157942
2436,bad,0.3801853225790352
2436,yesterday,0.3667805603195972
2436,feel,0.3489941618206588
2436,sold,0.3390200311241548
2436,cryptocrash,0.3337818704736743
2437,gamedevs,0.2310400002046022
2437,girlswhocode,0.2310400002046022
2437,infosec,0.2310400002046022
2437,lgbtq,0.2310400002046022
2437,lgbt,0.2310400002046022
2438,arbkf,0.6899232512053781
2438,arb,0.3237663361860298
2438,picture,0.3237663361860298
2438,zcash,0.31620140995023466
2438,zec,0.3098053559531269
2439,fake,0.5273372532584805
2439,post,0.4232586362974043
2439,break,0.37924971003811037
2439,real,0.3779060241849952
2439,check,0.3563553747877973
2440,family,0.4867074410080835
2440,help,0.44568743444695924
2440,lot,0.41424192677467175
2440,invest,0.386246004260493
2440,way,0.3828360730403483
2441,invest,0.4315212861505889
2441,contact,0.31950599319173073
2441,design,0.3002611132189236
2441,info,0.27187934451902407
2441,buythedip,0.2670565724317583
2442,historic,0.2753285216648881
2442,relapsing,0.2753285216648881
2442,december,0.23764205509725597
2442,effort,0.23489629405140192
2442,superb,0.2323541163934839
2443,user,0.3967442513004839
2443,one,0.3398216115466163
2443,cryptogem,0.3149480292878262
2443,absolute,0.3149480292878262
2443,greatest,0.2886901137129908
2444,number,0.7353946510984448
2444,dot,0.33374708757931654
2444,usdt,0.2991253398851092
2444,hour,0.29639786770305165
2444,update,0.2893261105834841
2445,triangle,0.46641264480809697
2445,swap,0.4601602663870734
2445,liquidity,0.42094196703554615
2445,lightningnetwork,0.3692189108419717
2445,sat,0.3360074488088491
2446,blue,0.38098273121250936
2446,coinhuntworld,0.355375807463369
2446,vault,0.355375807463369
2446,location,0.35312541347889576
2446,playing,0.341211546038224
2447,spacex,0.370800957641794
2447,paris,0.3398864595805016
2447,story,0.3330113095022499
2447,put,0.28847673091869697
2447,reach,0.2744875432438647
2448,leverage,0.503380331098912
2448,trading,0.29835041024168635
2448,contact,0.2762274986248234
2448,dont,0.24240249977678127
2448,forget,0.23977908580746102
2449,started,0.5972135658139253
2449,run,0.585548803547637
2449,bull,0.5125497868793444
2449,url,0.1501836126324384
2449,bitcoin,0.12331323504942787
2450,update,0.5529917232004444
2450,price,0.3669455762626953
2450,eth,0.3285955801571322
2450,recent,0.3162643292237017
2450,usd,0.2584217086060955
2451,cyclicallnvesting,0.465837159460595
2451,seasonaltokens,0.42180454274945584
2451,discord,0.41795332498421245
2451,cryptomining,0.40157456638102146
2451,website,0.3885648707066626
2452,dividend,0.46481997574108813
2452,freedom,0.356026348091899
2452,every,0.2992273820273491
2452,owned,0.23240998787054407
2452,crowdfunding,0.23240998787054407
2453,like,0.49342702028420043
2453,mcdonalds,0.47085145304009507
2453,accept,0.3836093723446249
2453,btt,0.3836093723446249
2453,look,0.2941016161217293
2454,hokk,0.4601459056948067
2454,double,0.4009227087843251
2454,bounce,0.3716073871956513
2454,bottom,0.36932859823342246
2454,ltc,0.3101054013229409
2455,user,0.5618633871657746
2455,vision,0.25035550113502786
2455,project,0.25029058857547337
2455,glad,0.2458781797173751
2455,approach,0.2383961533423523
2456,min,0.6319282075103057
2456,delayed,0.47469795124415065
2456,derivs,0.2427505878421368
2456,oi,0.23994580184715653
2456,sheet,0.23493138824497997
2457,start,0.7295899585101195
2457,thinking,0.5318549531387852
2457,stop,0.3735615117263714
2457,cryptocurrency,0.19358854359163805
2457,bitcoin,0.08834067019057006
2458,jinx,0.42670135789418046
2458,probably,0.3649087402079706
2458,away,0.34078630615567246
2458,far,0.3199762427386231
2458,average,0.3178810974898971
2459,leading,0.5693913157312737
2459,currency,0.40814008671652385
2459,binancesmartchain,0.38554728249098147
2459,world,0.3826692594621209
2459,user,0.31946585138846545
2460,believe,0.43736668824632124
2460,people,0.38462765808548
2460,depend,0.30194819243200327
2460,word,0.28892802240579707
2460,leave,0.27143795184441677
2461,gift,0.40869270622285797
2461,discountcode,0.28416978641974106
2461,freeshipping,0.2604779212012118
2461,linkedin,0.23976011672177644
2461,purchase,0.2340501853117586
2462,solving,0.4292824712433715
2462,class,0.4292824712433715
2462,decade,0.3855327634650211
2462,online,0.3621947875200756
2462,ago,0.3070574884655735
2463,cryptotwitter,0.326090123554059
2463,gaming,0.3237970949828565
2463,nftcollector,0.2915202757443972
2463,trx,0.2915202757443972
2463,live,0.2817169431880849
2464,nonfungible,0.29245916581892273
2464,collectible,0.2843282522883938
2464,digitalasset,0.2843282522883938
2464,raredigitalart,0.2843282522883938
2464,rarible,0.26720224149433475
2465,number,0.453573657462421
2465,order,0.37755717314653414
2465,large,0.36964010032439826
2465,sold,0.354465817177687
2465,minute,0.34727033509834293
2466,game,0.5381597500958271
2466,user,0.2722471358757753
2466,deploying,0.23445005405899313
2466,creo,0.2310265143939995
2466,serf,0.2310265143939995
2467,number,0.683737678706234
2467,dollar,0.5387657264539604
2467,ripple,0.27165316961072994
2467,jul,0.1981507824505788
2467,cash,0.1485899720993581
2468,number,0.6850235271079452
2468,day,0.40098253496665254
2468,avg,0.2872930956116832
2468,moving,0.26767143585976094
2468,low,0.21896811981315678
2469,fall,0.842008003160071
2469,cryptocrash,0.40513727906053254
2469,number,0.2632741928664159
2469,eth,0.18464595296500882
2469,url,0.10864683362655865
2470,project,0.4749316783024575
2470,user,0.3553825481574577
2470,impressed,0.35264226519537717
2470,impressive,0.34043992713858595
2470,airdrop,0.3360590518708461
2471,luna,0.31113895111190076
2471,lunatic,0.23696073601090273
2471,house,0.23037278295687513
2471,car,0.22499003337786314
2471,atom,0.216496684694311
2472,senate,0.6869494420939118
2472,pass,0.3434747210469559
2472,regulate,0.3223707906976673
2472,brazilian,0.3223707906976673
2472,bill,0.28289538843584805
2473,etf,0.42907890383997527
2473,pump,0.3775534371453586
2473,anytime,0.2821591316936028
2473,approval,0.2821591316936028
2473,th,0.2723956930745012
2474,user,0.42350467814476295
2474,giveawayinspector,0.3245582035875846
2474,busd,0.28013326782433096
2474,wonderful,0.2575039055938451
2474,trx,0.22852338158625363
2475,number,0.7207909775570696
2475,usd,0.4543599761237007
2475,bitstamp,0.35749251190079145
2475,coinbase,0.2820197338153138
2475,btc,0.16903891604962737
2476,ease,0.27322436226560887
2476,parachain,0.27322436226560887
2476,fundamentally,0.27322436226560887
2476,auction,0.24099076893283433
2476,remain,0.2371199927899024
2477,sound,0.5234573327714859
2477,sooner,0.28553429359299654
2477,door,0.28553429359299654
2477,mindset,0.26172866638574294
2477,centralized,0.256434475309689
2478,crypto,0.3241654813941203
2478,zcash,0.27409604413779154
2478,iota,0.2637489490212057
2478,largest,0.25572311852567536
2478,stellar,0.24628663200254236
2479,pulling,0.8492034558279787
2479,cap,0.3027905309051124
2479,back,0.26746106772103967
2479,altcoin,0.217648158003642
2479,market,0.20605546538718145
2480,feg,0.4594852137468381
2480,iamfeg,0.27223400771078365
2480,image,0.27223400771078365
2480,fegrox,0.27223400771078365
2480,fegex,0.27223400771078365
2481,bnb,0.5067049129414347
2481,update,0.4474157461899594
2481,binancecoin,0.3110346356001107
2481,price,0.29688912496646663
2481,number,0.28430474690114066
2482,index,0.6190199131081661
2482,number,0.41986456727189225
2482,treasury,0.24472009248134197
2482,halving,0.23900211244102487
2482,public,0.22628589042111522
2483,relaxed,0.5090734418969952
2483,either,0.4192871272996436
2483,anything,0.3993609598145024
2483,bear,0.3277155054182506
2483,still,0.3057702105044979
2484,number,0.5876595991830601
2484,dexit,0.41103447375997926
2484,usd,0.324134018802241
2484,hour,0.23685384694179937
2484,dxt,0.20551723687998963
2485,rich,0.45333659225189815
2485,cryptocurrency,0.3981330032358033
2485,investing,0.3671313692640725
2485,news,0.3241598002978101
2485,crypto,0.315847799317064
2486,sun,0.755161852258923
2486,tron,0.5817595985100371
2486,cryptocurrency,0.2748694588477788
2486,bitcoin,0.12543176243297566
2487,scalp,0.371512169763168
2487,tp,0.36283164357546777
2487,missed,0.32983015785657976
2487,perfect,0.32249087753985606
2487,safe,0.30318624592622173
2488,crytpo,0.2982281489174001
2488,self,0.28790868057708363
2488,bullshit,0.28790868057708363
2488,anybody,0.28790868057708363
2488,mostly,0.28790868057708363
2489,crossing,0.3520252544896894
2489,pretty,0.3207547945848759
2489,winner,0.3125295877436638
2489,upside,0.3089185620464142
2489,expect,0.2995511742634706
2490,min,0.6319282075103057
2490,delayed,0.47469795124415065
2490,derivs,0.2427505878421368
2490,oi,0.23994580184715653
2490,sheet,0.23493138824497997
2491,current,0.6598056426526541
2491,number,0.5716019064740826
2491,price,0.4476773383806637
2491,bitcoin,0.19368214976945358
2492,lit,0.3508525874752969
2492,consistent,0.3508525874752969
2492,viewer,0.3508525874752969
2492,pls,0.33871217691474903
2492,podcast,0.329295342894453
2493,central,0.5155363219029685
2493,creating,0.4892621337914137
2493,digital,0.40547046567330697
2493,bank,0.403789195471437
2493,currency,0.38240808509935187
2494,kc,0.3077705349163963
2494,although,0.3077705349163963
2494,bcha,0.3077705349163963
2494,loser,0.29712087524248104
2494,pumping,0.28211102296285046
2495,hr,0.49382471491067076
2495,number,0.44271597432319637
2495,ago,0.3933065904435275
2495,pumped,0.2749316193941838
2495,healthy,0.2580391455351868
2496,went,0.40085704385646803
2496,percent,0.3851528120708061
2496,minute,0.3428788895551502
2496,metaverse,0.2678927452478677
2496,cryptonews,0.24967429411037578
2497,user,0.8503721975106423
2497,bitcoin,0.5261816470582391
2498,url,0.7090525016576825
2498,btc,0.7051556919524811
2499,meta,0.5413605628578796
2499,bitcoinmining,0.49625384638071574
2499,nftart,0.41291294992640676
2499,get,0.3202844452615035
2499,nft,0.2817010658211179
2500,bxh,0.5419677229077805
2500,airdrop,0.5164813667586937
2500,airdropinspector,0.38370706698643525
2500,good,0.2909833433011027
2500,bsc,0.2444258575944604
2501,blockchain,0.4064976357510816
2501,environmental,0.3184461725216218
2501,international,0.30742710806589857
2501,esg,0.29888005765759623
2501,banking,0.2918966089885203
2502,number,0.8095350979316742
2502,longed,0.33951219934443083
2502,btcusdt,0.29901116871341016
2502,utc,0.2788029450423955
2502,binance,0.18100750731920456
2503,traded,0.5410825697764147
2503,increased,0.43604103155108354
2503,liquidity,0.43258311982664555
2503,far,0.4202920034851573
2503,number,0.2578635016272185
2504,kda,0.6482580746513795
2504,egld,0.5530608249509413
2504,wrong,0.25913374043945386
2504,avax,0.22638525741329812
2504,sol,0.20417226945454797
2505,believer,0.38973385749010225
2505,adam,0.38973385749010225
2505,oh,0.38973385749010225
2505,wanted,0.3500146899985074
2505,happened,0.33823370914558504
2506,lp,0.4686677225166075
2506,trustwallet,0.42959385525565374
2506,running,0.4209041233045113
2506,added,0.3779410123474995
2506,using,0.34077823232352455
2507,bounce,0.9785363738361346
2507,bitcoin,0.20607417373273365
2508,number,0.7800154697311604
2508,hour,0.47157316481370676
2508,day,0.22829331255707264
2508,current,0.22509486167551632
2508,btc,0.16006214271459798
2509,hotbit,0.32328796149661854
2509,precious,0.32328796149661854
2509,travel,0.3007471651014102
2509,dog,0.29062445684123545
2509,neo,0.27903689415718286
2510,easy,0.4871941582411833
2510,mining,0.4121539522041989
2510,start,0.40946922409208186
2510,earn,0.39958363501234906
2510,free,0.35195582384525187
2511,owner,0.5715256930633572
2511,happened,0.5411173944552446
2511,could,0.4053663225101319
2511,since,0.3963817006902427
2511,user,0.15708853363703415
2512,wrong,0.5627207694265763
2512,regardless,0.3519305146602931
2512,math,0.33415180748115475
2512,might,0.2911447133235568
2512,term,0.2792210488625717
2513,passed,0.3779705532241527
2513,successfully,0.3691391243976533
2513,security,0.36167225771776074
2513,audit,0.36167225771776074
2513,user,0.30438276597264624
2514,compete,0.27867933734732564
2514,threat,0.27093152890243954
2514,nct,0.27093152890243954
2514,detection,0.2646011084663862
2514,recently,0.2646011084663862
2515,bitcoinatm,0.5179740237560932
2515,buybitcoin,0.5000507775479098
2515,schedule,0.5000507775479098
2515,ahead,0.43160473789962805
2515,bitcoin,0.16149770783770143
2516,zesty,0.33457749284919924
2516,claiming,0.3323089763662903
2516,boltcoiner,0.3106968378742267
2516,unlock,0.30923641523155615
2516,ln,0.30643039410649625
2517,blue,0.38098273121250936
2517,coinhuntworld,0.355375807463369
2517,vault,0.355375807463369
2517,location,0.35312541347889576
2517,playing,0.341211546038224
2518,bed,0.25120326620378775
2518,otherwise,0.24251098091152293
2518,telling,0.24251098091152293
2518,happiness,0.23576872063572016
2518,poor,0.2256022453711614
2519,focus,0.37332829279339724
2519,tender,0.3619679836499298
2519,legal,0.34861093553003036
2519,sure,0.3349535306808834
2519,ta,0.329290998234443
2520,dextools,0.3283469187578038
2520,wild,0.3283469187578038
2520,autocrypto,0.3169852627737468
2520,au,0.3169852627737468
2520,tothemoon,0.2735968973558885
2521,loading,0.24014481290968834
2521,cell,0.24014481290968834
2521,mid,0.2318351788160967
2521,hnt,0.22538972586881068
2521,rune,0.22538972586881068
2522,movement,0.47454136211672077
2522,scan,0.4520839888113004
2522,try,0.4317017136688895
2522,moving,0.3990274955598786
2522,cryptocurrencies,0.29424275025731833
2523,watchinwhales,0.4546604341977869
2523,whalealert,0.44617252868804913
2523,hash,0.4256734311318184
2523,large,0.4227872621111957
2523,transaction,0.3757816689782718
2524,line,0.42556234181986247
2524,nft,0.3718579071932129
2524,japan,0.2892163244103912
2524,social,0.2550960823172586
2524,launched,0.2509987476601612
2525,filecoin,0.41830726284144165
2525,stellar,0.39061193339252964
2525,cosmos,0.38638451493113257
2525,number,0.38184308093783015
2525,bitcoincash,0.35806574709643046
2526,season,0.590460566943252
2526,ath,0.4817908162080504
2526,really,0.44907518151384523
2526,right,0.41735687440997765
2526,number,0.160988302553451
2527,wyckoff,0.717258867967024
2527,tf,0.374790608548675
2527,distribution,0.3522157572778061
2527,seems,0.332740770402156
2527,range,0.3082051886229846
2528,watchinwhales,0.4546604341977869
2528,whalealert,0.44617252868804913
2528,hash,0.4256734311318184
2528,large,0.4227872621111957
2528,transaction,0.3757816689782718
2529,hunt,0.37427789748786994
2529,experience,0.36977104639485797
2529,exciting,0.36977104639485797
2529,together,0.36165038021939017
2529,bitcoins,0.329829222520592
2530,arrow,0.34168599724410226
2530,latestnews,0.34168599724410226
2530,reportedly,0.3298627745077851
2530,court,0.32069197047792003
2530,breakingnews,0.30686355856384007
2531,cnbc,0.7369605745193494
2531,bear,0.49142209348607385
2531,market,0.35764045262046135
2531,bitcoin,0.23801071590220138
2531,number,0.17560650159668995
2532,freebitcoin,0.433624552783783
2532,btcturk,0.433624552783783
2532,cryptotab,0.4258696742666467
2532,creating,0.39767365191934556
2532,bitcoinmining,0.364539076004045
2533,token,0.5386127722855832
2533,farming,0.3955307030867646
2533,miner,0.3243059272086584
2533,initially,0.2278775037816026
2533,eth,0.22059043123452943
2534,sportsbook,0.4276068198258901
2534,try,0.3942897827904927
2534,spot,0.3826431489991541
2534,hunt,0.3751693714070193
2534,live,0.3329154582860353
2535,number,0.5289659418449912
2535,pair,0.29354274645066575
2535,result,0.2786639564096611
2535,bch,0.25739744564737765
2535,trend,0.2517458824991216
2536,hedging,0.7469148603197263
2536,longs,0.4391984790405303
2536,spot,0.37594836497226486
2536,shitcoin,0.22821430406281012
2536,leverage,0.2129168763113209
2537,interest,0.5413368070292293
2537,medium,0.4981692480920762
2537,hey,0.48527592451611745
2537,say,0.40154604627219176
2537,user,0.15715222998067782
2538,feg,0.4640448155759689
2538,smartdefi,0.2847899340339585
2538,invite,0.2847899340339585
2538,iamfeg,0.27493546282266373
2538,listonfegex,0.27493546282266373
2539,ogn,0.24542135119477995
2539,skl,0.24542135119477995
2539,tlm,0.24542135119477995
2539,zrx,0.2369291351753133
2539,chr,0.2369291351753133
2540,hex,0.5924720537429472
2540,mooning,0.3295336272591303
2540,dca,0.32183394602668447
2540,video,0.2615649289490325
2540,cryptocrash,0.2485794421336187
2541,user,0.4697463541096065
2541,lovecoin,0.3728993879735177
2541,airdrop,0.3553635713409713
2541,glad,0.3289066520172196
2541,board,0.3236237773763461
2542,number,0.3491356055203737
2542,forecast,0.3035440150649163
2542,previously,0.2930406039525651
2542,extended,0.28489352535100904
2542,venture,0.28489352535100904
2543,sbf,0.5944425802783907
2543,token,0.24256477213232014
2543,allow,0.20524969931295434
2543,yield,0.19814752675946357
2543,rewarded,0.19814752675946357
2544,happen,0.6679038538892836
2544,think,0.5213700652547003
2544,first,0.5145543407767339
2544,bitcoin,0.13157327769715682
2545,project,0.4862983731566517
2545,rapidly,0.33889639250968495
2545,develop,0.3046527350582031
2545,continue,0.27656893465549487
2545,user,0.2729160259981275
2546,land,0.6922812780094171
2546,introducing,0.25174932550534884
2546,number,0.23164918123879563
2546,exclusive,0.230760426003139
2546,cryptoworld,0.22204924564112688
2547,user,0.45571502753781384
2547,grab,0.3867157464498222
2547,must,0.357854314453776
2547,friend,0.3547454078496868
2547,wonderful,0.3463609892777901
2548,burn,0.5328516490543538
2548,pit,0.5072957927850349
2548,soon,0.41327209428971806
2548,going,0.384988794538265
2548,user,0.33618624681664755
2549,push,0.451472689877345
2549,run,0.37213039302286643
2549,ready,0.3595753290034243
2549,close,0.3476136526861545
2549,stock,0.3257377565791229
2550,pill,0.5305579990389289
2550,orange,0.5023294062398472
2550,warned,0.2793932959190053
2550,episode,0.27162563808627577
2550,probably,0.24749708902177947
2551,risk,0.44920952000000747
2551,user,0.3693969859378199
2551,factor,0.27522159348561726
2551,banned,0.26879093402378734
2551,main,0.26335388891946687
2552,make,0.4455385079361672
2552,online,0.4241093280040498
2552,money,0.396237281503928
2552,invest,0.318590563443595
2552,paypal,0.2257183798201838
2553,dogecoins,0.5101679939633078
2553,dogearmy,0.46115786905096345
2553,buying,0.38090722410639793
2553,litecoin,0.3796557460525789
2553,ltc,0.3631376192262748
2554,zesty,0.33457749284919924
2554,claiming,0.3323089763662903
2554,boltcoiner,0.3106968378742267
2554,unlock,0.30923641523155615
2554,ln,0.30643039410649625
2555,imagine,0.7770680747532596
2555,year,0.5180340955932433
2555,crypto,0.2496071668530605
2555,number,0.21186659588569684
2555,bitcoin,0.14357816966916787
2556,space,0.46251373853867483
2556,mined,0.4364367005787251
2556,block,0.3900637982473454
2556,month,0.387282478953699
2556,free,0.32622925958890414
2557,afraid,0.5106148324145832
2557,due,0.48344732536066537
2557,ban,0.4641716723480403
2557,losing,0.4641716723480403
2557,cryptocurrency,0.19030393087787914
2558,helping,0.3999192794460768
2558,climate,0.3999192794460768
2558,planet,0.3888007731367865
2558,truth,0.3542635380030201
2558,care,0.32497606944862517
2559,level,0.41242265632432074
2559,confluence,0.27863270431780096
2559,virtual,0.2721223429260806
2559,atm,0.2618497548102563
2559,bit,0.25764394315846395
2560,number,0.5846020268783019
2560,bullwhale,0.49067505095327324
2560,longed,0.39228346322479773
2560,worth,0.3483989514725421
2560,future,0.28806517050498076
2561,bitcoinmining,0.28169085598277915
2561,bitcoinnews,0.265489791960226
2561,trader,0.2525795886906072
2561,business,0.2505847431808006
2561,investor,0.24867481091237487
2562,least,0.4806489348529358
2562,waiting,0.4325571258369597
2562,reach,0.4270036175511037
2562,bought,0.4243851251205565
2562,opportunity,0.3701493207279846
2563,number,0.6850235271079452
2563,day,0.40098253496665254
2563,avg,0.2872930956116832
2563,moving,0.26767143585976094
2563,low,0.21896811981315678
2564,bscgems,0.5689612067968111
2564,soon,0.4874231071445061
2564,time,0.40422854517360407
2564,number,0.3620351138850343
2564,crypto,0.21326287586864745
2565,stock,0.8243943343123735
2565,strongly,0.5440145195759141
2565,url,0.12077901750244192
2565,bitcoin,0.09916961719897181
2566,snx,0.4068191017161402
2566,dogecoinarmy,0.38182313706055243
2566,atom,0.3588246938383575
2566,neo,0.33898428051565266
2566,aave,0.33144130544680195
2567,preparing,0.37824069308983116
2567,law,0.37824069308983116
2567,reduce,0.3677248921552661
2567,consumption,0.3677248921552661
2567,policy,0.35186839511792056
2568,advance,0.41184159837348666
2568,match,0.39759080967004456
2568,ticket,0.3865370391892736
2568,option,0.3321155333255796
2568,hey,0.3204056394856607
2569,current,0.6866419897382429
2569,price,0.4658857677400056
2569,crypto,0.35040683414703533
2569,number,0.2974253666743466
2569,btc,0.24413126833999296
2570,production,0.3744041751050556
2570,squeeze,0.3744041751050556
2570,remains,0.3544838214011032
2570,cost,0.32323792395775736
2570,face,0.32323792395775736
2571,path,0.8246748567341414
2571,war,0.37672775549085646
2571,wrong,0.32965432846604037
2571,right,0.2547195883886124
2571,bitcoin,0.06658478751249836
2572,meme,0.6250696938651227
2572,break,0.5379735306548936
2572,day,0.4395552892841266
2572,price,0.2940593462459228
2572,url,0.154943131509764
2573,year,0.49215709829410914
2573,maybe,0.3528047443096278
2573,cryptocrash,0.30974322382783037
2573,cryptocurrency,0.2989184929360207
2573,think,0.2702602809973927
2574,brought,0.5451965144550083
2574,pump,0.3886390968011385
2574,cryptotrading,0.3704222655172154
2574,back,0.3532458829252246
2574,bullish,0.3331456608465145
2575,christmas,0.4456180995456022
2575,coingecko,0.4456180995456022
2575,reward,0.36353015800745364
2575,hold,0.34902637555942373
2575,want,0.3130444503020713
2576,number,0.6079766744998936
2576,chng,0.45873640077263506
2576,volume,0.3190401372009175
2576,signal,0.30823820968310106
2576,usdt,0.29675695214321696
2577,monthly,0.6660814902477552
2577,yea,0.2664574623933803
2577,alpha,0.23930183201949934
2577,wedge,0.22787051206219566
2577,incoming,0.22787051206219566
2578,number,0.9013041457302107
2578,last,0.23550549908097446
2578,fibonacci,0.17523991804115147
2578,price,0.1660939757350074
2578,indicator,0.15139389533488745
2579,update,0.5529917232004444
2579,price,0.3669455762626953
2579,eth,0.3285955801571322
2579,recent,0.3162643292237017
2579,usd,0.2584217086060955
2580,crowdfunding,0.36657078197432463
2580,venturecapital,0.35388648106979526
2580,cryptoinvestor,0.32921224612493954
2580,startup,0.30928359619181295
2580,growth,0.2986504271891343
2581,hour,0.5146541671405724
2581,cryptocrash,0.3274941539943159
2581,number,0.31922793896402013
2581,resistance,0.313149006551153
2581,trend,0.30385441804653285
2582,tradingview,0.5768458125483389
2582,idea,0.4933101119704895
2582,thought,0.48771254090843763
2582,see,0.3772929742811257
2582,url,0.12806803491990987
2583,algotrading,0.5467272452250165
2583,agree,0.46139181369346177
2583,investor,0.3774609222190193
2583,start,0.36457017743395914
2583,come,0.34615860037811413
2584,user,0.6327046984803597
2584,faucet,0.28942200157197157
2584,part,0.2811112985972597
2584,success,0.28002859957866144
2584,giveaway,0.2677348542723834
2585,nftmint,0.3102503842924116
2585,tezos,0.29118783878399845
2585,nftlaunch,0.29118783878399845
2585,busd,0.25851785930261134
2585,ape,0.25276539855544633
2586,zesty,0.33632963573133307
2586,claiming,0.3340492392950696
2586,boltcoiner,0.31232392058187364
2586,unlock,0.3108558498780127
2586,ln,0.308035133951161
2587,number,0.8095350979316742
2587,longed,0.33951219934443083
2587,btcusdt,0.29901116871341016
2587,utc,0.2788029450423955
2587,binance,0.18100750731920456
2588,look,0.40128474615999027
2588,satisfaction,0.32122486830207037
2588,bluesparrowcharity,0.3101096537571025
2588,bluesparrowcommunity,0.3101096537571025
2588,bluesparrowtoken,0.301488023545511
2589,restriction,0.5156947241762027
2589,plunge,0.4840091739053215
2589,number,0.4745206779989794
2589,face,0.40810069133339955
2589,low,0.30336155347122173
2590,dropped,0.5357697146239213
2590,number,0.4827302584288094
2590,price,0.37807326183055334
2590,last,0.35738134319264947
2590,compared,0.2605502462470492
2591,pyr,0.44393464687771744
2591,qnt,0.39908156500653297
2591,anyone,0.3746435058307285
2591,else,0.3672577969670162
2591,avax,0.3100624989889736
2592,co,0.44871749952928114
2592,troy,0.4331907088928248
2592,akro,0.4113069265968708
2592,burn,0.35836956302800405
2592,waiting,0.3364857807320501
2593,babydoge,0.6032818505686224
2593,take,0.4977108684481126
2593,like,0.4126975792139216
2593,follow,0.39562636856575895
2593,user,0.19843791135240027
2594,edge,0.40787478086363915
2594,attention,0.36630680716730235
2594,dyor,0.3597558294347316
2594,else,0.32575040452307324
2594,weekend,0.31731952408113323
2595,magic,0.5251951425583046
2595,number,0.4505368337917626
2595,bk,0.27978846144067737
2595,overall,0.2701070541680774
2595,sportsbetting,0.2625975712791523
2596,beyond,0.4274054484888396
2596,lghl,0.4274054484888396
2596,flying,0.4155227751097759
2596,tonight,0.4058139240290008
2596,extra,0.3976052074034924
2597,really,0.3801658196858354
2597,user,0.2985228716729245
2597,petg,0.27152441871147037
2597,petgames,0.27152441871147037
2597,project,0.2659631040604247
2598,deal,0.37134697493529145
2598,gift,0.3561026220136318
2598,shoponline,0.24760316125128792
2598,overstock,0.23903544893851547
2598,onlineshopping,0.23903544893851547
2599,trading,0.2598732493131749
2599,reacts,0.25635449861072396
2599,base,0.24748396730134117
2599,slowly,0.24748396730134117
2599,corrective,0.24748396730134117
2600,user,0.5456856345793867
2600,partnership,0.38207776080263045
2600,announced,0.37594085569290875
2600,adoption,0.3493250670676951
2600,increase,0.32483624609418355
2601,hamstercoin,0.5539739677080054
2601,ham,0.30316879749064
2601,dorsey,0.2947401361059014
2601,audit,0.282030781382706
2601,certik,0.2769869838540027
2602,rixx,0.47710692804111127
2602,mover,0.4208203269225175
2602,cryptotrading,0.3042430322664802
2602,top,0.28588254771813915
2602,cryptocurrencies,0.252992509154853
2603,era,0.6806098348660187
2603,polygonnft,0.36258290130209386
2603,solananfts,0.3323535608207522
2603,information,0.2820832252426071
2603,polygon,0.24448017526409205
2604,url,0.6127690071565368
2604,btc,0.6094013521400864
2604,bitcoin,0.5031343119667219
2605,number,0.7102894116020845
2605,achieved,0.4410977454988825
2605,april,0.355708149865473
2605,may,0.29625458020292594
2605,target,0.28215755558012173
2606,excess,0.3701033188036048
2606,producer,0.3701033188036048
2606,bloomberg,0.32119718592633006
2606,largest,0.31650692765056765
2606,oil,0.31226407294545755
2607,inr,0.6601709909635448
2607,number,0.45093038023529697
2607,exchange,0.2857715989058727
2607,coindcx,0.22997358276025226
2607,btcinr,0.22460016064893298
2608,death,0.4551666968765113
2608,loved,0.4551666968765113
2608,event,0.3863201873356713
2608,bearish,0.36533211757280293
2608,life,0.3515635469292099
2609,okay,0.6275930125711627
2609,drop,0.47828015933225604
2609,another,0.4700417047436033
2609,market,0.3045653415364575
2609,crypto,0.1761850272642953
2610,broker,0.29700268099467747
2610,management,0.29700268099467747
2610,forextrading,0.2791132483419556
2610,strategy,0.2527304524793985
2610,risk,0.24238002200090197
2611,user,0.5132741747281897
2611,airdrop,0.388292409750007
2611,becomes,0.3824182157444195
2611,hopefully,0.3035416878755988
2611,cryptos,0.2962678100953143
2612,musk,0.6651990958339753
2612,elon,0.5758020444983257
2612,make,0.4596281428555557
2612,bitcoin,0.12126062323921505
2613,cryptocom,0.44586062987420955
2613,boom,0.4233367927784372
2613,altcoinseason,0.37626887349926036
2613,cryptotwitter,0.3511608208128001
2613,gain,0.3511608208128001
2614,premium,0.5833673658282531
2614,signal,0.3856853715068076
2614,access,0.26942410124688776
2614,early,0.2666798033009936
2614,rate,0.2532961007834859
2615,invitation,0.3572476886614304
2615,earned,0.32083930250450315
2615,store,0.2910547705314386
2615,earning,0.2910547705314386
2615,code,0.27572844941280933
2616,giveaway,0.5577282612731124
2616,user,0.5491709517702162
2616,giveawayinspector,0.42086415278770517
2616,usdt,0.24474975241502095
2616,good,0.23406178706291736
2617,stage,0.6409884728664198
2617,stacking,0.3496449076988393
2617,blow,0.328161865929221
2617,approaching,0.31401134806686376
2617,straight,0.2990111946635915
2618,democrat,0.42251668700873923
2618,cause,0.3794565044334543
2618,everybody,0.372670359424996
2618,absolutely,0.3479965626804437
2618,crypto,0.3435280033701973
2619,user,0.5220919609245914
2619,dont,0.4266938271102868
2619,nftgiveaway,0.3649787570453633
2619,miss,0.34794893133053967
2619,binancesmartchain,0.31504327594015213
2620,zone,0.46618801972846485
2620,tp,0.2746339280463666
2620,zilliqa,0.2746339280463666
2620,sl,0.26907869211778923
2620,push,0.26907869211778923
2621,ethbtc,0.47878329586232793
2621,analysis,0.3296139992684194
2621,finance,0.3156231217802077
2621,forex,0.3134079108821927
2621,eth,0.30898183439052546
2622,breaking,0.5455432764340249
2622,hit,0.5121192673032686
2622,could,0.487783750566555
2622,cryptonews,0.38489104426686044
2622,url,0.1424503918789581
2623,confirmation,0.29329715565348025
2623,watching,0.26366105579619215
2623,single,0.26366105579619215
2623,half,0.2573819191129374
2623,starting,0.2545963895797308
2624,outlook,0.33132275741718303
2624,heat,0.33132275741718303
2624,nftgame,0.33132275741718303
2624,interest,0.3136945712035353
2624,nftcollection,0.28604403312927634
2625,corporate,0.44212992364243947
2625,treasury,0.4149643753731368
2625,seeing,0.3781030232498569
2625,etf,0.3361731053194389
2625,decline,0.22106496182121974
2626,seasonaltokens,0.5018359930095605
2626,achievement,0.28215765470821413
2626,dedicated,0.27711158819538606
2626,cyclicalinvesting,0.2726606420895806
2626,discord,0.24862703055296856
2627,like,0.4528912874120864
2627,taste,0.43217033518828624
2627,madness,0.43217033518828624
2627,luxury,0.43217033518828624
2627,matter,0.3390315535240023
2628,asked,0.4027920650240765
2628,picture,0.4027920650240765
2628,internet,0.35346880357013694
2628,friend,0.33667058077214124
2628,seen,0.3287133612914221
2629,extra,0.44439721912945895
2629,discount,0.40755317912575295
2629,salvador,0.3951948778124482
2629,el,0.38191379671201703
2629,bought,0.36405214035909617
2630,bloomberg,0.46088199475584535
2630,rally,0.42413010496494585
2630,bitcoinmining,0.40094919800937057
2630,worth,0.3640239678739237
2630,huge,0.36248471561479556
2631,ico,0.3883622129100369
2631,user,0.25354587832223896
2631,izobiapp,0.2515908373274731
2631,handymanservices,0.2515908373274731
2631,izobiico,0.2515908373274731
2632,scam,0.6019779685217842
2632,besides,0.3527976139795258
2632,fair,0.3429891783813045
2632,maxi,0.31252139456873246
2632,everything,0.27990900393125306
2633,ieo,0.5600397125003831
2633,something,0.4393432827392427
2633,say,0.36052498977837194
2633,dogecoin,0.3016485537005948
2633,xrp,0.2865203126935153
2634,user,0.9472106429633086
2634,mcap,0.10998589989677142
2634,unityprotocol,0.10442966925849838
2634,unitycol,0.10442966925849838
2634,unity,0.10231728840737382
2635,ilv,0.38325474384299635
2635,woo,0.3699931345357565
2635,refuse,0.3699931345357565
2635,mc,0.3380403367035537
2635,maxi,0.32775383337111164
2636,betting,0.6550428614245866
2636,soccer,0.4020077523395655
2636,bet,0.3210646847759032
2636,bonus,0.31275507737744773
2636,may,0.2700005591118613
2637,rekt,0.7245272274259563
2637,bull,0.5409544664775162
2637,get,0.4068049975175414
2637,bitcoin,0.13014705494645493
2638,zesty,0.33632963573133307
2638,claiming,0.3340492392950696
2638,boltcoiner,0.31232392058187364
2638,unlock,0.3108558498780127
2638,ln,0.308035133951161
2639,reflection,0.6201591689033374
2639,burned,0.28845972348598603
2639,favorite,0.27468015746204116
2639,burn,0.25652231892938043
2639,hand,0.24601659473898949
2640,go,0.3090472863487047
2640,spring,0.2736881154693571
2640,hell,0.2736881154693571
2640,usual,0.2736881154693571
2640,entering,0.2736881154693571
2641,entry,0.4849557951191503
2641,number,0.483996692772521
2641,cheapest,0.3506619803293466
2641,draw,0.3214265134632312
2641,per,0.2564538334657434
2642,ava,0.4081116604870827
2642,slp,0.4081116604870827
2642,matic,0.26357518731567536
2642,luna,0.25866229551354397
2642,dot,0.2556405447443975
2643,book,0.9825545258953279
2643,bitcoin,0.18597473925941535
2644,pressure,0.5241522950072758
2644,around,0.41326971381699357
2644,buying,0.3971476557810216
2644,alert,0.35741211864585387
2644,trading,0.31066182483362453
2645,sport,0.4922254518426373
2645,one,0.30106840663236883
2645,discover,0.2693761927962573
2645,valuable,0.24611272592131864
2645,club,0.23862356234979437
2646,user,0.37157699052093657
2646,giveway,0.29496946839095267
2646,phemex,0.29496946839095267
2646,dedication,0.28476275885843466
2646,visionary,0.27684581988163964
2647,neckline,0.3355048584138054
2647,scalp,0.3261771938655039
2647,fake,0.31855593700335316
2647,shoulder,0.3065304858864089
2647,wo,0.3065304858864089
2648,adopting,0.4653634838175703
2648,lose,0.3791382458028957
2648,salvador,0.3716639277938603
2648,dominance,0.3591736374478462
2648,el,0.3591736374478462
2649,update,0.5529917232004444
2649,price,0.3669455762626953
2649,eth,0.3285955801571322
2649,recent,0.3162643292237017
2649,usd,0.2584217086060955
2650,went,0.4160647335845612
2650,percent,0.3997647156250634
2650,minute,0.3558870076525708
2650,cryptonews,0.2591464220325455
2650,last,0.2580957714513087
2651,number,0.6942835435253009
2651,block,0.33279694658643
2651,confirmed,0.23053994178336354
2651,stats,0.22183708467607366
2651,satoshis,0.21827395361182517
2652,favorable,0.3186316805538011
2652,developed,0.29905416762071707
2652,wonder,0.29206665080470706
2652,project,0.28608459382467516
2652,valuable,0.28104116728937495
2653,user,0.5098923685941572
2653,inswaywetrust,0.4047685533217853
2653,bandex,0.4047685533217853
2653,btfa,0.4047685533217853
2653,nft,0.3469522624462563
2654,ar,0.834639858354504
2654,arweave,0.3154255576264068
2654,url,0.29943883603141674
2654,read,0.22221798013877214
2654,altcoin,0.15609041837283816
2655,btc,1.0
2656,etherium,0.5952160572613462
2656,user,0.5734723323904252
2656,see,0.4243934636808258
2656,eth,0.2448236867109631
2656,crypto,0.20563001003870118
2657,tesla,0.4868154944606806
2657,billion,0.4253423529223061
2657,make,0.36975125331778913
2657,let,0.3588694153543809
2657,money,0.3288362932442678
2658,wyckoff,0.3243976926363194
2658,shibaswap,0.3185962114206366
2658,worry,0.3134789423241626
2658,entire,0.3089013891327397
2658,memecoin,0.30098014255420347
2659,blockfi,0.4677264019892849
2659,sector,0.4515418539686505
2659,growth,0.38106334882827797
2659,continue,0.3582525095676276
2659,altcoins,0.26989309316061644
2660,number,0.6421096074135637
2660,chng,0.44044609927409833
2660,volume,0.3063196722678731
2660,signal,0.2959484289310666
2660,usdt,0.28492494117276757
2661,airdrop,0.3158922611593295
2661,inspiration,0.29237399214556264
2661,approach,0.2834771070168445
2661,achieving,0.2796770253370359
2661,innovative,0.2762078225686428
2662,ledger,0.3968964030447645
2662,cryptomarket,0.3225196675149946
2662,safe,0.31489690530221226
2662,keep,0.26819321076539065
2662,litecoin,0.26551958278197174
2663,lunacoin,0.49362506681935975
2663,recover,0.4433179756333039
2663,wazirx,0.43538974134991615
2663,cryptocrash,0.34948100887636924
2663,luna,0.3128609281933601
2664,proper,0.27833514705088314
2664,sustainable,0.268704028229888
2664,ideal,0.2612335520944443
2664,idolaunchpad,0.2612335520944443
2664,ldo,0.24996901946908207
2665,elonmask,0.2835577430481715
2665,sharemarket,0.2835577430481715
2665,zilforthewin,0.2835577430481715
2665,asap,0.2835577430481715
2665,itp,0.2835577430481715
2666,number,0.6274553061125564
2666,perp,0.3030664237933781
2666,robert,0.3030664237933781
2666,excitement,0.28444527846003914
2666,greater,0.27217984358900477
2667,merge,0.6210566814290115
2667,funny,0.31940849619257367
2667,tag,0.31940849619257367
2667,powered,0.29713819003503433
2667,cry,0.2918242138043746
2668,add,0.44475525071667976
2668,automatically,0.2858387786716152
2668,server,0.2759480147123974
2668,bot,0.2682761421613527
2668,press,0.26200776586818486
2669,pizza,0.8667473847667748
2669,user,0.4764652835709108
2669,bitcoin,0.14741032715399613
2670,app,0.6333865417361056
2670,difference,0.403685231461608
2670,altcoinseason,0.35880223472530687
2670,cro,0.34548962626532254
2670,thought,0.31843021082689515
2671,cardano,0.5098772289074982
2671,number,0.3867308346442575
2671,price,0.3028867272175968
2671,recent,0.261053065661318
2671,alert,0.24508592413938526
2672,metaruffy,0.37146159457365774
2672,minting,0.34908726058804224
2672,mr,0.3434802464850985
2672,nftproject,0.31609026747136265
2672,bscgem,0.26581730409451454
2673,user,0.7159715031301424
2673,url,0.539554396826664
2673,bitcoin,0.4430190284520288
2674,hodl,0.45470032647260905
2674,miamibitcoinbull,0.3700084053691921
2674,bitcoinarmy,0.3700084053691921
2674,bitcoinbull,0.3572051537689687
2674,buy,0.35109344313042806
2675,fantastic,0.8073072757551925
2675,news,0.47850478252411144
2675,crypto,0.23311755866100822
2675,user,0.21671037552889177
2675,bitcoin,0.13409307437873372
2676,metamask,0.3845744104616911
2676,receive,0.3755886799450833
2676,donation,0.3679913530450886
2676,grow,0.34571523501006873
2676,area,0.3272484424802984
2677,ing,0.33486517370623137
2677,airdrop,0.3191179387358289
2677,literally,0.31429023508845566
2677,anymore,0.30073786948073794
2677,glad,0.29535951710573205
2678,stronger,0.37713428210245376
2678,standard,0.3580823394904692
2678,project,0.35074816096487155
2678,promising,0.32551282847310176
2678,successful,0.3039203821871095
2679,solanafarm,0.3333559503911219
2679,achievement,0.3101131776936423
2679,project,0.310032771071761
2679,working,0.2644840223719604
2679,airdropstario,0.25724252519870805
2680,user,0.3896821831670996
2680,dogecolanft,0.38667742265565774
2680,dogecola,0.3732973797740737
2680,babydoge,0.2961734819124133
2680,safemoon,0.26859019191354994
2681,number,0.737816005538203
2681,unknown,0.36642352530804234
2681,wallet,0.3203068895295403
2681,symbol,0.2004278524711897
2681,detail,0.19219998709290415
2682,missing,0.7790444897827132
2682,lot,0.5896418520704448
2682,url,0.16469687785206044
2682,bitcoin,0.13522983269941266
2683,buybitcoin,0.7779579551591398
2683,true,0.5965293176279368
2683,btc,0.1521590766183735
2683,bitcoin,0.1256256686254917
2684,love,0.9143581181189001
2684,user,0.3443211861799965
2684,bitcoin,0.21305434184184951
2685,great,0.4132561069029959
2685,user,0.3828337032417222
2685,cmc,0.32968347722703367
2685,wonderful,0.29096837315218926
2685,launch,0.2762200702727934
2686,cry,0.473629170818788
2686,view,0.42886002495239334
2686,might,0.42886002495239334
2686,weekend,0.41776052193874497
2686,see,0.30035624813161077
2687,free,0.4103507673091597
2687,get,0.3613700295072511
2687,download,0.3128533826790275
2687,code,0.28618967763691683
2687,claim,0.26810581525670435
2688,bowl,0.7265597887627305
2688,incredible,0.6525134892485612
2688,user,0.18305141967043223
2688,bitcoin,0.11326604724436745
2689,sl,0.34817448935655826
2689,crv,0.3419477873619588
2689,peak,0.3364554469569289
2689,highest,0.3364554469569289
2689,fib,0.3364554469569289
2690,adding,0.47088532033166486
2690,offering,0.26693416913349427
2690,provides,0.24467927554677937
2690,pitbull,0.23544266016583243
2690,insight,0.22827818467154032
2691,balance,0.6559666958034622
2691,start,0.5382861092697249
2691,exchange,0.4876055570265132
2691,url,0.15875882123340992
2691,bitcoin,0.13035419441426527
2692,hole,0.36092245375527116
2692,yu,0.35088813236721317
2692,spend,0.3197186832032038
2692,加密货币,0.3197186832032038
2692,币圈,0.3197186832032038
2693,dump,0.7108833859280916
2693,plan,0.6608975079958926
2693,url,0.170555199774714
2693,btc,0.1696178627563679
2694,number,0.9234743519001799
2694,tue,0.1471890096621806
2694,sep,0.13935774780997934
2694,busd,0.1338013791003126
2694,usdc,0.13082407152370096
2695,force,0.7410830130267354
2695,go,0.48212217386426764
2695,number,0.3928715358358222
2695,user,0.21513934871172136
2695,bitcoin,0.1331209759485977
2696,legendary,0.3741812839691806
2696,violent,0.3741812839691806
2696,played,0.3741812839691806
2696,character,0.3612336399339812
2696,sport,0.3300373165711601
2697,economics,0.5649393469323916
2697,ammous,0.5649393469323916
2697,saifedean,0.5649393469323916
2697,bitcoin,0.17614089782979384
2697,url,0.10726130231599339
2698,back,0.42198478485681035
2698,dumped,0.3256437583246793
2698,sunday,0.3180349653911921
2698,bitcoincrash,0.30602918089454156
2698,hodling,0.296716770962064
2699,woke,0.7016688292761801
2699,honestly,0.6773892658097953
2699,user,0.1767803246532812
2699,btc,0.13248906899567875
2700,experiment,0.3301849640260995
2700,place,0.2809664716855047
2700,sure,0.27840115301885465
2700,kishu,0.27840115301885465
2700,floki,0.27840115301885465
2701,struggling,0.39461769846000855
2701,posted,0.38364658604911805
2701,dog,0.3547473705607747
2701,key,0.30451669790460245
2701,loss,0.3007328187443452
2702,wow,0.7224423898803645
2702,ath,0.6444032593303151
2702,url,0.1777183661234155
2702,btc,0.17674166178589013
2703,number,0.8237570131942135
2703,bitstamp,0.4085608352656945
2703,usd,0.25963297856140244
2703,btc,0.19318637016041643
2703,price,0.18433275874712376
2704,cryptogaming,0.4224844277198865
2704,blue,0.368108460999752
2704,coinhuntworld,0.3433668532574939
2704,vault,0.3433668532574939
2704,playing,0.3296812343376695
2705,considering,0.5027480047375118
2705,brazil,0.48535161832368945
2705,green,0.4241792268494744
2705,reddit,0.4054238871964297
2705,mining,0.3257655145288054
2706,think,0.3959341612553988
2706,bout,0.3204691243495615
2706,rn,0.2878089728608029
2706,uk,0.2878089728608029
2706,however,0.2826618389949994
2707,escape,0.27675505684891283
2707,oppression,0.27675505684891283
2707,retweeting,0.27675505684891283
2707,match,0.2671786132518134
2707,imf,0.2671786132518134
2708,unstopable,0.45830872790380567
2708,ether,0.3664073293699569
2708,ico,0.3664073293699569
2708,ripple,0.325417564928538
2708,digital,0.3240415573955677
2709,hourly,0.63649454904657
2709,btcusd,0.44934955614010774
2709,update,0.4147986563061292
2709,number,0.35143816610625966
2709,btc,0.28846579629014013
2710,anymore,0.3878911602695536
2710,worry,0.3748353130073346
2710,though,0.3748353130073346
2710,stuff,0.3482977943812174
2710,fun,0.3482977943812174
2711,privilege,0.5473487844431618
2711,owning,0.5137183309750094
2711,pay,0.41044773885418195
2711,high,0.31203849921854315
2711,cryptonews,0.2807886557194098
2712,laugh,0.3519043397980739
2712,policy,0.3273683068531491
2712,bitcoincrash,0.32151369960430026
2712,vra,0.31634957002554054
2712,return,0.3037363147180336
2713,user,0.9051384860589997
2713,lfg,0.31178989825514675
2713,gm,0.27517605742222995
2713,url,0.06821101786245144
2713,bitcoin,0.056006918006555016
2714,tutorial,0.32053302379575394
2714,smash,0.32053302379575394
2714,fresh,0.3130436451601752
2714,wan,0.28814488597149013
2714,bybit,0.2702629529741522
2715,outperformed,0.45202470069999146
2715,posting,0.41433839907251396
2715,return,0.3766520974450364
2715,inu,0.3766520974450364
2715,number,0.31195064258863303
2716,best,0.6550449467386267
2716,cryptocurrency,0.39407115404434945
2716,trade,0.34081013685273714
2716,exchange,0.33633287802228184
2716,doge,0.286463400920321
2717,alpha,0.6537309066389019
2717,volume,0.43935113694125016
2717,number,0.41862325774871256
2717,bear,0.2342973817419415
2717,whale,0.23281327084479983
2718,website,0.51034276798664
2718,uidesign,0.34683393017185454
2718,girl,0.317917616335777
2718,bts,0.3114868472856471
2718,europe,0.3114868472856471
2719,metaverse,0.4690365961263997
2719,investing,0.35791805588196257
2719,cryptoeducation,0.2840422557386105
2719,motivation,0.2742136561377777
2719,habit,0.2742136561377777
2720,bal,0.6701214893124358
2720,volume,0.4309466537339411
2720,number,0.41061528452612694
2720,bear,0.22981543496908055
2720,whale,0.22835971408635797
2721,dod,0.5665166735348796
2721,guaranteed,0.2832583367674398
2721,ftm,0.2332994898817091
2721,double,0.2262251115186616
2721,left,0.21862249766479652
2722,hedge,0.44908835193383495
2722,amc,0.3789927994572141
2722,whole,0.37152134877230897
2722,dump,0.36812923353041843
2722,cryptocrash,0.3293457319496554
2723,mango,0.38644399162941845
2723,steep,0.38644399162941845
2723,settlement,0.38644399162941845
2723,proposes,0.373072026067476
2723,hacker,0.3626999237737424
2724,million,0.3899406516568983
2724,people,0.3484040352668914
2724,cuz,0.2813327693931424
2724,afraid,0.2671204953260165
2724,innovation,0.25290822125889073
2725,number,0.7837392257201522
2725,btg,0.23493472410857819
2725,upbit,0.21464564022429258
2725,kava,0.21464564022429258
2725,korea,0.20532419357466733
2726,satoshis,0.5208881182074194
2726,amount,0.46694490352457724
2726,never,0.42080817575404134
2726,look,0.37489460865064916
2726,usd,0.30461896069543676
2727,solving,0.5941276373652237
2727,attack,0.5156185192276915
2727,network,0.4371094010901592
2727,lightning,0.410831023811168
2727,url,0.11280309022863046
2728,line,0.659497876160793
2728,number,0.5670719501206879
2728,last,0.22899399068573087
2728,monday,0.19164754427142516
2728,price,0.16150163151536764
2729,number,0.4243326038672607
2729,tested,0.3689214742473541
2729,tumble,0.35615583328630285
2729,cryptocurrencynews,0.2667462697623485
2729,price,0.2658690792117504
2730,cryptogems,0.4141565251279406
2730,audited,0.3887097311590517
2730,locked,0.37962737726768114
2730,incoming,0.3541805832987922
2730,store,0.3374192086080943
2731,participation,0.2908492865276647
2731,tru,0.2908492865276647
2731,pulling,0.28078514598619897
2731,front,0.28078514598619897
2731,stopped,0.2729787921101701
2732,permanent,0.3469805353695966
2732,slavery,0.33497410786618764
2732,poor,0.31161851142478636
2732,debt,0.3060455712296885
2732,tax,0.2891234620965984
2733,elephant,0.41232558573801875
2733,icp,0.35261479079822267
2733,usdc,0.3359275162587682
2733,cryptocrash,0.29192188844412054
2733,elonmusk,0.2662967124395204
2734,mcdonald,0.4542413525831415
2734,blue,0.3627812046671634
2734,coinhuntworld,0.3383976568460638
2734,vault,0.3383976568460638
2734,playing,0.32491009585693204
2735,focus,0.5784669716253521
2735,payment,0.4768748100932611
2735,cryptonews,0.33644414947446055
2735,new,0.33242082183753685
2735,nft,0.2810803880835687
2736,babycatcoin,0.4296769732765627
2736,babycat,0.4296769732765627
2736,babycatcoinbsc,0.41480903428962757
2736,greater,0.38588706038892817
2736,user,0.3247619033193751
2737,artwork,0.44498938538174976
2737,king,0.4256647682539519
2737,artist,0.4155274832725151
2737,sold,0.36279196152400073
2737,nftart,0.3169360508785213
2738,number,0.6850235271079452
2738,day,0.40098253496665254
2738,avg,0.2872930956116832
2738,moving,0.26767143585976094
2738,low,0.21896811981315678
2739,february,0.36459062220472976
2739,achievement,0.34886927658967065
2739,curated,0.3277507010584915
2739,write,0.3277507010584915
2739,article,0.31024350558370234
2740,polkadot,0.49400632438253
2740,dot,0.3977528488408259
2740,altcoinseason,0.25866511824430327
2740,rich,0.247003162191265
2740,nftcollectors,0.2350251645858204
2741,cnn,0.5598108835666883
2741,grow,0.4723243961897343
2741,investment,0.3285852907687366
2741,best,0.3178960574711142
2741,money,0.2941891353266305
2742,transfered,0.5122407344219613
2742,number,0.4383680071776298
2742,unknown,0.43541573879281
2742,wallet,0.3806160121069899
2742,usd,0.3223861434484461
2743,significantly,0.5363731682194978
2743,approaching,0.5132444659362891
2743,believe,0.388463587675189
2743,strong,0.370306121852369
2743,support,0.34162144487520474
2744,second,0.4276303836491805
2744,bounce,0.4132881869043565
2744,already,0.4036784989741225
2744,target,0.3571314072488759
2744,let,0.3201940034538632
2745,prediction,0.37629535000277037
2745,tip,0.34554721644692044
2745,really,0.3410591236744364
2745,tweet,0.3024080070608269
2745,learnt,0.2565538918217133
2746,perfectly,0.37310009005203704
2746,suffering,0.36018985813383
2746,image,0.36018985813383
2746,talking,0.32908367630534574
2746,crazy,0.3190697224500819
2747,idiot,0.41179611221186296
2747,told,0.4003474076680097
2747,fool,0.4003474076680097
2747,listen,0.38308421004657595
2747,january,0.36478448313401096
2748,line,0.6653573406561136
2748,number,0.5721102346673607
2748,last,0.23102854182920973
2748,monday,0.1933502820994997
2748,price,0.16293653086835652
2749,staking,0.5143563655898844
2749,payouts,0.29127415715309907
2749,betfurysuccess,0.29127415715309907
2749,username,0.29127415715309907
2749,hunt,0.25876499412523835
2750,current,0.6866419897382429
2750,price,0.4658857677400056
2750,crypto,0.35040683414703533
2750,number,0.2974253666743466
2750,btc,0.24413126833999296
2751,pump,0.5775181398876502
2751,megapump,0.36415003191713097
2751,sky,0.35963299911003876
2751,powerful,0.3305815927201326
2751,history,0.3194942929764852
2752,bitgert,0.40978573357566
2752,listing,0.3455179161614491
2752,nftartist,0.3046759659762248
2752,nftcollector,0.2967837425039999
2752,art,0.2967837425039999
2753,merry,0.4612825717284043
2753,christmas,0.4146767366105525
2753,stable,0.4146767366105525
2753,morning,0.38928369539615243
2753,still,0.28699587290576256
2754,number,0.5605961983653899
2754,best,0.3953879647971418
2754,hour,0.38733608858415414
2754,id,0.283631812373883
2754,ask,0.2628439620984045
2755,user,0.36998109774310484
2755,trustworthy,0.35442465762981074
2755,airdrop,0.34986382297701885
2755,project,0.3296274106168072
2755,busd,0.3059116560354187
2756,number,0.6025356364400193
2756,byte,0.3920551480370149
2756,information,0.33962446384962713
2756,reward,0.3090689667510452
2756,visit,0.30462903314700857
2757,surveyj,0.26770196654496853
2757,joined,0.26025934960446423
2757,signup,0.2541782887840998
2757,instant,0.2541782887840998
2757,survey,0.2541782887840998
2758,tail,0.3142612942951323
2758,notice,0.3142612942951323
2758,appears,0.30338703749262064
2758,dumping,0.28806063333941995
2758,red,0.26514896446465824
2759,boston,0.4597570206384854
2759,bonk,0.4597570206384854
2759,sick,0.4438482339061131
2759,throw,0.4438482339061131
2759,as,0.4129015428368412
2760,claiming,0.33960006870260095
2760,boltcoiner,0.3175137447128905
2760,unlock,0.31602127937172236
2760,ln,0.31315369217238975
2760,faucet,0.31315369217238975
2761,number,0.8187766459642499
2761,longed,0.34338802672474256
2761,utc,0.2819857234232413
2761,btcusd,0.26172237247183316
2761,binance,0.18307386562463332
2762,decreased,0.5563868008152709
2762,number,0.5303140656579522
2762,hour,0.3206114391215054
2762,current,0.30607334312228385
2762,last,0.29445691945382363
2763,enough,0.41190344324529704
2763,ugly,0.2527901411517533
2763,ups,0.2440429458657638
2763,zilliqa,0.23171446654117386
2763,january,0.21618241947933453
2764,number,0.7485412732266066
2764,day,0.37556830267808905
2764,rsi,0.3616472689472354
2764,aud,0.21814544961529528
2764,oversold,0.20873889936719614
2765,number,0.6418031176659337
2765,𝗽𝗹𝘂𝗻𝗴𝗲𝗱,0.29926985746403684
2765,𝗔𝗖𝗧𝗜𝗢𝗡,0.29926985746403684
2765,𝗣𝗥𝗜𝗖𝗘,0.29926985746403684
2765,𝗕𝗜𝗧𝗖𝗢𝗜𝗡,0.29926985746403684
2766,providing,0.3063481461917147
2766,car,0.2808072219401835
2766,infrastructure,0.27512711395271466
2766,education,0.27512711395271466
2766,backed,0.26198443952359973
2767,number,0.6609466323312259
2767,spacex,0.5746374513204664
2767,ticket,0.26966515757260967
2767,mar,0.23940992712915232
2767,space,0.22539750183150875
2768,min,0.6319282075103057
2768,delayed,0.47469795124415065
2768,derivs,0.2427505878421368
2768,oi,0.23994580184715653
2768,sheet,0.23493138824497997
2769,zil,0.6902089843766467
2769,user,0.4268812234894578
2769,nftgiveaways,0.3383011143979878
2769,thanks,0.2903583418335843
2769,giveaway,0.2709581162517189
2770,miota,0.4817832767800707
2770,xem,0.4521813291152565
2770,watch,0.3464501164619321
2770,dot,0.30178833699042623
2770,week,0.2929791159895649
2771,aether,0.6028654678928355
2771,ath,0.41503724045987483
2771,real,0.39601240186636255
2771,shitcoin,0.2763016185133268
2771,project,0.27064245810912524
2772,good,0.47527293071863586
2772,airdrop,0.4217932374688623
2772,new,0.29912158390800386
2772,user,0.29736431676275077
2772,project,0.26493091226082327
2773,number,0.7531303976970056
2773,ethereumclassic,0.3499757621684557
2773,bitcoincash,0.30897695346321724
2773,litecoin,0.2643037028821225
2773,dogecoin,0.2204246453431671
2774,affiliatemarketing,0.4033944988600442
2774,gift,0.391865625617894
2774,onlineshop,0.27246968062198085
2774,shipping,0.27246968062198085
2774,networkmarketing,0.27246968062198085
2775,problem,0.6148161190168296
2775,solution,0.5775986237585276
2775,inflation,0.5099971957496119
2775,url,0.12997755145336443
2775,bitcoin,0.10672237851106219
2776,scalping,0.46726751822111084
2776,setup,0.41964661882291704
2776,clear,0.36656480029983823
2776,giving,0.36064319616125307
2776,chart,0.30277523145093943
2777,credit,0.42271524535977417
2777,crypto,0.407349464768654
2777,card,0.40013540523498886
2777,fast,0.39648203400503707
2777,exchange,0.29216009256925246
2778,number,0.9304687153574306
2778,jan,0.1383628646840009
2778,busd,0.13481478621290138
2778,usdc,0.13181492860956512
2778,gmt,0.10909268553343401
2779,bch,0.5790933740525976
2779,entry,0.2981067716802953
2779,number,0.29751720267804344
2779,stop,0.2841961470890364
2779,position,0.2831892370446885
2780,line,0.6807860943946958
2780,number,0.5853767117656682
2780,last,0.23638578711781155
2780,price,0.166714812787224
2780,indicator,0.15195978545394426
2781,number,0.832525103079915
2781,index,0.19093179615946615
2781,date,0.16758878421244636
2781,avax,0.16268216539678496
2781,month,0.15848639785503799
2782,principle,0.6819825426466823
2782,matter,0.5350057190043359
2782,everyone,0.4448872921864472
2782,crypto,0.1848290717757296
2782,btc,0.1287719054582664
2783,user,0.6704813917070991
2783,shibainucoin,0.32114497085463106
2783,airdrop,0.31701238842811863
2783,comment,0.26825879943937075
2783,babydoge,0.25479585277089717
2784,unity,0.6498094767481283
2784,cryptogem,0.24118297626094204
2784,mooning,0.22636410191429332
2784,unityprotocol,0.2210750167253078
2784,unitycol,0.2210750167253078
2785,dropped,0.5357697146239213
2785,number,0.4827302584288094
2785,price,0.37807326183055334
2785,last,0.35738134319264947
2785,compared,0.2605502462470492
2786,united,0.3998319510260412
2786,estate,0.3998319510260412
2786,america,0.3730308247396079
2786,company,0.34519072802906925
2786,tesla,0.33935513139062917
2787,cryptomonnaie,0.344946866247419
2787,bullmarket,0.333010808976321
2787,cryptocommunity,0.333010808976321
2787,sec,0.2874288959828634
2787,bullrun,0.27817057068833523
2788,work,0.4664617434289906
2788,delay,0.3445182035154131
2788,taste,0.3445182035154131
2788,orijin,0.32335015904073006
2788,launchpad,0.2837548297867003
2789,performs,0.3487066899997863
2789,nftgame,0.31963424002415275
2789,waiting,0.26148934007288555
2789,launch,0.25355202355183226
2789,bscgems,0.2521301016385217
2790,round,0.7401599104513497
2790,send,0.5996222092695231
2790,number,0.1814124615144907
2790,url,0.14972899021629554
2790,btc,0.1489061098500874
2791,gbp,0.5412660948612019
2791,tip,0.42231598787085695
2791,update,0.3527389970405943
2791,current,0.3449748349501557
2791,like,0.3403624318328469
2792,period,0.6978143331222196
2792,long,0.5165999278127494
2792,time,0.42486366095895717
2792,url,0.1570298034958734
2792,btc,0.15616679933068392
2793,thankful,0.3984581710561019
2793,cent,0.37832899540567705
2793,someone,0.343917942345679
2793,enough,0.3362651849349291
2793,test,0.33284005759100593
2794,tesla,0.4221679776483761
2794,elonmusk,0.3504619455450206
2794,soon,0.33612686458421287
2794,shib,0.3069611033524519
2794,metaverse,0.29868806474960297
2795,crypto,0.32975420814458245
2795,predicts,0.2936563908280196
2795,popular,0.27318161383612916
2795,ftt,0.256644741911138
2795,memecoin,0.2534612389113521
2796,project,0.5549332277579248
2796,user,0.3114346655756132
2796,lorc,0.30903325584881935
2796,landorc,0.30903325584881935
2796,airdropstario,0.23022150905472583
2797,line,0.659497876160793
2797,number,0.5670719501206879
2797,last,0.22899399068573087
2797,monday,0.19164754427142516
2797,price,0.16150163151536764
2798,sol,0.39307135710703867
2798,recap,0.32318891705947306
2798,mint,0.26929896373568407
2798,discount,0.2661874328073234
2798,uni,0.2514353869402256
2799,thought,0.40939390620092436
2799,cryptocrash,0.400869791086729
2799,ath,0.3898015961646511
2799,hit,0.3864787890985681
2799,would,0.35072347186887237
2800,ecommerce,0.41363114279002505
2800,radio,0.39931843120298827
2800,grow,0.348989427498858
2800,store,0.33699117214863883
2800,help,0.3025058265788864
2801,tg,0.6022358764118723
2801,thank,0.4805008071435704
2801,cryptonews,0.33704586785220353
2801,doge,0.3263213208906157
2801,bnb,0.2693686651419472
2802,hurt,0.28819522572805656
2802,suffering,0.2782229225818678
2802,suffer,0.2782229225818678
2802,bias,0.2782229225818678
2802,joke,0.2782229225818678
2803,number,0.8779041077376273
2803,volume,0.25593694510681125
2803,low,0.24944221847436188
2803,high,0.24173867181078282
2803,btc,0.16013267888518862
2804,guaranteed,0.3345934679514052
2804,peter,0.29511986578680843
2804,nft,0.2868008390295842
2804,man,0.27880186923446093
2804,collection,0.27880186923446093
2805,performer,0.5161754536890253
2805,track,0.4355082522481679
2805,forget,0.42053547999242885
2805,moving,0.37118151389672893
2805,top,0.3092924145454234
2806,current,0.5887132934774209
2806,cad,0.5350879345027749
2806,price,0.3994412646028712
2806,usd,0.2813068224933593
2806,number,0.2550066407172884
2807,birthday,0.40542162108107355
2807,amazon,0.3388684745286361
2807,giving,0.33339428562789214
2807,cryptocurency,0.314089054594766
2807,bscgems,0.3123276404944048
2808,lending,0.40624285147421124
2808,itoldyouso,0.392185793951351
2808,currencytimes,0.3812822930486143
2808,sea,0.37237348413442783
2808,sec,0.33850411679464437
2809,drep,0.6804783629965522
2809,volume,0.42544073176552794
2809,number,0.40536912309048345
2809,bear,0.2268792343022159
2809,whale,0.22544211220780883
2810,user,0.4827847843853556
2810,think,0.47349849989838877
2810,inevitable,0.3441913586713226
2810,easier,0.3380358904073401
2810,truth,0.3277495223748485
2811,appears,0.39884485740076503
2811,donation,0.37103596318049387
2811,panic,0.3533117745481354
2811,candle,0.3365915156884316
2811,save,0.3119221601123933
2812,lt,0.603558832100116
2812,gt,0.5298962585412086
2812,ball,0.1852056894182296
2812,btcz,0.1852056894182296
2812,station,0.1852056894182296
2813,memecoin,0.4281777191362642
2813,user,0.3883907153332663
2813,cryptocurency,0.37363938014244474
2813,bscgems,0.37154400730787646
2813,altcoins,0.2965143571891537
2814,hunt,0.37427789748786994
2814,experience,0.36977104639485797
2814,exciting,0.36977104639485797
2814,together,0.36165038021939017
2814,bitcoins,0.329829222520592
2815,eye,0.4880369997531201
2815,face,0.4516137436296286
2815,project,0.3842901810775017
2815,loved,0.2615504843606382
2815,glad,0.2516769827273635
2816,number,0.7490294887663577
2816,addr,0.37510891939499136
2816,tx,0.32770323569959126
2816,whale,0.2975467832626825
2816,alert,0.2712504305567623
2817,user,0.45361383735557753
2817,pufferswap,0.4501161127871817
2817,airdrop,0.4289491335113908
2817,cryto,0.4224598734447394
2817,good,0.24166806589475973
2818,wtf,0.6178724365791911
2818,resistance,0.44566833496924885
2818,still,0.3954145521061599
2818,people,0.39352914545189893
2818,cryptocurrency,0.22489783053984244
2819,exclusive,0.5239395059477425
2819,domain,0.470781315720397
2819,purchase,0.470781315720397
2819,sale,0.3901546964940934
2819,url,0.3255746832275735
2820,balance,0.612066289853545
2820,𝗥𝗲𝗰𝗶𝗲𝘃𝗲𝗿,0.3575825482233533
2820,𝗦𝗲𝗻𝗱𝗲𝗿,0.3575825482233533
2820,transfered,0.31458808970372043
2820,address,0.2790357422452645
2821,bscnews,0.3637035108893275
2821,dapps,0.3480204179959213
2821,farming,0.33630656141220633
2821,yieldfarming,0.3039987201154458
2821,gem,0.29257347350908436
2822,fork,0.4240780061050753
2822,dev,0.2279311827644847
2822,caused,0.22159426823222936
2822,moved,0.22159426823222936
2822,core,0.22159426823222936
2823,dba,0.5598417550022902
2823,ongoing,0.2799208775011451
2823,september,0.24293161819256032
2823,backed,0.23938422711132792
2823,changing,0.23938422711132792
2824,tradingview,0.5768458125483389
2824,idea,0.4933101119704895
2824,thought,0.48771254090843763
2824,see,0.3772929742811257
2824,url,0.12806803491990987
2825,bar,0.6481189231820714
2825,impulse,0.35353440922344276
2825,detection,0.3240594615910357
2825,volatility,0.2728624916636939
2825,term,0.2707877699102146
2826,beginner,0.3773656182077894
2826,building,0.33890694209560407
2826,guide,0.32749983173755653
2826,book,0.3108088793836802
2826,called,0.3043135614391239
2827,market,0.4687930401346293
2827,consolidating,0.4586017089140066
2827,straight,0.427861188342208
2827,cap,0.34443661380266505
2827,hold,0.3400844930757044
2828,great,0.423790287225505
2828,user,0.39259239572349813
2828,excellent,0.29021564962854046
2828,reward,0.2758077872785673
2828,success,0.26063604168832205
2829,exploit,0.48791223008679385
2829,warns,0.48791223008679385
2829,decentralized,0.38157853593936264
2829,loss,0.37183132136865144
2829,finance,0.33316962424143526
2830,user,0.7201382129589329
2830,moon,0.4390740826456962
2830,dogecoin,0.38488992726378757
2830,bsc,0.32227591274399814
2830,url,0.1356736048244162
2831,number,0.7893217117569349
2831,bybit,0.2715352575241497
2831,deposit,0.2715352575241497
2831,shorted,0.2556184901718663
2831,another,0.24809385413082433
2832,setup,0.46663272694070773
2832,kava,0.4582875350314535
2832,reverse,0.4233137280937732
2832,wrong,0.40102293341329753
2832,long,0.32454173577137696
2833,user,0.3842064783196313
2833,doge,0.3787082686618833
2833,random,0.3680519095928014
2833,shibaarmy,0.32603422331054255
2833,prize,0.32603422331054255
2834,excess,0.4686694996297631
2834,stage,0.42959548420694504
2834,phase,0.4209057193057268
2834,peak,0.4067386504319963
2834,breakdown,0.39542646440671153
2835,koin,0.2865566705159143
2835,coinnews,0.2865566705159143
2835,haber,0.2865566705159143
2835,yeni,0.2865566705159143
2835,executive,0.2865566705159143
2836,cold,0.549404349179627
2836,holding,0.45483955669830656
2836,essentially,0.3212194666731015
2836,correct,0.31010443903852186
2836,count,0.31010443903852186
2837,tps,0.41978309350084425
2837,scalable,0.41978309350084425
2837,secured,0.393990589353677
2837,user,0.3172838315887142
2837,avax,0.283048770097633
2838,mission,0.5301275375608304
2838,like,0.27777258574899893
2838,purpose,0.2558918741084201
2838,faster,0.24296481461860592
2838,secure,0.23003775512879174
2839,would,0.5352172780546542
2839,cherry,0.4320283557432443
2839,adoption,0.34839445152240334
2839,else,0.3450407288011515
2839,everything,0.33090978399149423
2840,litecoin,0.630331834053791
2840,fine,0.43042224822343406
2840,forget,0.3975749559443292
2840,better,0.3121551981211229
2840,also,0.30929140332231747
2841,user,0.6716773120129798
2841,number,0.6132836664626359
2841,bitcoin,0.41561127628730754
2842,welcome,0.35096736555392155
2842,enter,0.3458423904204552
2842,ether,0.3121261349330692
2842,available,0.3097528703702974
2842,share,0.2822021061532343
2843,number,0.5209204829542328
2843,price,0.4079837605081442
2843,last,0.3856548427287003
2843,increased,0.2936213711389862
2843,dropped,0.28907802403203176
2844,china,0.7445087534391751
2844,fud,0.4242843961338192
2844,june,0.4096975000137534
2844,cryptocurrency,0.17179296247049222
2844,bitcoin,0.15678929297262678
2845,massive,0.5008268212080422
2845,holder,0.455468135306473
2845,news,0.36642309913466653
2845,update,0.3576806099252784
2845,crypto,0.3570273962850929
2846,collection,0.48260153810532985
2846,famous,0.27179495307174895
2846,phrase,0.27179495307174895
2846,russian,0.2654443583945192
2846,limited,0.24765136372989469
2847,struggle,0.45690930748492403
2847,altcoinnews,0.42883567757786223
2847,recover,0.4103440502877784
2847,red,0.38550413917699017
2847,altcoins,0.2636512836703334
2848,lina,0.27482379286585024
2848,bal,0.27482379286585024
2848,rsr,0.26840242817005605
2848,flashed,0.25041115119854035
2848,anticipated,0.2439897865027462
2849,successful,0.36647293570334505
2849,user,0.35603686169331134
2849,airdropstario,0.3509236559633704
2849,hopefully,0.3509236559633704
2849,even,0.32152938931325153
2850,mass,0.641114884210394
2850,adoption,0.5756741142548203
2850,via,0.4409857021222238
2850,user,0.17985373737132462
2850,url,0.13553734242236615
2851,min,0.6319282075103057
2851,delayed,0.47469795124415065
2851,derivs,0.2427505878421368
2851,oi,0.23994580184715653
2851,sheet,0.23493138824497997
2852,number,0.8127426372779946
2852,shorted,0.3290040720165779
2852,btcusdt,0.30019591053756073
2852,utc,0.2799076178581613
2852,binance,0.18172469512636583
2853,fireblocks,0.4219274249707451
2853,defi,0.41809591044085637
2853,institutional,0.39600316783212436
2853,question,0.3515733749476876
2853,finance,0.27814264237038755
2854,nftjapan,0.34120084733363515
2854,solananfts,0.32396417787383
2854,nftartwork,0.30672750841402485
2854,nftcollection,0.27969108053678976
2854,nftgiveaway,0.24899251441867798
2855,year,0.36110169326566854
2855,paused,0.32099717524126337
2855,quarter,0.3012743205055173
2855,beginning,0.28312759318094277
2855,wo,0.28312759318094277
2856,ada,0.44189149230693314
2856,cardano,0.3425277552074186
2856,improved,0.28234265747517623
2856,discussing,0.28234265747517623
2856,grayscale,0.2725728683874839
2857,upgrade,0.6447535180115411
2857,stacksats,0.6224433721028443
2857,hodl,0.3961661828218309
2857,url,0.12241509179747836
2857,btc,0.1217423231143917
2858,reddit,0.4136654956572315
2858,deal,0.38466620181581423
2858,gift,0.3688750745593274
2858,overstock,0.24760901380316663
2858,tumblr,0.24072501864789211
2859,still,0.48294100405918194
2859,boolish,0.4020215683600447
2859,wedge,0.3438029463292159
2859,falling,0.3275326868205842
2859,play,0.29401525721440047
2860,btcusdt,0.6393359870613887
2860,update,0.5107470283325587
2860,binance,0.3870243839231384
2860,url,0.3571545696688307
2860,btc,0.1775958600526899
2861,watchinwhales,0.4546604341977869
2861,whalealert,0.44617252868804913
2861,hash,0.4256734311318184
2861,large,0.4227872621111957
2861,transaction,0.3757816689782718
2862,investing,0.6479477803167618
2862,woman,0.514208618697612
2862,finance,0.3389761733172419
2862,need,0.3126974177001434
2862,crypto,0.2787188696183323
2863,know,0.4134001917223071
2863,statement,0.33728704467872267
2863,nakamoto,0.31656330036088665
2863,convince,0.31656330036088665
2863,beautiful,0.2845762817355439
2864,waxp,0.6802480683884667
2864,volume,0.42529674966130043
2864,number,0.40523193383009176
2864,bull,0.2282895056280672
2864,whale,0.22536581572918424
2865,saitamainutoken,0.3350222331882919
2865,saitamainu,0.3350222331882919
2865,saitamallc,0.32057589256430163
2865,saitamatoken,0.32057589256430163
2865,saita,0.32057589256430163
2866,guy,0.5978272579130893
2866,ltc,0.538757722529545
2866,trading,0.44205607301782845
2866,bitcoin,0.2719224756535963
2866,crypto,0.2363653155210119
2867,went,0.4160647335845612
2867,percent,0.3997647156250634
2867,minute,0.3558870076525708
2867,cryptonews,0.2591464220325455
2867,last,0.2580957714513087
2868,legendary,0.312472538701358
2868,rabbit,0.30166017748712504
2868,hole,0.30166017748712504
2868,skill,0.30166017748712504
2868,copy,0.286421010265927
2869,mining,0.5193976811892492
2869,york,0.38692018319281474
2869,ban,0.33395925324605846
2869,bill,0.3301006251589959
2869,state,0.3047391943024013
2870,mad,0.351259413660074
2870,rest,0.32676834727901166
2870,saw,0.3157698042102864
2870,fed,0.2905895255800087
2870,space,0.28543486017025377
2871,limit,0.41736013895653307
2871,battle,0.40891786798302127
2871,especially,0.4016048402281655
2871,band,0.38938408110924805
2871,given,0.3671782347465251
2872,number,0.737816005538203
2872,unknown,0.36642352530804234
2872,wallet,0.3203068895295403
2872,symbol,0.2004278524711897
2872,detail,0.19219998709290415
2873,waxp,0.30350465048807934
2873,wax,0.30350465048807934
2873,freenft,0.30350465048807934
2873,planet,0.29506665175987434
2873,nftgaming,0.28817230480119627
2874,asia,0.3865880011384041
2874,fill,0.3748242015848625
2874,send,0.3332578901713668
2874,bid,0.32651870299862984
2874,hopefully,0.32651870299862984
2875,user,0.37091866215605823
2875,mission,0.36805858336070446
2875,extremely,0.3553228006649385
2875,task,0.31475829990255755
2875,interested,0.28873678534705066
2876,turning,0.4699468095795334
2876,anyone,0.40793699736665934
2876,else,0.39989494178476337
2876,feel,0.3706547701425761
2876,around,0.3376168620702414
2877,number,0.8460982209321903
2877,turn,0.3122149477298355
2877,invest,0.24538546696997493
2877,onto,0.19358188673321913
2877,reach,0.14330010592163672
2878,get,0.49685912718094577
2878,board,0.4424576492846165
2878,behind,0.40717496315524604
2878,left,0.3934912743947447
2878,take,0.3221641239161976
2879,gold,0.5218311717445518
2879,less,0.4018032014746054
2879,advancement,0.2515505590725294
2879,technological,0.2515505590725294
2879,peter,0.22187392864125907
2880,gem,0.38419101056309174
2880,aircoindaolabs,0.2544303081018375
2880,dao,0.24562635878047046
2880,aircash,0.24562635878047046
2880,aircoin,0.24562635878047046
2881,raptor,0.4951858264014236
2881,bscgems,0.3580408874307022
2881,lottery,0.2475929132007118
2881,altcoingems,0.23902555549709967
2881,farming,0.2148755305206308
2882,realtor,0.3785729572711599
2882,blame,0.3785729572711599
2882,daytrading,0.3399912369287761
2882,call,0.30528717862233146
2882,data,0.28582350921740424
2883,establishment,0.39839799562173944
2883,catalyst,0.39839799562173944
2883,reveals,0.3739194444047258
2883,mass,0.35779583491052275
2883,truth,0.3407041200927293
2884,slip,0.2670568523745987
2884,oxt,0.2670568523745987
2884,equity,0.2670568523745987
2884,yield,0.2578159918349468
2884,silver,0.2578159918349468
2885,user,0.4862089850520239
2885,crosschain,0.3216399505941674
2885,mistake,0.2948241147011998
2885,ankr,0.2948241147011998
2885,data,0.24283894984471713
2886,field,0.6815008570193435
2886,baseball,0.3529638958212743
2886,olympicgames,0.3312769272708074
2886,play,0.25813732094181535
2886,ready,0.25246828051467596
2887,user,0.6084588021550487
2887,bscgem,0.40550823573988765
2887,best,0.3428571793739762
2887,doge,0.2998757081400935
2887,airdrop,0.2876872953031155
2888,number,0.39288710502003604
2888,lunaclassic,0.34158226041501194
2888,lunarcrush,0.32976262724234734
2888,bnbchain,0.3205946074943608
2888,youtube,0.28820024696862745
2889,retracement,0.37427837321227936
2889,side,0.3616807123869706
2889,technical,0.3395329224936559
2889,zone,0.32422502923167806
2889,gold,0.2881775029827355
2890,roll,0.24802660902061405
2890,kripto,0.24802660902061405
2890,survey,0.24802660902061405
2890,complete,0.24802660902061405
2890,btcturk,0.2430095802089302
2891,merge,0.7898366584547419
2891,amp,0.4216351512894911
2891,ethereum,0.31423173461327325
2891,user,0.21202063204508564
2891,number,0.19358818328498614
2892,user,0.49081008481420924
2892,toko,0.4870255475036215
2892,airdrop,0.4641228799964398
2892,airdropinspector,0.3448086232468783
2892,good,0.26148480083890124
2893,number,0.7677047252411017
2893,mar,0.18538676027786632
2893,comment,0.17941529757547495
2893,pm,0.1776882058913517
2893,kishu,0.1760658526308998
2894,entrepreneurship,0.5745239677215188
2894,motivation,0.2872619838607594
2894,financialfreedom,0.2872619838607594
2894,confluence,0.27927556173977797
2894,mindset,0.27275017973462795
2895,analyst,0.5647735635533864
2895,reach,0.48173411243586267
2895,number,0.4491064835094618
2895,say,0.41893067040548315
2895,crypto,0.176369154208428
2896,nearly,0.4196703769110079
2896,expected,0.37726494283999124
2896,fun,0.360583946472714
2896,fact,0.35385232384672294
2896,reach,0.33100092163360517
2897,number,0.8846349126233032
2897,cake,0.28793868425353886
2897,ada,0.18238403294243585
2897,doge,0.17363639887560106
2897,bnb,0.14333174693434636
2898,ambcrypto,0.4446523941936595
2898,lie,0.4292662667573849
2898,knownews,0.41733185913913196
2898,truth,0.38026020305261177
2898,ahead,0.37050908202061916
2899,number,0.8961991106354752
2899,btc,0.27585520194235075
2899,current,0.25862283848260226
2899,price,0.1754752861931711
2899,bitcoin,0.15183449215561837
2900,long,0.554554645256643
2900,stopped,0.4166407658061062
2900,ago,0.3175246118163775
2900,everyone,0.28958602444442677
2900,buying,0.28764419126969276
2901,marvel,0.3604814217261792
2901,blockchainart,0.3604814217261792
2901,nonfungible,0.34800782849804335
2901,smartcontracts,0.3383325579229481
2901,bio,0.2969025828517753
2902,user,0.43219358654226553
2902,touched,0.3430888233569676
2902,mfloki,0.33121705919452676
2902,metafloki,0.33121705919452676
2902,eye,0.293404527532987
2903,infinity,0.5431178230240743
2903,fuck,0.5102405376408905
2903,given,0.48767994536652387
2903,bought,0.44492448968607873
2903,bitcoin,0.09427668548698656
2904,wyckoff,0.5475029588626616
2904,method,0.537711495472281
2904,cryptocurency,0.4432769369145248
2904,full,0.4383866550188352
2904,url,0.11574695556167242
2905,towards,0.5288013881758513
2905,set,0.51253139888704
2905,ath,0.4640599388347993
2905,new,0.34166308485521524
2905,btc,0.25455713815959746
2906,usdjpy,0.44751202697566494
2906,maanky,0.4102019569630926
2906,sponsored,0.4102019569630926
2906,find,0.3481566159099604
2906,reach,0.33127335387115286
2907,dogecoin,0.3910000200209661
2907,bitmain,0.36296467547053607
2907,asic,0.35040515521475746
2907,antminer,0.34066323445900043
2907,plus,0.3104020646186807
2908,fell,0.4149891785374059
2908,main,0.3970946198050848
2908,pullback,0.3970946198050848
2908,behind,0.3531294819109462
2908,reason,0.34398999228583194
2909,current,0.6866419897382429
2909,price,0.4658857677400056
2909,crypto,0.35040683414703533
2909,number,0.2974253666743466
2909,btc,0.24413126833999296
2910,number,0.9450431899808756
2910,current,0.20778524761891495
2910,price,0.14098204167340309
2910,indicator,0.12850448287934696
2910,daily,0.11359283013866747
2911,number,0.7823415959924825
2911,bitmex,0.283408396628946
2911,jst,0.27360173019920436
2911,jan,0.24236670229644944
2911,strategy,0.22634495727250994
2912,everyone,0.6303387111775892
2912,user,0.48688789277832006
2912,get,0.4708445603547689
2912,price,0.3481778481016355
2912,bitcoin,0.15063490675305477
2913,project,0.4109339656150779
2913,giveaway,0.3903571200961866
2913,user,0.30749424916594326
2913,giveawayinspector,0.2945651673790306
2913,airdrop,0.29077462122495645
2914,balance,0.612066289853545
2914,𝗥𝗲𝗰𝗶𝗲𝘃𝗲𝗿,0.3575825482233533
2914,𝗦𝗲𝗻𝗱𝗲𝗿,0.3575825482233533
2914,transfered,0.31458808970372043
2914,address,0.2790357422452645
2915,set,0.6804035165448371
2915,next,0.512180448812055
2915,go,0.5052339111628711
2915,bitcoin,0.13950246427633403
2916,shit,0.811689166235777
2916,going,0.5551247545000124
2916,btc,0.18165132632813286
2917,user,0.31247682921475217
2917,deflectprotocol,0.2842163782555971
2917,vision,0.27846731058865876
2917,glad,0.2734872416540349
2917,inspiration,0.2734872416540349
2918,apr,0.2788195185215654
2918,bscnews,0.2788195185215654
2918,farm,0.2667966694740645
2918,dapps,0.2667966694740645
2918,farming,0.2578166850776644
2919,free,0.8815813083234975
2919,user,0.40140305828902084
2919,bitcoin,0.24837467989078754
2920,compared,0.4940295049725237
2920,converting,0.3315753315880403
2920,prove,0.32010196413706765
2920,shitcoins,0.29778330690678473
2920,version,0.28355835831166476
2921,signal,0.4723242629502971
2921,lrc,0.35720639341026
2921,bnb,0.3320792193439685
2921,done,0.3036910174318424
2921,channel,0.3017025048260087
2922,tutorial,0.5299293549072732
2922,buythedip,0.4429372849591102
2922,bitcoinnews,0.40177277954060103
2922,dip,0.3749259026629413
2922,good,0.30314595612842377
2923,shaken,0.30938198509429266
2923,massively,0.2986765650598844
2923,basic,0.2986765650598844
2923,lesson,0.2835881229661484
2923,accumulate,0.27785176351185187
2924,metamask,0.6893563173158227
2924,warns,0.3545348938973865
2924,attack,0.3187143452332688
2924,apple,0.3187143452332688
2924,source,0.28809652903141203
2925,user,0.6082665771518064
2925,airdropstario,0.44964824015534116
2925,crypto,0.3271592768335462
2925,good,0.32406111794485193
2925,airdrop,0.2875964088025397
2926,spy,0.4313447914310622
2926,mrna,0.26185656954503284
2926,sq,0.2527956522944876
2926,wallstreetbets,0.2400250066951958
2926,fb,0.2351698325714617
2927,credit,0.42271524535977417
2927,crypto,0.407349464768654
2927,card,0.40013540523498886
2927,fast,0.39648203400503707
2927,exchange,0.29216009256925246
2928,number,0.6081066177062349
2928,profile,0.5575917202641967
2928,loss,0.48621423287683707
2928,price,0.23813387340297348
2928,btc,0.12478579208503927
2929,number,0.875074223590389
2929,jan,0.17121786153340005
2929,tictoknextblock,0.16892264317973452
2929,recipient,0.16892264317973452
2929,remaining,0.1631150832721753
2930,nft,0.5650982767345438
2930,monopoly,0.4395110158109174
2930,set,0.33418182101319915
2930,ready,0.3143737695065207
2930,change,0.2737540990017047
2931,unknown,0.5954990327257779
2931,transfered,0.35028460697899916
2931,used,0.33027456705262254
2931,address,0.3106981112906382
2931,never,0.3045443490872241
2932,press,0.3791720664905047
2932,wall,0.37150225561948463
2932,street,0.3589980348386675
2932,oil,0.3490136073727912
2932,higher,0.321820169982266
2933,amzn,0.3870305770117104
2933,charting,0.20801912835451894
2933,scanning,0.20801912835451894
2933,roku,0.20801912835451894
2933,msft,0.20223580629446145
2934,inu,0.48779360558438156
2934,catcoin,0.29270347897083704
2934,sitting,0.27471905841620026
2934,moonshot,0.27471905841620026
2934,setup,0.2628730234351374
2935,blockchain,0.469738439565695
2935,tutorial,0.3453782741982667
2935,blog,0.32457502301113705
2935,course,0.31936172267923413
2935,tech,0.30662836905629987
2936,upgrade,0.6781766832510203
2936,miner,0.4825766353044699
2936,number,0.3120148844390907
2936,ethereum,0.25323079306478363
2936,cryptocurrency,0.23168088492467728
2937,dead,0.6495860288169567
2937,know,0.45133260323934155
2937,wallet,0.44129358065560526
2937,user,0.3710969867539534
2937,number,0.16941745431867647
2938,route,0.32682295680184137
2938,normal,0.3067421517403483
2938,opening,0.2995750021884211
2938,holiday,0.2995750021884211
2938,missing,0.29351526358547697
2939,min,0.6319282075103057
2939,delayed,0.47469795124415065
2939,derivs,0.2427505878421368
2939,oi,0.23994580184715653
2939,sheet,0.23493138824497997
2940,number,0.8220957482504303
2940,shorted,0.3327902786886683
2940,utc,0.28312881838558246
2940,btcusd,0.26278332521040665
2940,binance,0.18381599827940515
2941,project,0.4744904044366228
2941,achievement,0.3164089752970531
2941,achieve,0.31075036314188825
2941,cool,0.29356811300474167
2941,excellent,0.2624649632959414
2942,safe,0.4850980645244951
2942,hiddengem,0.3166665498112543
2942,charting,0.3057090649223293
2942,finding,0.3057090649223293
2942,ultimate,0.2843939322564449
2943,busy,0.37000269274996467
2943,jk,0.37000269274996467
2943,click,0.3263516938740307
2943,hello,0.3211098567843905
2943,favorite,0.3164208737259982
2944,newsletter,0.5702017411116725
2944,latest,0.4756176301356497
2944,investment,0.37944980439839304
2944,daily,0.375377789935076
2944,great,0.3516320131686039
2945,line,0.6697418127474023
2945,number,0.5758802409538564
2945,last,0.23255093909162275
2945,price,0.16401022560138406
2945,indicator,0.14949456666725935
2946,number,0.638663157266936
2946,price,0.42874248038021845
2946,updated,0.33048334975040605
2946,minute,0.2794175480369847
2946,ltc,0.24500680449202153
2947,amazingly,0.34138268293020585
2947,addition,0.3204072925403337
2947,especially,0.30110812439092566
2947,helpful,0.2962717476720306
2947,board,0.2962717476720306
2948,number,0.5281702495418861
2948,nord,0.36942505640667517
2948,kucoin,0.3001963370037165
2948,pair,0.293101187390798
2948,result,0.278244778637091
2949,aave,0.3861177965978561
2949,price,0.3415453845395509
2949,real,0.311317047895773
2949,target,0.303159631895859
2949,soon,0.2935637332587769
2950,hello,0.675827660266858
2950,right,0.46441145469110784
2950,go,0.43966936901535025
2950,url,0.2957048503776563
2950,number,0.17913880508808266
2951,tradingview,0.5248240746330832
2951,idea,0.44882188167112563
2951,thought,0.4437291168647795
2951,trade,0.36263415909647573
2951,see,0.3432675279688579
2952,market,0.36136731456455495
2952,freebitcoin,0.34636061428286546
2952,weakly,0.3401663513666149
2952,suggests,0.3110064120342746
2952,neutral,0.30801259492284655
2953,fine,0.5456452043554576
2953,gambling,0.5290413242751475
2953,fix,0.4853047285305645
2953,next,0.35407793158998074
2953,bitcoin,0.1928802402248469
2954,tradingsignals,0.32739849254765807
2954,technicalanalysis,0.29403214443065784
2954,insight,0.2799863868518145
2954,updated,0.27280661593814726
2954,technical,0.26673620612590243
2955,moving,0.34729779620776546
2955,cel,0.2331251709477791
2955,zec,0.21687084774747953
2955,fil,0.21687084774747953
2955,ar,0.21299236100729566
2956,dcr,0.24699273191540244
2956,kda,0.23844614204270997
2956,hnt,0.23181689191403426
2956,macd,0.2264004001681681
2956,ht,0.2264004001681681
2957,traded,0.5410825697764147
2957,increased,0.43604103155108354
2957,liquidity,0.43258311982664555
2957,far,0.4202920034851573
2957,number,0.2578635016272185
2958,time,0.956906829409508
2958,bitcoin,0.29039510985800465
2959,baby,0.4349980661136883
2959,help,0.3720039914192976
2959,western,0.2543297063620168
2959,disease,0.2543297063620168
2959,angel,0.2543297063620168
2960,office,0.43053365035687124
2960,accepting,0.4119688055584973
2960,man,0.3822296910227748
2960,salvador,0.36635684195810053
2960,el,0.354044903714679
2961,pilled,0.48345470631261955
2961,accepting,0.43418411284071823
2961,orange,0.41957011272534767
2961,el,0.3731366801346514
2961,started,0.3650094864197247
2962,number,0.7655808706665043
2962,feb,0.19925787185425153
2962,comment,0.178918945282751
2962,pm,0.17719663159653953
2962,kishu,0.1755787665752251
2963,cryptoartist,0.5252186594019485
2963,cryptoart,0.4492534021027879
2963,opensea,0.4203769350295655
2963,amazing,0.4066436325568687
2963,nfts,0.31442272385255277
2964,airdrop,0.47919695198807866
2964,join,0.3723058846774083
2964,official,0.2909312043895739
2964,missed,0.2793314112948973
2964,rally,0.2677316182002207
2965,modern,0.46486746161679654
2965,relevant,0.4363048631766327
2965,promising,0.3873533994508979
2965,excellent,0.3463138238307099
2965,idea,0.3399770983815995
2966,owned,0.3540486502232245
2966,kill,0.3322950316984158
2966,squeeze,0.32453082917837567
2966,zero,0.3027772106535669
2966,lunc,0.28551039223933244
2967,shall,0.6238709184214929
2967,rewarded,0.6022833646829694
2967,plan,0.458992018479611
2967,url,0.11845025054516592
2967,btc,0.11779927183085516
2968,faster,0.29821226102319515
2968,provides,0.29821226102319515
2968,easier,0.28695478140707953
2968,bitcointrading,0.27108825503415496
2968,cost,0.2574584327881467
2969,download,0.5513185984935988
2969,various,0.3066440288436616
2969,record,0.2794047905029162
2969,rise,0.25024820048309215
2969,fall,0.24037206767550912
2970,freebitcoin,0.433624552783783
2970,btcturk,0.433624552783783
2970,cryptotab,0.4258696742666467
2970,creating,0.39767365191934556
2970,bitcoinmining,0.364539076004045
2971,number,0.8220957482504303
2971,shorted,0.3327902786886683
2971,utc,0.28312881838558246
2971,btcusd,0.26278332521040665
2971,binance,0.18381599827940515
2972,stacking,0.39678861979937713
2972,thread,0.37240895258511464
2972,weak,0.34435624219512156
2972,scam,0.3268062068233643
2972,might,0.31689640907955835
2973,content,0.5608129787637257
2973,heavy,0.30591096485602115
2973,clearly,0.2953256511348079
2973,turning,0.2871150439343107
2973,shitcoin,0.28040648938186286
2974,encouraging,0.31182649404404134
2974,outcome,0.30103648765248964
2974,local,0.29266710848195604
2974,supporting,0.2800471438356324
2974,group,0.27062116791600105
2975,heavily,0.2682306607320103
2975,wage,0.2682306607320103
2975,minimum,0.2458676757658564
2975,greatest,0.2458676757658564
2975,guide,0.2327861681564654
2976,zesty,0.33457749284919924
2976,claiming,0.3323089763662903
2976,boltcoiner,0.3106968378742267
2976,unlock,0.30923641523155615
2976,ln,0.30643039410649625
2977,filecoin,0.41830726284144165
2977,stellar,0.39061193339252964
2977,cosmos,0.38638451493113257
2977,number,0.38184308093783015
2977,bitcoincash,0.35806574709643046
2978,marvininu,0.2664505778128245
2978,bridge,0.2572306959472799
2978,dao,0.2572306959472799
2978,marvin,0.2572306959472799
2978,upcoming,0.24423600230684053
2979,key,0.8053880358413517
2979,keyusdt,0.36036552790639353
2979,flying,0.33822378490405636
2979,moon,0.22142513630874738
2979,number,0.1657966298790119
2980,chill,0.34620710363725754
2980,grandma,0.34620710363725754
2980,pension,0.34620710363725754
2980,boy,0.3053633849621541
2980,probably,0.2960712350736229
2981,brought,0.5689962345512564
2981,therefore,0.5689962345512564
2981,full,0.4359507990132813
2981,think,0.37450297532834237
2981,url,0.1151038180172201
2982,term,0.4114074870295344
2982,short,0.34920444046351645
2982,way,0.33742543164315986
2982,user,0.2706490916772382
2982,afraid,0.2461715475287476
2983,hope,0.35718558778592546
2983,goodnight,0.28672995416926
2983,australia,0.2768083532237718
2983,fam,0.26911256164791764
2983,health,0.26911256164791764
2984,antminer,0.4564532553193536
2984,machine,0.445788047666031
2984,efficient,0.445788047666031
2984,info,0.38841278255876077
2984,miner,0.34606592637635997
2985,update,0.5529917232004444
2985,price,0.3669455762626953
2985,eth,0.3285955801571322
2985,recent,0.3162643292237017
2985,usd,0.2584217086060955
2986,home,0.4716469465542163
2986,cake,0.4661974489359829
2986,talk,0.461152002205333
2986,safe,0.43354697477517384
2986,nice,0.3847538565429861
2987,user,0.31688372196526643
2987,cliff,0.31444029566658016
2987,wishing,0.31444029566658016
2987,contest,0.29512031171396186
2987,competition,0.2823945636120981
2988,sentiment,0.568917615599281
2988,news,0.4100582477421902
2988,gauge,0.36855918140555377
2988,positive,0.2943508843065485
2988,based,0.2943508843065485
2989,crackdown,0.34622130480060953
2989,extended,0.34622130480060953
2989,fell,0.34622130480060953
2989,chinese,0.32014124972406777
2989,percent,0.2919224706082103
2990,number,0.6610804693202722
2990,fx,0.38624208378807956
2990,chance,0.35916526012432176
2990,billion,0.32557030860486613
2990,big,0.3063779175850573
2991,number,0.5209204829542328
2991,price,0.4079837605081442
2991,last,0.3856548427287003
2991,increased,0.2936213711389862
2991,dropped,0.28907802403203176
2992,number,0.8220957482504303
2992,shorted,0.3327902786886683
2992,utc,0.28312881838558246
2992,btcusd,0.26278332521040665
2992,binance,0.18381599827940515
2993,unknown,0.5494336858848731
2993,wallet,0.4802841050682713
2993,number,0.4609658626208974
2993,transferred,0.3427334859359474
2993,tx,0.28234403289969456
2994,hitting,0.7464298224442003
2994,see,0.4733552635183064
2994,cryptocurrencies,0.4487453233763102
2994,bitcoin,0.1319278189515963
2995,best,0.5834842871855933
2995,time,0.5278300395323746
2995,yesterday,0.39969186228237097
2995,start,0.33072872343026144
2995,next,0.2940524950728039
2996,perfect,0.5217266272811545
2996,level,0.4448146090080796
2996,look,0.39999190666092355
2996,first,0.3904178333160975
2996,like,0.33554187366281757
2997,candle,0.6574196024629584
2997,minute,0.5684858657742485
2997,number,0.37125286454700585
2997,volatility,0.31140064680904633
2997,url,0.0766034979894286
2998,milo,0.5330003922749407
2998,animation,0.48697020363315635
2998,gamefi,0.41401408073480733
2998,celebrity,0.2760523233300801
2998,supported,0.26650019613747034
2999,crisis,0.4179916659213801
2999,lifetime,0.4179916659213801
2999,economic,0.3865053145108477
2999,worst,0.3865053145108477
2999,lose,0.3628373714736282
3000,woke,0.5443790911553485
3000,dream,0.4169642225307088
3000,nftartist,0.3798776154940686
3000,luna,0.34502896873802047
3000,solana,0.3269762191414776
3001,usd,0.6028437161290039
3001,price,0.42800358376332676
3001,safemoon,0.41252934171463507
3001,number,0.34155132989001025
3001,dogecoin,0.3198865152179133
3002,yay,0.5008432173236509
3002,including,0.47007018010538354
3002,mar,0.417330398104231
3002,moving,0.3601561102963656
3002,thing,0.32453126984539116
3003,airdrop,0.4200479863973691
3003,inbox,0.38877529390870524
3003,babydogecoin,0.3554484703156435
3003,face,0.3488127201982107
3003,rate,0.3376097868903433
3004,current,0.6866419897382429
3004,price,0.4658857677400056
3004,crypto,0.35040683414703533
3004,number,0.2974253666743466
3004,btc,0.24413126833999296
3005,flashed,0.2831334221475968
3005,anticipated,0.2758729509086923
3005,strongest,0.2758729509086923
3005,reverse,0.2697343099436625
3005,dm,0.2517352041382103
3006,number,0.7936172800312216
3006,liquidated,0.3992051558359083
3006,future,0.26070555874128476
3006,ethusdt,0.2299944699581946
3006,ftx,0.18200865316730988
3007,exact,0.34396177164063385
3007,bitboy,0.3320598012008556
3007,vlog,0.3320598012008556
3007,revealed,0.3152849160300955
3007,youtube,0.2902078913997395
3008,offline,0.2860572559076573
3008,intrinsic,0.2860572559076573
3008,seamless,0.2761589320687682
3008,holochain,0.2684811956194868
3008,powered,0.25690414066959816
3009,gift,0.398651719137004
3009,brett,0.2771881468842545
3009,discountcode,0.2771881468842545
3009,linkedin,0.23386955836570575
3009,discount,0.2282999116896118
3010,project,0.5033025673113661
3010,user,0.47076494640402394
3010,airdrop,0.3561341373971373
3010,airdropinspector,0.26458105579294744
3010,thanks,0.2561659247767299
3011,pump,0.5775181398876502
3011,megapump,0.36415003191713097
3011,sky,0.35963299911003876
3011,powerful,0.3305815927201326
3011,history,0.3194942929764852
3012,fruition,0.31789411821828967
3012,society,0.29836192292636843
3012,everyday,0.2913905806765952
3012,mainstream,0.2758870050782485
3012,similar,0.2682140555808522
3013,openseanft,0.3893999784213937
3013,ta,0.38281700552968506
3013,bought,0.3620192572321358
3013,cryptos,0.357789904688562
3013,dip,0.3267455294303103
3014,line,0.6827546946158533
3014,number,0.5870694207292185
3014,last,0.23706933385390103
3014,price,0.16719689492730497
3014,indicator,0.1523992011084571
3015,mexico,0.5117482279083818
3015,tender,0.4662895506172696
3015,legal,0.4490829128848433
3015,become,0.39208879655633777
3015,could,0.35448704234607914
3016,forcing,0.45385757981910746
3016,supposed,0.45385757981910746
3016,cry,0.4003138162338359
3016,lose,0.3697642222491614
3016,holding,0.3213260742680505
3017,goal,0.4784776018145788
3017,good,0.3328466333387135
3017,certainly,0.29092454991139466
3017,product,0.2783797253369045
3017,achieve,0.27340122276420104
3018,number,0.6025356364400193
3018,byte,0.3920551480370149
3018,information,0.33962446384962713
3018,reward,0.3090689667510452
3018,visit,0.30462903314700857
3019,paid,0.56277532948747
3019,reward,0.4940858864789971
3019,officially,0.3077705524119544
3019,reached,0.281387664743735
3019,total,0.26931356476453616
3020,concern,0.47984509390026103
3020,environmental,0.47984509390026103
3020,donation,0.43094236890380994
3020,drop,0.353029868364564
3020,via,0.2964202326378933
3021,rvn,0.4860890039828302
3021,still,0.31852059035135616
3021,next,0.3035234737178254
3021,day,0.2856309102142455
3021,ravencoin,0.24885919374079724
3022,tiny,0.30728681970700134
3022,field,0.29665389783536
3022,sea,0.2816676361630642
3022,building,0.2759701239020651
3022,reality,0.2759701239020651
3023,cate,0.3332654128747298
3023,improved,0.3332654128747298
3023,secured,0.3127887674910548
3023,release,0.30548033641286043
3023,private,0.30548033641286043
3024,seller,0.5129086321774546
3024,bid,0.46392694652949557
3024,sold,0.44781425114115686
3024,alert,0.36314573060753064
3024,number,0.28651105115175474
3025,user,0.6700217698108736
3025,wait,0.513144088445682
3025,safemoon,0.4618155089286946
3025,url,0.25246339434638604
3025,bitcoin,0.10364672064656419
3026,episode,0.9126265550693424
3026,user,0.2449818667640615
3026,number,0.22368386541991941
3026,url,0.18461774355190613
3026,bitcoin,0.1515865200328386
3027,number,0.7697728168715994
3027,dashboard,0.2574048679372615
3027,feed,0.23594445332177133
3027,bring,0.20971140513705824
3027,biggest,0.20025653465769416
3028,euro,0.574500418366876
3028,demand,0.5642261363321579
3028,fall,0.4706332486809052
3028,usd,0.3246634853517228
3028,url,0.12145445667181017
3029,user,0.3977677143525895
3029,faithful,0.37044923330695223
3029,yieldfarming,0.3096370791628953
3029,luck,0.3096370791628953
3029,believe,0.26829462536248966
3030,user,0.8503721975106423
3030,bitcoin,0.5261816470582391
3031,cat,0.5138465812051654
3031,drawn,0.26613215418373276
3031,created,0.22759231325460894
3031,cryptoartist,0.219193886826925
3031,nftcollectibles,0.21254723495868938
3032,commission,0.42141281147205756
3032,canada,0.42141281147205756
3032,sign,0.34119008349090996
3032,app,0.33742603544478716
3032,stock,0.30404954027208625
3033,litecoin,0.8790511531018842
3033,ltc,0.4204026229479498
3033,crypto,0.18444023067066823
3033,btc,0.12850099672330284
3034,dominance,0.6637308003083524
3034,current,0.45670381084964
3034,altcoin,0.4255584180087436
3034,cryptocurrency,0.2937833440309624
3034,number,0.19782550504274848
3035,important,0.5482498212511517
3035,watch,0.5108052337690263
3035,holder,0.4911903483288259
3035,update,0.38573338014403036
3035,url,0.13486758781740954
3036,airdrop,0.5818474822842838
3036,giveaway,0.5207430794404239
3036,protocol,0.33524920263041164
3036,bounty,0.31931684667210536
3036,nfts,0.20069730115925008
3037,saturday,0.8355943771421352
3037,trading,0.451258340420708
3037,user,0.22430365326623633
3037,url,0.16903469176493574
3037,bitcoin,0.13879153864897065
3038,binary,0.3715249737973127
3038,market,0.37090749584054544
3038,weakly,0.3491468222759451
3038,suggests,0.3192170537531518
3038,neutral,0.3161441991726472
3039,auto,0.5781039023470649
3039,land,0.5488994441634186
3039,dip,0.3976382445342422
3039,day,0.32253897242659824
3039,buy,0.2841063285630009
3040,tender,0.49104576843480907
3040,legal,0.4729255968883662
3040,two,0.4365910100634519
3040,country,0.4277622062405658
3040,huge,0.39193174528585956
3041,horizontal,0.3079927050830254
3041,consolidating,0.28231467031004237
3041,successfully,0.28231467031004237
3041,followed,0.28231467031004237
3041,least,0.25663663553705934
3042,archive,0.30025457466339706
3042,kong,0.30025457466339706
3042,hong,0.30025457466339706
3042,preserve,0.30025457466339706
3042,okex,0.27931974862506864
3043,fa,0.4060252735787214
3043,dumped,0.38107808367334034
3043,panic,0.3472268562851662
3043,fud,0.34257219323603194
3043,correction,0.3307945623783064
3044,dogeday,0.5084331961081053
3044,reef,0.4771938119542281
3044,vechain,0.41875980295801424
3044,dogearmy,0.3988586959921835
3044,news,0.28284090589597416
3045,trillion,0.4381195023347424
3045,story,0.419227551479697
3045,three,0.3938498833822896
3045,full,0.3356762936344644
3045,cap,0.32136482502215186
3046,big,0.6044360092012737
3046,pick,0.2828722627269239
3046,growth,0.2566123317031524
3046,small,0.2539985317813008
3046,dream,0.241251256782722
3047,url,0.772857173968883
3047,bitcoin,0.6345800096479812
3048,user,0.3633613341976706
3048,supreme,0.2884476227439467
3048,dedication,0.2784665860056268
3048,visionary,0.2707246924472104
3048,appreciated,0.2707246924472104
3049,etherum,0.632551268158869
3049,got,0.5099798484160754
3049,cryptotrading,0.48974449185691327
3049,crypto,0.20814293155288302
3049,url,0.1458162363140849
3050,binaryoptions,0.6734989540217657
3050,home,0.2989676845079538
3050,working,0.27481686486241763
3050,bitcoinmining,0.27089088018570634
3050,together,0.25663894592832387
3051,bluesparrow,0.6040616274895533
3051,trading,0.25053899615677144
3051,huuuuge,0.2265414707695305
3051,bestdrawtoken,0.21448822316598445
3051,breakdown,0.208522892165084
3052,number,0.720587949402615
3052,low,0.335034626237207
3052,high,0.3246877214793888
3052,year,0.3203466314208098
3052,day,0.30676391121418434
3053,bybit,0.6312528098864588
3053,usdt,0.2985546738859753
3053,exclusive,0.24372520471863
3053,program,0.23075768830885438
3053,plus,0.2273880661430654
3054,analysis,0.5115755474278011
3054,local,0.464956972666485
3054,confirmed,0.45409307235345314
3054,bottom,0.36447039037883533
3054,author,0.24769763746249615
3055,number,0.5388678474764335
3055,nak,0.3904168548124978
3055,naks,0.36642868448649324
3055,per,0.2855282428173875
3055,sat,0.24052896824996903
3056,app,0.4877667214259804
3056,waitlist,0.33915106127363986
3056,receive,0.3108752852537792
3056,everywhere,0.29433501660337025
3056,access,0.2763111909396947
3057,user,0.38565713667294066
3057,xec,0.38268341248105553
3057,fork,0.34368278098735433
3057,designed,0.34368278098735433
3057,call,0.30860191426253114
3058,chainlink,0.49687650813958095
3058,number,0.46096740651693574
3058,tether,0.4418876489552696
3058,cardano,0.34728736784847114
3058,doge,0.2843619966252515
3059,number,0.7655808706665043
3059,feb,0.19925787185425153
3059,comment,0.178918945282751
3059,pm,0.17719663159653953
3059,kishu,0.1755787665752251
3060,dgtx,0.4469403858004095
3060,pumped,0.4469403858004095
3060,kc,0.4469403858004095
3060,kucoin,0.3506184506266798
3060,still,0.268450570392954
3061,rate,0.4432991044230836
3061,hash,0.4369662125460288
3061,give,0.42082961955306664
3061,miner,0.411834698921094
3061,finance,0.38153055040626954
3062,madness,0.325507680039486
3062,chaos,0.31424426908753156
3062,wonder,0.2983693829662687
3062,survey,0.2983693829662687
3062,storage,0.2983693829662687
3063,meet,0.487150310342041
3063,listed,0.3609386545518458
3063,pancakeswap,0.3363289592881158
3063,hope,0.31430241882721277
3063,soon,0.31256815865428145
3064,appear,0.4780268946067436
3064,code,0.3689474239046854
3064,shiba,0.3097469822112527
3064,elonmusk,0.3087293025088437
3064,luna,0.3029747636434046
3065,sound,0.47910785161651614
3065,late,0.40034796715622034
3065,yet,0.3845480945287732
3065,sold,0.3758627286850109
3065,gold,0.36142962605213674
3066,macd,0.6180558579878119
3066,cross,0.5618403598855429
3066,btcusdt,0.4583306365211735
3066,btc,0.2546317592901551
3066,url,0.1280194487449078
3067,rose,0.47985300598019087
3067,reversal,0.46650736876898724
3067,pair,0.4235033240871042
3067,bear,0.3559393613018599
3067,sell,0.3453607379370991
3068,number,0.9013041457302107
3068,last,0.23550549908097446
3068,fibonacci,0.17523991804115147
3068,price,0.1660939757350074
3068,indicator,0.15139389533488745
3069,much,0.5160581933028582
3069,commodity,0.24915874976903252
3069,market,0.2418290777627086
3069,bond,0.23657183198630005
3069,earnings,0.23178650793661534
3070,airdropcrypto,0.4560732732391101
3070,fast,0.4277699018763254
3070,telegram,0.4001449820335604
3070,start,0.34797827526699776
3070,soon,0.3348293032541622
3071,amzn,0.3870305770117104
3071,charting,0.20801912835451894
3071,scanning,0.20801912835451894
3071,roku,0.20801912835451894
3071,msft,0.20223580629446145
3072,paypal,0.4461350784012523
3072,newyork,0.24838092519446933
3072,iphone,0.24838092519446933
3072,putin,0.23978630022969863
3072,mexico,0.23311979118897916
3073,favor,0.6069001305901816
3073,stay,0.4761164701293563
3073,part,0.4446870168699973
3073,come,0.40470144063844404
3073,user,0.16681148850462518
3074,user,0.5324462372459755
3074,blindboxes,0.3019089439907438
3074,haglien,0.3019089439907438
3074,airdrop,0.28771149542340163
3074,ur,0.2833589170589601
3075,safe,0.6118724416322451
3075,easy,0.6118724416322451
3075,user,0.4025272406824543
3075,eth,0.2577671079300922
3075,btc,0.15083822101813302
3076,number,0.9584301973253803
3076,average,0.13494937231289486
3076,price,0.13054615531865574
3076,indicator,0.11899222044161664
3076,daily,0.10518437008254607
3077,transaction,0.6835063021723918
3077,took,0.3015052291739032
3077,clear,0.2681631071377769
3077,second,0.26182506389315174
3077,per,0.24999675786202685
3078,qdx,0.3369333095283322
3078,qjbrus,0.3369333095283322
3078,qdxvault,0.3369333095283322
3078,men,0.3369333095283322
3078,bare,0.3369333095283322
3079,satoshinakamoto,0.4926376379397275
3079,version,0.4596156557945015
3079,satoshi,0.43340463399463663
3079,account,0.3716362331759074
3079,cryptonews,0.2757083839065384
3080,lt,0.4382226571362148
3080,gt,0.3847388756063279
3080,flipped,0.26894256207367834
3080,nfts,0.2652127512505137
3080,secret,0.2465202243140829
3081,dropped,0.43160177261263566
3081,compared,0.4197846390545654
3081,price,0.4060876293914165
3081,number,0.38887460329458395
3081,right,0.33604820224865134
3082,number,0.920659889235654
3082,crudeoil,0.21064112178545516
3082,djia,0.21064112178545516
3082,yr,0.20335239201489347
3082,gold,0.14565541522966496
3083,mining,0.37351282209536035
3083,bitf,0.2882177788584113
3083,solar,0.2782446953153501
3083,pancake,0.2782446953153501
3083,hive,0.2782446953153501
3084,cardano,0.5098772289074982
3084,number,0.3867308346442575
3084,price,0.3028867272175968
3084,recent,0.261053065661318
3084,alert,0.24508592413938526
3085,tvl,0.34344665941387986
3085,summer,0.3338981978971282
3085,sushiswap,0.3338981978971282
3085,sushi,0.3260965367759876
3085,uniswap,0.29301122532755963
3086,downtrend,0.2914422599568146
3086,decision,0.2619962961454639
3086,ad,0.2619962961454639
3086,lose,0.24595275630182406
3086,polkadot,0.23486393901333882
3087,instagood,0.45513678420929593
3087,recommended,0.42340301491786214
3087,instagram,0.35846674053756733
3087,affiliatemarketing,0.34899371297797976
3087,website,0.3468535966928243
3088,number,0.7606791234135579
3088,price,0.5957621930131869
3088,bitcoin,0.25774925912386115
3089,fun,0.514726332271336
3089,remember,0.5051170763452036
3089,real,0.41928158397545434
3089,trade,0.3771660657940834
3089,time,0.32788847405384025
3090,lfg,0.5580839693515114
3090,altseason,0.5044707176909972
3090,huge,0.43893428517798083
3090,doge,0.3193909738327991
3090,eth,0.20749840236350764
3091,investment,0.44601346831781064
3091,poverty,0.3667898620451214
3091,destroy,0.3667898620451214
3091,power,0.2795256004232601
3091,cryptoart,0.2676661876064802
3092,bittrex,0.5991228565227635
3092,bitfinex,0.49345434418048906
3092,retest,0.4784912478728536
3092,one,0.32321982626523343
3092,btc,0.2262526883419224
3093,elrond,0.3930921458129104
3093,milestone,0.3930921458129104
3093,sleeping,0.3794901368534311
3093,wake,0.35303072318023615
3093,huge,0.26831384059535784
3094,area,0.4109631052370606
3094,deeper,0.23583472091148702
3094,attempt,0.23106430698581823
3094,dipping,0.22328702147701485
3094,progress,0.21190725063274046
3095,ct,0.4991983182366752
3095,something,0.4272334654785825
3095,alt,0.42033180046532787
3095,bag,0.42033180046532787
3095,bear,0.3505876767121592
3096,xbtusd,0.36203050313713975
3096,xbt,0.34276849658476066
3096,cross,0.32910188544176194
3096,momentum,0.3003068261714871
3096,march,0.29423397997486866
3097,regarding,0.49059254307854144
3097,regulation,0.4410253654435964
3097,possible,0.4021512828857574
3097,even,0.34686743242469825
3097,mining,0.32928319631848985
3098,rip,0.6536103398133343
3098,watch,0.5007800273224782
3098,bear,0.4483060070155624
3098,cryptocurrency,0.23790597984311934
3098,bitcoin,0.21712827951243724
3099,user,0.30631843959011956
3099,monopoly,0.3039564800472779
3099,violence,0.3039564800472779
3099,regulated,0.2934387965755185
3099,black,0.2729791910354808
3100,hamstercoin,0.5539739677080054
3100,ham,0.30316879749064
3100,dorsey,0.2947401361059014
3100,audit,0.282030781382706
3100,certik,0.2769869838540027
3101,cmc,0.27851380407482157
3101,limited,0.27444682674216336
3101,feg,0.26145880223541695
3101,meme,0.24580761266440965
3101,easy,0.24580761266440965
3102,wedge,0.352498859574164
3102,falling,0.3358170714074144
3102,major,0.3323965084548259
3102,others,0.3206767078547438
3102,total,0.31813366335294396
3103,rich,0.37782480975957244
3103,number,0.3351538779493065
3103,change,0.30249026171631893
3103,volume,0.2931240174422871
3103,btcusd,0.2856856213877492
3104,high,0.7014191297365193
3104,time,0.6320367417449819
3104,url,0.2336010689508563
3104,btc,0.23231724453657818
3105,gift,0.4231361332645476
3105,tumblr,0.2761353655906149
3105,freeshipping,0.26968335548852984
3105,purchase,0.24232164874668707
3105,pinterest,0.23969910979194783
3106,another,0.6587877144303819
3106,retrace,0.43980200285606763
3106,fib,0.39536646402179454
3106,month,0.2992536492465366
3106,cryptocurrencies,0.24157000919177316
3107,ambcrypto,0.5119421274625846
3107,knownews,0.4804871459492288
3107,ethereum,0.3823178063839098
3107,say,0.329562218805046
3107,right,0.30530687324582617
3108,dark,0.33864344125947543
3108,stick,0.31040998664580416
3108,handle,0.3041310803115771
3108,bright,0.2986920442469433
3108,night,0.29389447443099376
3109,user,0.5981235962038876
3109,good,0.4248764352906467
3109,tg,0.3626861394053438
3109,address,0.28301827539924157
3109,strong,0.25638504831504555
3110,send,0.4772829022971547
3110,please,0.44441549792834306
3110,greeting,0.3138577265839963
3110,ceek,0.30299743427220543
3110,turkey,0.29457353710645623
3111,interest,0.5841708425853901
3111,cme,0.532679233843781
3111,open,0.5047598863213784
3111,binance,0.2769774922957975
3111,url,0.12780044511162286
3112,snapshot,0.6266815038498684
3112,history,0.46390459043607524
3112,finance,0.41312045411017406
3112,solana,0.3764103950058774
3112,btc,0.23665993282765752
3113,user,0.7447926556690975
3113,advance,0.26874534913306697
3113,careful,0.25944606222117284
3113,wave,0.22134618728734062
3113,major,0.21672047046387827
3114,rich,0.36846179640312543
3114,become,0.3405740194513119
3114,community,0.316866879411266
3114,want,0.28874499383049135
3114,financially,0.22861180627089747
3115,xmr,0.5753954390229398
3115,number,0.4643333653372446
3115,volume,0.40610379421221304
3115,xmrusdt,0.3364156405479317
3115,bull,0.21798716893138878
3116,lnbingo,0.4234513672987809
3116,draw,0.38814728783613855
3116,card,0.3381906915189795
3116,learn,0.31753912891085384
3116,mined,0.31346231205093555
3117,holding,0.53362502544182
3117,cryptocrash,0.53362502544182
3117,coin,0.41705492379590253
3117,like,0.3949288227305595
3117,cryptocurrency,0.25748810002487377
3118,number,0.5470632694609822
3118,high,0.38735670002920547
3118,spent,0.33973246800935236
3118,metric,0.30510912046111155
3118,previous,0.2996525932685058
3119,bouncing,0.39979360041773
3119,box,0.36646192143924516
3119,hitting,0.35262802474924965
3119,tiktok,0.32239983854781956
3119,done,0.29979856348227557
3120,tulip,0.7107280555451972
3120,went,0.29268775404031366
3120,percent,0.2812212314963823
3120,minute,0.25035471779726937
3120,cryptonews,0.1823009212504511
3121,market,0.3660894714284308
3121,freebitcoin,0.3508866715276468
3121,weakly,0.3446114652610496
3121,suggests,0.3150704792703131
3121,neutral,0.3120375405409298
3122,move,0.4414492191006619
3122,breakout,0.35729816900520567
3122,opposite,0.23146676614600548
3122,bravo,0.22345741500410263
3122,shown,0.21724487960940478
3123,technicalanalysis,0.4235352690305994
3123,tradingview,0.40330321676157643
3123,technical,0.38421714415097885
3123,analysis,0.3246669670023353
3123,btcusdt,0.32056464518221706
3124,user,0.7385293948424653
3124,usdtether,0.29854963840558546
3124,upcoming,0.29854963840558546
3124,etherum,0.2682591978289357
3124,far,0.24424025385946163
3125,point,0.43992759942844073
3125,earn,0.3756416970560519
3125,convert,0.2989790938015796
3125,number,0.275108035136251
3125,minimum,0.2740525437881227
3126,user,0.4883149721075662
3126,merry,0.4677829971868074
3126,holiday,0.4441516933244763
3126,christmas,0.42052038946214526
3126,happy,0.3182927045683489
3127,breakout,0.5268349801412452
3127,number,0.47107078339083974
3127,wtf,0.32032686356458895
3127,exit,0.30651419525887774
3127,enj,0.2961973772261571
3128,hopeful,0.2965527173007762
3128,setting,0.2862912232448687
3128,picture,0.27833179009037956
3128,demand,0.2615669656205877
3128,divergence,0.2416057145334041
3129,participate,0.45006869659654747
3129,reward,0.4095766996504522
3129,share,0.4036929211160862
3129,token,0.341840936739367
3129,airdrop,0.2756513390401783
3130,study,0.46547807397200897
3130,case,0.42475065999488887
3130,azuki,0.2696479584004668
3130,market,0.2617155414410687
3130,teach,0.25084713544204024
3131,zesty,0.33632963573133307
3131,claiming,0.3340492392950696
3131,boltcoiner,0.31232392058187364
3131,unlock,0.3108558498780127
3131,ln,0.308035133951161
3132,range,0.7137143486497185
3132,change,0.5759743498617572
3132,bitcoin,0.28831727143153985
3132,number,0.2127231422924673
3132,btc,0.17460639324012334
3133,whale,0.651555649117767
3133,accumulating,0.47799744769299946
3133,added,0.41069900468475384
3133,day,0.27431344611451897
3133,bitcoin,0.2381849485242794
3134,missed,0.8601211250045597
3134,obviously,0.19930468763479423
3134,algorand,0.19376364337704324
3134,algo,0.16488057650097282
3134,cro,0.16195581793394037
3135,forget,0.5154279419867419
3135,advice,0.46268261164948576
3135,next,0.36210303726710735
3135,year,0.3558450941065903
3135,free,0.3500629141065378
3136,pa,0.40571948931641755
3136,beauty,0.3718937558402448
3136,continuation,0.3718937558402448
3136,setup,0.36437116906899747
3136,perfect,0.33054543559282473
3137,cryptoalerts,0.30515503244833125
3137,coinbasepro,0.30515503244833125
3137,custom,0.2945958759512999
3137,discussion,0.2945958759512999
3137,pro,0.2797135807352242
3138,saitamainutoken,0.3350222331882919
3138,saitamainu,0.3350222331882919
3138,saitamallc,0.32057589256430163
3138,saitamatoken,0.32057589256430163
3138,saita,0.32057589256430163
3139,genesis,0.5232087870040301
3139,digitalart,0.3987303507206419
3139,cryptoart,0.38181344642058757
3139,block,0.358562673437325
3139,nftart,0.3404645350895291
3140,portfolio,0.467436303024812
3140,funny,0.290020454207899
3140,manage,0.290020454207899
3140,quickly,0.2697991877602324
3140,easily,0.2697991877602324
3141,crypto,0.8668251820076902
3141,bitcoin,0.49861217778683936
3142,kishu,0.5013817527706248
3142,army,0.30582290746389756
3142,increasing,0.2903734488520985
3142,cryptogiveaway,0.27941188352176005
3142,buyer,0.25808881334549405
3143,truth,0.832515297753586
3143,nothing,0.39655851586473023
3143,cryptocurrencies,0.2581035188899438
3143,blockchain,0.20711078852394643
3143,crypto,0.13191646683147099
3144,tested,0.5390481783612865
3144,massively,0.5203957116820085
3144,important,0.41604445065904117
3144,cardano,0.3269767383608572
3144,right,0.32147210599770537
3145,comparison,0.42238784856814343
3145,teachable,0.42238784856814343
3145,entire,0.3612198903252153
3145,consider,0.3563776471470889
3145,growing,0.3519570254725477
3146,left,0.7354805489297264
3146,going,0.5498686071919721
3146,crypto,0.25825935697683566
3146,user,0.24008265424436012
3146,btc,0.17993137757401625
3147,hacker,0.3988930081637312
3147,swan,0.3988930081637312
3147,american,0.3748663913625361
3147,comment,0.34273187486509477
3147,dream,0.32553139174007584
3148,hbar,0.6678279891117068
3148,ada,0.41812321509033235
3148,hedera,0.40073419070943583
3148,pump,0.268108584995765
3148,big,0.2563381491784097
3149,claim,0.3050419730537987
3149,boltcoiner,0.295790112170293
3149,unlock,0.2943997582154632
3149,ln,0.2917283653908292
3149,faucet,0.2917283653908292
3150,talking,0.7136810981738236
3150,wish,0.652502508810769
3150,user,0.20385668201477555
3150,btc,0.15278160655976847
3151,perfectmoney,0.3072709987284254
3151,africa,0.3072709987284254
3151,beyond,0.296638624303724
3151,hub,0.296638624303724
3151,reliable,0.28839151398569074
3152,user,0.6224177229640899
3152,everybody,0.43580397724286146
3152,place,0.3946102057684152
3152,take,0.31222266281952266
3152,nftart,0.3103939016118613
3153,away,0.6428214256218509
3153,high,0.4588558320019405
3153,time,0.4134671164416772
3153,new,0.4079649676053065
3153,btc,0.15197778048949573
3154,million,0.655637943135084
3154,hodlers,0.3153513019270312
3154,number,0.3005736850522035
3154,math,0.29942049109372637
3154,less,0.2608834999271939
3155,owner,0.4995076613274661
3155,greater,0.4894037279695399
3155,confidence,0.4894037279695399
3155,asset,0.3704190509718217
3155,world,0.32891222079771315
3156,patience,0.48335209905176274
3156,perhaps,0.43409196265178757
3156,teach,0.43409196265178757
3156,guess,0.419481064176555
3156,learn,0.36245769016925633
3157,user,0.42583335257449373
3157,project,0.3035103062716295
3157,sure,0.2675115688511352
3157,coinmarketcap,0.24870145049594763
3157,potential,0.2393284352979747
3158,number,0.5395727074925832
3158,gateio,0.33926965207162835
3158,pair,0.29942883262909337
3158,result,0.28425169476150797
3158,trend,0.2567938626565982
3159,shinja,0.7514027106296954
3159,dojoverse,0.2968605325389125
3159,turkish,0.2968605325389125
3159,dojoswap,0.26660641684700964
3159,shibnobi,0.2538707715411262
3160,cryptography,0.4758513122785232
3160,privacy,0.4466138390801079
3160,security,0.4273556078118773
3160,latest,0.3500915780327012
3160,thanks,0.3261822023744133
3161,paying,0.42897052094243926
3161,talking,0.4127769315881491
3161,lot,0.3181109431637241
3161,hold,0.3181109431637241
3161,way,0.29399328363545046
3162,olympics,0.2814748262111901
3162,olympicgames,0.2736492979309075
3162,society,0.2736492979309075
3162,press,0.26725537576558706
3162,benefit,0.26725537576558706
3163,risky,0.31522154211533565
3163,overall,0.31522154211533565
3163,volatile,0.29929728644448383
3163,afford,0.2932431654157761
3163,teach,0.2932431654157761
3164,break,0.35851092438363286
3164,trend,0.35724071627395987
3164,number,0.31276276509688594
3164,confirm,0.271920892567842
3164,confirmed,0.24925024479072866
3165,go,0.9091786986165632
3165,bitcoinbutton,0.36901436892366796
3165,binance,0.165654644023333
3165,url,0.07643486503365461
3165,bitcoin,0.06275938041878301
3166,enter,0.4086036598878686
3166,pay,0.35829085317511566
3166,using,0.3474151979478071
3166,app,0.3435824737266073
3166,cryptocrash,0.3382738192848573
3167,egg,0.43129968937489277
3167,merge,0.40479957729533966
3167,excitement,0.40479957729533966
3167,nifty,0.40479957729533966
3167,google,0.39534127789771245
3168,explain,0.6026968621635523
3168,charles,0.5818419857527161
3168,guy,0.41313112897246596
3168,user,0.3036901242162777
3168,bitcoin,0.1879132105015021
3169,user,0.3017833779330814
3169,infinite,0.2994563873335804
3169,audited,0.2810570515056796
3169,land,0.2744900442999988
3169,locked,0.2744900442999988
3170,nothing,0.6296712899467186
3170,btfd,0.373065190509177
3170,smash,0.3626932782567892
3170,feel,0.2860621477669083
3170,million,0.2585430837144409
3171,celsiusnetwork,0.2997334683739878
3171,eosio,0.2997334683739878
3171,advantage,0.28459163399468584
3171,dogecoins,0.2694497996153839
3171,ceo,0.26195588121228264
3172,user,0.3539802322886818
3172,journey,0.3296690528807503
3172,heading,0.3219662073760393
3172,family,0.28052746400797607
3172,space,0.27555128597016837
3173,care,0.530906803127285
3173,already,0.48932515594382936
3173,mean,0.48932515594382936
3173,bank,0.4600206223121514
3173,url,0.12849149017550007
3174,sharing,0.395435373412881
3174,travel,0.37838398537593654
3174,attention,0.37838398537593654
3174,forward,0.3510692845351218
3174,looking,0.29400646363276617
3175,passive,0.357572252573926
3175,woman,0.21707145949961643
3175,stockbroker,0.21707145949961643
3175,putin,0.20956022334694524
3175,moscow,0.20956022334694524
3176,watchinwhales,0.4546604341977869
3176,whalealert,0.44617252868804913
3176,hash,0.4256734311318184
3176,large,0.4227872621111957
3176,transaction,0.3757816689782718
3177,bravo,0.7233383310038481
3177,looking,0.5228506116953355
3177,like,0.39259464426989554
3177,user,0.18877179111504863
3177,bitcoin,0.11680562024231404
3178,cryptocurrency,0.4425392525877212
3178,popular,0.2908456637396962
3178,product,0.2908456637396962
3178,form,0.2732395100031291
3178,online,0.2732395100031291
3179,number,0.4813369549632435
3179,estimating,0.3196601579002104
3179,realized,0.3131941410947334
3179,initial,0.2982330252294981
3179,winning,0.2982330252294981
3180,set,0.43275500703145026
3180,analysis,0.3918282129242366
3180,hold,0.3868772767619954
3180,break,0.3751965755070902
3180,still,0.34185644837089724
3181,literacy,0.40340057552930225
3181,earlier,0.3786146535176806
3181,supporting,0.3622885840568625
3181,wish,0.3253085599290569
3181,two,0.30672527895444424
3182,digitalassets,0.3575931640968638
3182,officially,0.3267112341040234
3182,announced,0.32146362210544865
3182,interest,0.32146362210544865
3182,store,0.30177855592166536
3183,issuer,0.3990855664495726
3183,closer,0.3852761695733767
3183,opening,0.3658129178330241
3183,stablecoin,0.34634966609267165
3183,cryptocurrency,0.27267377212813954
3184,march,0.36694459227906046
3184,exchange,0.287231347634578
3184,ceek,0.23775844061082033
3184,dubai,0.23114830987223745
3184,dent,0.23114830987223745
3185,project,0.4807731675883513
3185,user,0.359753626024648
3185,participating,0.33504593291876167
3185,popularity,0.32721745452291856
3185,gain,0.271429159654171
3186,user,0.9942548981955459
3186,url,0.10703829881946382
3187,evil,0.49776542059233797
3187,battle,0.44703637118576095
3187,maxi,0.42568168389210076
3187,least,0.4147658068494538
3187,like,0.26081570599132703
3188,tide,0.30000486580551294
3188,significant,0.28962391844739366
3188,turning,0.28157183011337045
3188,several,0.28157183011337045
3188,beware,0.28157183011337045
3189,number,0.6484606567466985
3189,srm,0.3375499451339953
3189,loom,0.1879273155838193
3189,apt,0.1879273155838193
3189,lsk,0.1879273155838193
3190,volatile,0.7364370086290569
3190,often,0.3878097464373696
3190,relative,0.3486272621916874
3190,price,0.2894986142533894
3190,look,0.25091469061357113
3191,portugal,0.5086811251347926
3191,granted,0.5086811251347926
3191,license,0.46627125177090806
3191,country,0.3789538311484452
3191,first,0.31012556048751583
3192,tru,0.5362963396162145
3192,else,0.4283146636433761
3192,looking,0.374237324690833
3192,dip,0.3561174098825271
3192,altcoins,0.3094601402318368
3193,transfered,0.4349962081402748
3193,used,0.4101470103185984
3193,address,0.38583625313537
3193,number,0.37226328965707955
3193,unknown,0.36975621541149417
3194,dog,0.5833857813608503
3194,brave,0.33610663991621453
3194,food,0.3154554225657664
3194,especially,0.2964545215704406
3194,period,0.2835803490320585
3195,halt,0.36850305253873805
3195,kong,0.35575189005529073
3195,hong,0.35575189005529073
3195,paypal,0.3309475921042495
3195,group,0.319808381787341
3196,heaven,0.3547439203166173
3196,john,0.3424688595354131
3196,thankful,0.3424688595354131
3196,rip,0.3329475826898607
3196,fuck,0.29930502047048063
3197,user,0.3259683539943389
3197,airdrop,0.30824421894432036
3197,faithful,0.303581015910438
3197,petg,0.296487727525352
3197,petgames,0.296487727525352
3198,market,0.3622592620524938
3198,daytrading,0.3472155213742908
3198,strongly,0.3306292224501433
3198,suggests,0.31177405586028334
3198,neutral,0.3087728492381158
3199,mining,0.3723029509803872
3199,waitlist,0.2872841927943337
3199,manage,0.27734341375326604
3199,hosted,0.27734341375326604
3199,application,0.26333267261039733
3200,jasmy,0.6281994665929194
3200,encryption,0.32535796367338937
3200,privacy,0.30536717138736574
3200,security,0.2921995731319779
3200,iot,0.28697391840866837
3201,ppl,0.6966020091503898
3201,put,0.5419443132755563
3201,buying,0.4513770513145199
3201,btc,0.13153235230366464
3202,billionaire,0.6153504014970255
3202,prefer,0.6153504014970255
3202,gold,0.4642083504866427
3202,url,0.12745906080573122
3202,bitcoin,0.10465448825487654
3203,number,0.5162740896026476
3203,shot,0.4114346641381952
3203,perhaps,0.4031122523927069
3203,april,0.361965218023673
3203,far,0.3365902814431783
3204,yall,0.5030059255457401
3204,shib,0.42680781236546744
3204,doge,0.24983020485463012
3204,number,0.23142248857476602
3204,alone,0.22587139879395227
3205,airdrop,0.4230763025137537
3205,user,0.29826887787597733
3205,dogezillacoin,0.29596898687570156
3205,guideline,0.26105210068386775
3205,lucky,0.25685910089444014
3206,larix,0.6472825061506928
3206,user,0.3261561774028016
3206,sollet,0.3236412530753464
3206,spl,0.3236412530753464
3206,airdrop,0.3084218296820856
3207,spin,0.7271002487027065
3207,free,0.3125596197129431
3207,fruit,0.18177506217567663
3207,journey,0.17672137439530441
3207,apply,0.17672137439530441
3208,user,0.7313080972778863
3208,moon,0.44588445129764087
3208,airdrop,0.3457720519351305
3208,blockchain,0.30877304706112296
3208,crypto,0.19666889258345582
3209,weekend,0.594585818014261
3209,ath,0.5261520466668751
3209,hit,0.5216669399979936
3209,btc,0.28861737036088886
3209,bitcoin,0.1191442237108701
3210,cryptos,0.528593477033401
3210,regulate,0.341150417718717
3210,integrate,0.341150417718717
3210,mainstream,0.31545234091026264
3210,economy,0.29613538004241385
3211,user,0.8087156494131591
3211,earn,0.5041236705963847
3211,btc,0.30304838415454416
3212,warming,0.7265883088097986
3212,algo,0.6010912269908496
3212,btc,0.2842236021035069
3212,number,0.17313494835780271
3213,magic,0.6513531014222622
3213,used,0.5276775736897255
3213,number,0.47893800154099464
3213,cryptocurrency,0.23708437333162985
3213,bitcoin,0.10818921431635879
3214,follower,0.6327375177310934
3214,step,0.31128726694945164
3214,cosmos,0.29222535751181417
3214,reached,0.2892488107045819
3214,vet,0.2790503329858266
3215,dax,0.3932714438398433
3215,omx,0.36910788055384064
3215,dow,0.36910788055384064
3215,ndx,0.36910788055384064
3215,nasdaq,0.34130383233221656
3216,active,0.38816717970632075
3216,metric,0.3803154176231049
3216,reached,0.34149533347253314
3216,view,0.3382080232009037
3216,percent,0.3351200698592707
3217,item,0.4202778761464574
3217,nftgiveaway,0.35092944103219004
3217,nftartist,0.3475999901424678
3217,opensea,0.32837290077771725
3217,nftart,0.3129251473732554
3218,economic,0.5270789988864472
3218,elsalvador,0.5270789988864472
3218,wealth,0.48504839344169703
3218,update,0.32979786156630797
3218,number,0.2794212418303746
3219,downside,0.2814251457534218
3219,gap,0.2814251457534218
3219,knowing,0.2814251457534218
3219,leveraged,0.2814251457534218
3219,influence,0.2814251457534218
3220,game,0.5018414705893673
3220,deploying,0.21862794437482794
3220,tge,0.21862794437482794
3220,creo,0.21543544590240313
3220,serf,0.21543544590240313
3221,user,0.5727815105093353
3221,culture,0.3247799474924426
3221,cancel,0.3247799474924426
3221,convince,0.3048246699400398
3221,cry,0.2864640935791879
3222,world,0.33822488729698885
3222,invention,0.28018487817872895
3222,mania,0.28018487817872895
3222,dig,0.27048975385764534
3222,commodity,0.27048975385764534
3223,let,0.7244505223501002
3223,get,0.6155269256217732
3223,url,0.23983246802311178
3223,bitcoin,0.19692240040995343
3224,daddy,0.3807245172627972
3224,cryptogaming,0.3614912043604825
3224,cryptocurrecy,0.29193523246451486
3224,coinmarketcap,0.29014501297925044
3224,launch,0.2867553437168162
3225,current,0.6866419897382429
3225,price,0.4658857677400056
3225,crypto,0.35040683414703533
3225,number,0.2974253666743466
3225,btc,0.24413126833999296
3226,steal,0.3688171241838251
3226,memecoins,0.35605509400593033
3226,player,0.3380680227169222
3226,memecoin,0.30731892125001925
3226,shibainu,0.2846578914173862
3227,key,0.5425037549630172
3227,volume,0.4395344726491575
3227,number,0.4187979439731302
3227,keyusdt,0.3641095534357281
3227,bear,0.2343951510948139
3228,bitcoinmining,0.45026729501958734
3228,video,0.4442860966481769
3228,website,0.43876546374408004
3228,mining,0.38643530440655505
3228,free,0.3299935744833412
3229,africa,0.5194576712899097
3229,south,0.4875409163075038
3229,bank,0.35309725524852864
3229,block,0.34367373185142835
3229,buying,0.33659287350537404
3230,number,0.737816005538203
3230,unknown,0.36642352530804234
3230,wallet,0.3203068895295403
3230,symbol,0.2004278524711897
3230,detail,0.19219998709290415
3231,hunt,0.37427789748786994
3231,experience,0.36977104639485797
3231,exciting,0.36977104639485797
3231,together,0.36165038021939017
3231,bitcoins,0.329829222520592
3232,swan,0.4950545231961004
3232,beware,0.4950545231961004
3232,black,0.47370750332378503
3232,gold,0.3647334583625778
3232,say,0.33955386417604705
3233,netflix,0.5823932982171889
3233,plummet,0.5823932982171889
3233,anymore,0.5417867482662565
3233,number,0.1387754693932994
3233,bitcoin,0.09404563190895494
3234,variant,0.556136344178777
3234,delta,0.556136344178777
3234,spread,0.25488501198744273
3234,covidvaccine,0.2497292528781405
3234,plus,0.237799820628262
3235,egld,0.5761654375892893
3235,tron,0.505801990008166
3235,shib,0.3957164590293407
3235,bnb,0.28680689052586017
3235,cryptocurrency,0.23898104927490166
3236,choose,0.584118244989926
3236,chain,0.5719112780398531
3236,pop,0.35460078081451113
3236,smart,0.269620397219523
3236,see,0.1983439244742585
3237,cryptocurrecy,0.6511987804314061
3237,plan,0.6472054674774775
3237,btc,0.3322076625486321
3237,url,0.16702174915992324
3237,bitcoin,0.13713874537650877
3238,trade,0.3273569071831935
3238,accurate,0.2674129510058985
3238,continued,0.2674129510058985
3238,product,0.2487679607805856
3238,whatsapp,0.2487679607805856
3239,went,0.4160647335845612
3239,percent,0.3997647156250634
3239,minute,0.3558870076525708
3239,cryptonews,0.2591464220325455
3239,last,0.2580957714513087
3240,favorite,0.703516256210887
3240,feature,0.6633960390345871
3240,url,0.15619068823454457
3240,btc,0.15533229567778534
3240,bitcoin,0.1282455436595232
3241,pay,0.979066896866323
3241,bitcoin,0.2035387222632323
3242,holofuel,0.5189711750854579
3242,backed,0.44381653397889825
3242,asset,0.3527665632904058
3242,holochain,0.2435421558122833
3242,talking,0.22887282360318914
3243,level,0.46371641057099466
3243,previous,0.29441648403045473
3243,broken,0.2896875879506692
3243,watching,0.28163081763726644
3243,given,0.2691783416384216
3244,custserv,0.3037552183056969
3244,influencerpromotion,0.3037552183056969
3244,algorithm,0.3037552183056969
3244,influencer,0.2850917517460137
3244,automated,0.2850917517460137
3245,slow,0.35937140577528554
3245,downside,0.33729074407799936
3245,continues,0.32940981479725895
3245,remains,0.31188340761316813
3245,divergence,0.29278499305453676
3246,reddit,0.5966711050357469
3246,payment,0.538000687434395
3246,lightning,0.5116341278509156
3246,crypto,0.20052709109309524
3246,url,0.14048089687243476
3247,number,0.7943093113735261
3247,stats,0.30455671365295683
3247,tether,0.2665013061972982
3247,cardano,0.2094481196210303
3247,solana,0.2073967385865631
3248,apparently,0.3361714885730569
3248,whatever,0.3245390821558895
3248,node,0.31551628676188026
3248,proof,0.3019110531402151
3248,pool,0.2836350632285593
3249,彩票,0.8054121613927865
3249,guy,0.5520865569631268
3249,url,0.1529182872483971
3249,btc,0.15207787914820817
3250,ascending,0.47501402722154096
3250,surely,0.45453116441834607
3250,triangle,0.432818454878335
3250,breakout,0.39062288253512895
3250,hit,0.34545719221469184
3251,fact,0.4617570447143443
3251,ever,0.40348032728806327
3251,short,0.3793532509834966
3251,need,0.3548328593815857
3251,back,0.3548328593815857
3252,ethereum,0.5029752240078136
3252,crudeoil,0.44900551659712434
3252,fomc,0.4334687598222472
3252,bitcoinbutton,0.41157093104311215
3252,bitcoins,0.2929061023768176
3253,number,0.7267886773454095
3253,ltc,0.3659432554916113
3253,xrp,0.3030704227629031
3253,bch,0.26524422596327313
3253,eth,0.19114851298876623
3254,knew,0.43310869931604035
3254,promoting,0.43310869931604035
3254,buffett,0.43310869931604035
3254,utility,0.3550303026742964
3254,massive,0.3411173720269813
3255,number,0.7059692943971381
3255,fx,0.35354466428752046
3255,minute,0.308864237721171
3255,chart,0.2840796092873931
3255,signal,0.25565679046958006
3256,saying,0.5971040236977008
3256,system,0.5231356324677277
3256,name,0.28026995531612564
3256,feature,0.2774151837529644
3256,use,0.24119023468257747
3257,stonks,0.4487721618847371
3257,stimulus,0.4261012409957114
3257,riot,0.4100159666396121
3257,biden,0.38286958816589556
3257,morning,0.3787259616482349
3258,rise,0.5398391985315321
3258,listed,0.33608748369278113
3258,user,0.295949460775205
3258,everrise,0.2204990438104759
3258,advertising,0.2204990438104759
3259,user,0.6428996381726396
3259,merry,0.41057860440189387
3259,holiday,0.3898371327829109
3259,christmas,0.3690956611639279
3259,happy,0.27936922722479535
3260,dip,0.34660821824254434
3260,trade,0.3084364426687899
3260,signal,0.3043844804844322
3260,trading,0.26457031875862336
3260,moore,0.26098796852657746
3261,completed,0.3273793701066515
3261,nearly,0.3182776093785767
3261,successfully,0.31084092937713664
3261,announced,0.2943024886476218
3261,binance,0.27907988327957456
3262,tothemoon,0.6519099140208481
3262,moon,0.48072094332352633
3262,token,0.4623007156632726
3262,cryptocurrency,0.2672739992702646
3262,url,0.14854245757868118
3263,every,0.35062425627803917
3263,amp,0.27288887875019185
3263,cexs,0.2723299538852017
3263,forced,0.2629066303409961
3263,regulated,0.2629066303409961
3264,hacker,0.4385556901194878
3264,firm,0.4196449306102988
3264,account,0.3231077104581998
3264,twitter,0.3102788823895013
3264,crypto,0.2532741494789906
3265,screenshot,0.38313771459722296
3265,reminder,0.36988015480576836
3265,chainlink,0.3325091926997191
3265,entire,0.32765375167731664
3265,set,0.29131843015743336
3266,adoption,0.45357742737967827
3266,coinmarketcap,0.41381177825214016
3266,level,0.3906913447424784
3266,around,0.37925278987594613
3266,everyone,0.3669181530276225
3267,expiry,0.440045580537704
3267,trying,0.40204301735631415
3267,friday,0.37542451271290234
3267,option,0.3675788501980931
3267,cryptos,0.331434977199157
3268,number,0.720587949402615
3268,low,0.335034626237207
3268,high,0.3246877214793888
3268,year,0.3203466314208098
3268,day,0.30676391121418434
3269,number,0.8127426372779946
3269,shorted,0.3290040720165779
3269,btcusdt,0.30019591053756073
3269,utc,0.2799076178581613
3269,binance,0.18172469512636583
3270,facing,0.5729640975336914
3270,despite,0.4494822811373531
3270,value,0.379073638718856
3270,say,0.36884504937061385
3270,market,0.2684330072910346
3271,pattern,0.5559163375202439
3271,shoulder,0.30697451227070965
3271,broken,0.30204391005782244
3271,head,0.27795816876012197
3271,based,0.27795816876012197
3272,beat,0.43003996042399556
3272,half,0.3943862505828497
3272,betting,0.3901179843725604
3272,goal,0.3695752064901398
3272,second,0.3667651254277828
3273,update,0.5529917232004444
3273,price,0.3669455762626953
3273,eth,0.3285955801571322
3273,recent,0.3162643292237017
3273,usd,0.2584217086060955
3274,okay,0.4658382377585183
3274,dead,0.4256082074032683
3274,cryptocrash,0.34162951393431096
3274,litecoin,0.31164095614033643
3274,since,0.3067608001610371
3275,run,0.7254052050812329
3275,let,0.5620058934686725
3275,eth,0.31620070651183896
3275,url,0.1860544734468257
3275,bitcoin,0.15276619475319816
3276,number,0.8646806460181414
3276,rsi,0.27850559065460756
3276,last,0.18290056569507193
3276,bb,0.1640691761853916
3276,bollinger,0.14914620386292457
3277,fire,0.3282832197854698
3277,partnership,0.30850965904957833
3277,vra,0.30355439942116497
3277,fud,0.29511196634676023
3277,absolutely,0.28808382042676606
3278,death,0.4809881666291711
3278,approaching,0.47125884162010734
3278,cross,0.43723971085628
3278,chart,0.3400134743014341
3278,think,0.32415159321889864
3279,cryptobuyingtips,0.5511737497251626
3279,cryptotrading,0.3640720315183893
3279,coinbase,0.35971045303389537
3279,coin,0.3159117933044794
3279,cryptocurrencies,0.3027431592460168
3280,realise,0.34128788467661264
3280,bedroom,0.34128788467661264
3280,tronnetwork,0.34128788467661264
3280,og,0.3065060190680627
3280,auction,0.3010245099436726
3281,category,0.6316350049260806
3281,bitcoiners,0.5672628287036171
3281,meme,0.48379741806987664
3281,number,0.145301016635475
3281,url,0.11992436636715303
3282,pressure,0.5241522950072758
3282,around,0.41326971381699357
3282,buying,0.3971476557810216
3282,alert,0.35741211864585387
3282,trading,0.31066182483362453
3283,number,0.746864425874286
3283,eur,0.40252237222812637
3283,dot,0.2905306810390709
3283,hour,0.2580177552615526
3283,update,0.25186170929575047
3284,realtor,0.5574875483331845
3284,realestate,0.5232341443133561
3284,scam,0.4591623396712926
3284,open,0.4180506290618761
3284,url,0.10584647853590518
3285,reached,0.488394233385761
3285,yesterday,0.4711741877958748
3285,think,0.3741263825990447
3285,high,0.3452673983576816
3285,usd,0.30737800179318464
3286,charity,0.5452323128639531
3286,user,0.38935194764194275
3286,donate,0.2833111196209783
3286,official,0.26823741562307535
3286,saitamawolfpack,0.26432049849670985
3287,number,0.8039310855492152
3287,smell,0.3373824484249513
3287,bybit,0.27656104107459
3287,longed,0.2697295390142125
3287,want,0.2130631277930198
3288,kodk,0.4453623991608124
3288,eastmankodak,0.4453623991608124
3288,elonforpresident,0.4453623991608124
3288,button,0.41799823965750804
3288,hit,0.3039920717023792
3289,bitgame,0.5060491505903443
3289,goal,0.39057536842787466
3289,plan,0.37230862061505693
3289,future,0.28681086675516315
3289,lut,0.25302457529517214
3290,knew,0.48398802696896037
3290,cold,0.4287347962384087
3290,stock,0.3248502790118938
3290,money,0.26345945188594744
3290,deflect,0.250667769189566
3291,rip,0.5662283166172889
3291,another,0.43620947900761214
3291,ready,0.43152624800285583
3291,look,0.37682887636839685
3291,btcusd,0.35489389666406684
3292,although,0.27439550920030703
3292,reaching,0.27439550920030703
3292,consolidation,0.2575359752681746
3292,personally,0.2575359752681746
3292,several,0.2575359752681746
3293,mobile,0.5041994579592051
3293,device,0.29048494337132896
3293,android,0.27263683509209546
3293,running,0.2608805867114889
3293,fb,0.2608805867114889
3294,faced,0.2994702421057814
3294,affected,0.2994702421057814
3294,analysed,0.2994702421057814
3294,absolutely,0.28420781123407046
3294,type,0.2782684053202102
3295,nitroex,0.7620300154409285
3295,future,0.43189182111480323
3295,supporting,0.3421844093066614
3295,people,0.22776189531407634
3295,exchange,0.22218467739434358
3296,amp,0.45052501171661835
3296,veteran,0.44960225651859903
3296,founder,0.4340448509929269
3296,original,0.41211791943410847
3296,family,0.35907617682394566
3297,number,0.737816005538203
3297,unknown,0.36642352530804234
3297,wallet,0.3203068895295403
3297,symbol,0.2004278524711897
3297,detail,0.19219998709290415
3298,number,0.4052255438338052
3298,fell,0.33066273367628723
3298,etherum,0.29017195473004603
3298,percent,0.278803992748041
3298,ftx,0.278803992748041
3299,collect,0.309619661785486
3299,evolution,0.29890601752040435
3299,creative,0.29890601752040435
3299,collectible,0.29059586941679544
3299,animation,0.2730923397594854
3300,morning,0.7383820165178689
3300,sale,0.6186208105983778
3300,user,0.22833766710413875
3300,bitcoin,0.14128765041238076
3301,usdt,0.31162348765827536
3301,coinflex,0.2775324290947063
3301,bitget,0.2679290863993553
3301,kraken,0.2604801551007699
3301,gemini,0.2543939350741962
3302,user,0.5244367190060578
3302,airdrop,0.3306140710795334
3302,quickly,0.31157186509380286
3302,project,0.31149108026120803
3302,develop,0.2927110641924011
3303,dogecoins,0.45343725991184597
3303,agree,0.42567068896021876
3303,dogearmy,0.40987706599307766
3303,retweet,0.40647926144415114
3303,elonmusk,0.33743798755876164
3304,ops,0.6010380680939116
3304,pumping,0.550928191601085
3304,faster,0.550928191601085
3304,user,0.15142714108624233
3304,bitcoin,0.09369800981185322
3305,project,0.3183734576990364
3305,achieve,0.31276080612899543
3305,cyclicallnvesting,0.31276080612899543
3305,web,0.3032435541173678
3305,cool,0.2954673930186453
3306,altcoinseason,0.4615864133308145
3306,coin,0.31349539246889746
3306,one,0.3056538193276365
3306,spend,0.2422579108502827
3306,wan,0.23901038282765422
3307,number,0.9013041457302107
3307,last,0.23550549908097446
3307,fibonacci,0.17523991804115147
3307,price,0.1660939757350074
3307,indicator,0.15139389533488745
3308,luffycrew,0.35709761129552947
3308,whitelist,0.35709761129552947
3308,luffytoken,0.34875388686681946
3308,luffy,0.3416993683798448
3308,higher,0.2960029102150815
3309,ago,0.6587481999287553
3309,year,0.5180136718539963
3309,one,0.49684967243091727
3309,btc,0.17389647069027914
3309,bitcoin,0.1435725090319167
3310,heavy,0.47943085696425786
3310,drinking,0.47943085696425786
3310,turn,0.3866205730122156
3310,wish,0.3866205730122156
3310,luck,0.3761067685803108
3311,pizza,0.7278224419011822
3311,happy,0.521579849767739
3311,day,0.42767597055524537
3311,bitcoin,0.12378294547671798
3312,user,0.3766871638771518
3312,custserv,0.29902608426524335
3312,influencerpromotion,0.29902608426524335
3312,earnings,0.26855126947297553
3312,cybersecurity,0.26374853757733935
3313,bounce,0.6307798054183394
3313,certainly,0.39987743445136503
3313,possible,0.3371635626893104
3313,zone,0.33146366870818206
3313,real,0.27986872597150086
3314,enthusiast,0.3864328406725274
3314,existence,0.3626894579590267
3314,info,0.30862573533851456
3314,late,0.2959861456643871
3314,power,0.2843049488440183
3315,portfolio,0.3504511608528775
3315,vet,0.3504511608528775
3315,many,0.3101160336372187
3315,matic,0.29092636617101986
3315,luna,0.28550366392828685
3316,trb,0.22839717300108617
3316,rsr,0.20935519423476462
3316,nano,0.20512040246988514
3316,kava,0.20145205898626967
3316,rekt,0.198216350716938
3317,excellent,0.5670983153759578
3317,robinhood,0.38061656251535064
3317,condition,0.34888371571039856
3317,seems,0.3171508689054464
3317,portfolio,0.29611310171968247
3318,correction,0.44335953093788993
3318,tether,0.42001316719421455
3318,selling,0.41086496881453377
3318,cryptocurrencynews,0.3934732151731163
3318,ripple,0.3730265503730152
3319,deeplearning,0.3407360921924931
3319,funding,0.3407360921924931
3319,machinelearning,0.33126298953014455
3319,cybersecurity,0.3113099476192365
3319,python,0.30630970996018425
3320,solana,0.48068628164287697
3320,time,0.4111078203545089
3320,bsc,0.3609281215974435
3320,binance,0.32930653632846213
3320,bnb,0.3281107527297664
3321,hacking,0.5398210901239356
3321,hack,0.28758017738566183
3321,handled,0.2776291565091721
3321,condition,0.26360398031002324
3321,critical,0.2582718557879321
3322,danger,0.36534628863561935
3322,bitboy,0.35270435838016373
3322,emergency,0.33488655842468207
3322,bearmarket,0.31706875846920046
3322,bitcointrading,0.3044268282137448
3323,wtf,0.556081785996026
3323,happening,0.514193423250151
3323,cryptocurrency,0.4048136148154534
3323,crypto,0.3211476776199809
3323,amp,0.2968507797884133
3324,style,0.2673424162814911
3324,button,0.25091624169892607
3324,impact,0.25091624169892607
3324,thats,0.25091624169892607
3324,kind,0.25091624169892607
3325,number,0.7353946510984448
3325,dot,0.33374708757931654
3325,usdt,0.2991253398851092
3325,hour,0.29639786770305165
3325,update,0.2893261105834841
3326,warming,0.6882140200534402
3326,rsr,0.6534470560380625
3326,btc,0.2692125174958306
3326,number,0.16399093871500686
3327,bullish,0.8765932724484544
3327,user,0.38508613401604397
3327,btc,0.28860510059021366
3328,number,0.799200533053897
3328,btcusd,0.5109297159918079
3328,bitcoin,0.27080189129108595
3328,btc,0.1639989907166137
3329,gift,0.42626595784705146
3329,freeshipping,0.2716781309972724
3329,linkedin,0.2500694880328961
3329,purchase,0.24411403704325943
3329,pinterest,0.24147209987068
3330,hot,0.36887322563780384
3330,newyork,0.22638197447781994
3330,additional,0.22638197447781994
3330,moscow,0.21854857033095237
3330,financially,0.21854857033095237
3331,user,0.43683805904291734
3331,leadership,0.41847051230563154
3331,tokensale,0.3761902075780504
3331,wonderful,0.3320137654923829
3331,ido,0.3250517016082607
3332,joy,0.3368306082229382
3332,pure,0.32517539455439587
3332,generated,0.32517539455439587
3332,sending,0.32517539455439587
3332,revenue,0.30874829351934135
3333,user,0.5130289355689808
3333,cryptocurrecy,0.37684427268240356
3333,really,0.3266685475725018
3333,hope,0.31708156443123786
3333,high,0.29021786887394774
3334,user,0.44514357015677714
3334,dan,0.426426805075524
3334,ya,0.3966947985196067
3334,sir,0.3436436402728663
3334,airdropstario,0.32906299713966797
3335,healthy,0.4514073114499323
3335,monthly,0.40076142024649847
3335,ftx,0.38061186813724385
3335,bscgems,0.34775397550612286
3335,chart,0.311646631082827
3336,fix,0.9543023469740534
3336,url,0.23096281667212903
3336,bitcoin,0.18963967906187226
3337,aid,0.3040332208616559
3337,spending,0.3040332208616559
3337,trillion,0.2853526731422297
3337,biden,0.25041026556740953
3337,bill,0.25041026556740953
3338,number,0.7824307537090378
3338,ranking,0.354267804248404
3338,cap,0.292698246919677
3338,change,0.26481606551052134
3338,market,0.1991874491806569
3339,view,0.6075320995759012
3339,latest,0.559656446995821
3339,btcusd,0.4474855030615364
3339,btc,0.28726914315386887
3339,url,0.14442832053040833
3340,coinbase,0.5948024572857873
3340,btc,0.5347751447195962
3340,cryptonews,0.48430337395056405
3340,cryptocurrency,0.32251464799360635
3340,bitcoin,0.14717379252633436
3341,tele,0.4176034554340594
3341,telefy,0.403153291514918
3341,dex,0.3479704032676908
3341,polkadot,0.32488826461000175
3341,polygon,0.28157909710790796
3342,baby,0.5182156584667321
3342,cant,0.3029844188217549
3342,medicine,0.29250037119248073
3342,pain,0.29250037119248073
3342,sick,0.29250037119248073
3343,vra,0.4220020976101272
3343,reply,0.2431284950662883
3343,etn,0.23471561782256353
3343,cel,0.23471561782256353
3343,random,0.23471561782256353
3344,using,0.573294539984908
3344,cash,0.39416082172027245
3344,jump,0.2318092361456198
3344,spend,0.22475532505513984
3344,card,0.20989778696642342
3345,heard,0.8847180964125602
3345,cryptocurrency,0.37843748684829415
3345,url,0.21032361729845045
3345,bitcoin,0.1726931800465149
3346,miner,0.3968314889302424
3346,expanding,0.2788384717408458
3346,pass,0.2788384717408458
3346,rocket,0.2788384717408458
3346,funding,0.2691899365786306
3347,xmr,0.624475491845863
3347,xmrusdt,0.36511120587355783
3347,entry,0.2524693366886014
3347,number,0.25197002533753177
3347,stop,0.24068830218313317
3348,treasury,0.4583099372157793
3348,site,0.43070444648944534
3348,growing,0.4068896021238931
3348,data,0.36867758011759577
3348,technology,0.33617470118171183
3349,level,0.45613594200116375
3349,previous,0.2896035965570853
3349,act,0.2896035965570853
3349,reversal,0.277026940110555
3349,december,0.2735906098421218
3350,pick,0.8838283782049823
3350,flux,0.32804132039764555
3350,number,0.2263874087747858
3350,think,0.20264474044476394
3350,eth,0.10585040226789773
3351,obviously,0.8097825808962693
3351,long,0.5239330563927966
3351,user,0.21133140835687622
3351,btc,0.15838358481161693
3352,went,0.3930695400078017
3352,binance,0.39275493646891635
3352,percent,0.37767039645083755
3352,minute,0.3362177351287526
3352,cryptonews,0.24482383792881046
3353,tuned,0.4007142795815223
3353,changed,0.39043864882111234
3353,direction,0.39043864882111234
3353,stay,0.3369485321643405
3353,trend,0.30779598958663035
3354,loom,0.34489394358885167
3354,pac,0.34489394358885167
3354,etn,0.3329597175791606
3354,pundix,0.3161393707359706
3354,zec,0.3097445716547231
3355,user,0.6997138294281827
3355,great,0.37765877278717624
3355,defiyieldprotocol,0.3471592387940788
3355,cryptotrading,0.2213775849445064
3355,platform,0.2156309908721098
3356,saitamainutoken,0.3350222331882919
3356,saitamainu,0.3350222331882919
3356,saitamallc,0.32057589256430163
3356,saitamatoken,0.32057589256430163
3356,saita,0.32057589256430163
3357,elon,0.6705873056070561
3357,dogecoin,0.4879282439779775
3357,doge,0.4499304414464183
3357,crypto,0.2455107762968966
3357,url,0.17199458615805607
3358,update,0.5529917232004444
3358,price,0.3669455762626953
3358,eth,0.3285955801571322
3358,recent,0.3162643292237017
3358,usd,0.2584217086060955
3359,maxi,0.5851613198204103
3359,ath,0.4710662921032179
3359,going,0.39483464701500975
3359,year,0.3848696710734304
3359,new,0.3468214966700422
3360,morning,0.7958279036992951
3360,good,0.5244554162840613
3360,url,0.18546207321037414
3360,btc,0.18444281101872634
3360,bitcoin,0.15227978489582128
3361,among,0.4401352429851082
3361,korea,0.3956619442831279
3361,strongest,0.3907540276932661
3361,post,0.34501313725933297
3361,link,0.28590199066157806
3362,halloweenends,0.2864098412399758
3362,vladimirputin,0.2864098412399758
3362,comingoutday,0.2864098412399758
3362,bbnaija,0.2864098412399758
3362,shopmycloset,0.2864098412399758
3363,outlook,0.4683092633594978
3363,ksm,0.4506306408634978
3363,economy,0.41624116301596825
3363,real,0.3356047590258987
3363,better,0.32681093405091144
3364,announces,0.5375890634349625
3364,cosmos,0.4536799568090692
3364,launch,0.4049030983662305
3364,lightningnetwork,0.3769798698501443
3364,new,0.28225064078587914
3365,user,0.3413304377623999
3365,airdrop,0.32277100798509156
3365,petg,0.31046046215015427
3365,petgames,0.31046046215015427
3365,claim,0.24489375065307756
3366,feeling,0.49773100666370135
3366,word,0.49773100666370135
3366,fear,0.4385824029084308
3366,dip,0.36801450276931946
3366,get,0.270057897050087
3367,work,0.45703211009516576
3367,project,0.4546106779868841
3367,worthy,0.3375536873857577
3367,industry,0.2848012538811305
3367,excellent,0.25146846763622577
3368,number,0.7800154697311604
3368,hour,0.47157316481370676
3368,day,0.22829331255707264
3368,current,0.22509486167551632
3368,btc,0.16006214271459798
3369,bearish,0.6313716093598694
3369,trend,0.5637194712993818
3369,still,0.5154533764585167
3369,bitcoin,0.13378365098093492
3370,bye,0.49592948471236864
3370,bearmarket,0.4303964509759923
3370,percent,0.3924592517153266
3370,portfolio,0.38582456050241026
3370,next,0.28385034918712115
3371,infinite,0.5032132428756035
3371,showing,0.4612592389802773
3371,bitfinex,0.4144605034554937
3371,bid,0.37488040512966136
3371,whale,0.3218910547473794
3372,trias,0.2911329646248227
3372,sleep,0.2911329646248227
3372,imminent,0.2614625658077233
3372,dyor,0.2567866072587879
3372,vra,0.2526621195134553
3373,mine,0.7070713948832942
3373,gm,0.664745382727885
3373,number,0.19964591853226682
3373,bitcoin,0.13529643710444794
3374,satoshis,0.7432657850617966
3374,number,0.433431561534123
3374,buy,0.32506222924940464
3374,stackingsats,0.16536039885595652
3374,jpy,0.15700677793415793
3375,nftmint,0.37507974163527164
3375,crofam,0.37507974163527164
3375,nftcommmunity,0.3621010086318645
3375,nftgiveaways,0.29955854909045626
3375,discord,0.2968234784853183
3376,correct,0.6403430836424345
3376,model,0.5526940886615321
3376,late,0.5080470717895013
3376,btc,0.12524328812353822
3376,bitcoin,0.10340343909181365
3377,number,0.7844312152517492
3377,ether,0.32898384246092816
3377,bitcoincash,0.3218183303065186
3377,eos,0.3081958860905217
3377,update,0.23146391416166542
3378,gift,0.4036707618057136
3378,brett,0.2806779578387496
3378,linkedin,0.23681398638646228
3378,present,0.231174217613874
3378,discount,0.231174217613874
3379,block,0.47928299727877466
3379,subsidy,0.3496809542861076
3379,number,0.33329462215655153
3379,usa,0.2951013162801591
3379,total,0.2795619127253517
3380,omx,0.5377460107226297
3380,lower,0.42964523722572234
3380,close,0.396186587580884
3380,stock,0.3712539171810139
3380,trade,0.3385567642321753
3381,number,0.6089607906564976
3381,range,0.5107860496192123
3381,day,0.3564587665530813
3381,blockchain,0.2815967333799265
3381,btc,0.2499221432499261
3382,bnb,0.5067049129414347
3382,update,0.4474157461899594
3382,binancecoin,0.3110346356001107
3382,price,0.29688912496646663
3382,number,0.28430474690114066
3383,number,0.8779041077376273
3383,volume,0.25593694510681125
3383,low,0.24944221847436188
3383,high,0.24173867181078282
3383,btc,0.16013267888518862
3384,rbxs,0.8615468832074992
3384,rbxsamurai,0.2871822944024997
3384,marketing,0.22529047342744565
3384,matic,0.18547406107079395
3384,url,0.16357621610339088
3385,music,0.6233733097480455
3385,artist,0.37341780061333296
3385,recording,0.22669081954426706
3385,vote,0.2127623788954097
3385,signed,0.2077911032493485
3386,rsibitcoin,0.5023855377028025
3386,neutral,0.40123170103017936
3386,rsi,0.3908472580519603
3386,average,0.3742637869168051
3386,number,0.3467055916876538
3387,frens,0.7060909393357662
3387,remember,0.5788008421530941
3387,url,0.27773189025739675
3387,btc,0.2762055317397006
3387,bitcoin,0.11402048886602353
3388,looking,0.7263334960442522
3388,really,0.6679146989383256
3388,bitcoin,0.16226400545487613
3389,riot,0.45066745353879345
3389,mara,0.45066745353879345
3389,straight,0.43695372840215285
3389,level,0.3549086162827801
3389,let,0.29303345394316826
3390,bitgame,0.5663596371242825
3390,lut,0.28317981856214125
3390,developed,0.265780555090747
3390,deserves,0.265780555090747
3390,surely,0.25431995322700085
3391,received,0.6332323700965321
3391,confirmation,0.5943250182171917
3391,bottom,0.46587939128919365
3391,url,0.12022764754129532
3391,btc,0.11956690061116369
3392,heavily,0.33224360471523706
3392,doge,0.3300338370272362
3392,size,0.31182974173418704
3392,rather,0.30454371866540586
3392,invested,0.2841298556843558
3393,number,0.5877005361892967
3393,bearwhale,0.4932757282416674
3393,shorted,0.3806486543985135
3393,worth,0.35024553657735774
3393,future,0.28959197433381667
3394,adult,0.5200684331821792
3394,craze,0.48811415148923354
3394,nothing,0.4237071457275076
3394,rise,0.3983436054539596
3394,gold,0.359620110930411
3395,doggyinu,0.5963474721034109
3395,airdrop,0.5683038757410842
3395,binancesmartchain,0.3626471976511251
3395,bsc,0.26895096540272617
3395,binance,0.24538767017370347
3396,yieldfarming,0.41006003315287387
3396,user,0.39508020787319076
3396,nice,0.35530920026862217
3396,pancakeswap,0.3483932097900497
3396,giveaway,0.33436369963709117
3397,number,0.7087196766515917
3397,perp,0.34231782850883585
3397,run,0.2534027429528252
3397,account,0.2367080322652109
3397,bank,0.232687844168246
3398,example,0.2882689946926356
3398,active,0.2882689946926356
3398,playtoearn,0.2729315045737052
3398,changing,0.2689460423588005
3398,bnb,0.25787448853034006
3399,user,0.6873267741305681
3399,whitelist,0.5120972212084756
3399,nice,0.3708819448398126
3399,bsc,0.2460737225163177
3399,project,0.2449441295096375
3400,bought,0.583646886698892
3400,number,0.5474739994321731
3400,million,0.5307550117337291
3400,user,0.1998671981904702
3400,url,0.1506194381950038
3401,volume,0.5802281204893547
3401,number,0.5528538920547877
3401,bull,0.31145309923837045
3401,whale,0.307464338223212
3401,alert,0.2802914997412981
3402,number,0.7901721943705917
3402,dot,0.30737742730200246
3402,hour,0.27297920318394253
3402,update,0.2664661920122699
3402,usd,0.249047664681269
3403,selena,0.36627071736611877
3403,belle,0.36627071736611877
3403,jackson,0.36627071736611877
3403,onlyfans,0.36627071736611877
3403,solo,0.35359679947618966
3404,number,0.7189987299871398
3404,fx,0.3600697178105023
3404,chart,0.2893226092323181
3404,signal,0.2603752162014166
3404,going,0.2576484332711389
3405,wedding,0.43440745921149626
3405,archive,0.41937583312789684
3405,brain,0.4077163981212754
3405,surprise,0.37149888498157607
3405,sportsbook,0.36651884930340783
3406,algo,0.6838763087028131
3406,dip,0.5686012653959617
3406,buy,0.40625674252520766
3406,btc,0.16168409978783665
3406,bitcoin,0.13348972400050058
3407,number,0.7321025666705263
3407,cny,0.3978134659799368
3407,eur,0.3452456633174914
3407,gbp,0.3314802844207174
3407,usd,0.20190204281546406
3408,min,0.6319282075103057
3408,delayed,0.47469795124415065
3408,derivs,0.2427505878421368
3408,oi,0.23994580184715653
3408,sheet,0.23493138824497997
3409,signal,0.34846117130076926
3409,bittrex,0.29878058521065387
3409,number,0.274925375848229
3409,premium,0.26353200122806497
3409,quick,0.25929916945708126
3410,pa,0.31750644529812766
3410,af,0.31750644529812766
3410,party,0.2800486814537544
3410,exactly,0.2800486814537544
3410,seeing,0.2715268531917434
3411,design,0.31190780623360576
3411,item,0.29836254171125115
3411,nftcollectibles,0.2824251498972162
3411,openseanft,0.27984651300642827
3411,nftcollectors,0.2617743264029048
3412,liverpool,0.559159069556513
3412,club,0.4781846316465893
3412,sportsbook,0.47177444679106856
3412,dream,0.42828486710209174
3412,url,0.21232767845999678
3413,metaruffy,0.3427153422899596
3413,minting,0.322072488109594
3413,mr,0.316899383310643
3413,nftproject,0.2916290292010045
3413,rich,0.284081258133176
3414,number,0.6532931780409608
3414,hour,0.47395295628097434
3414,last,0.43528929552522433
3414,api,0.27416485804402185
3414,powered,0.2550491006391296
3415,welp,0.643496777967399
3415,donate,0.5898470246834857
3415,dip,0.4273018271978027
3415,crypto,0.1743987634944569
3415,url,0.1221764828662023
3416,start,0.5047043224974653
3416,later,0.32663950009756604
3416,register,0.32286544581648313
3416,thank,0.28668897605496224
3416,claim,0.2834359271568473
3417,conviction,0.4371422582272967
3417,court,0.42498888326900597
3417,stockmarket,0.3552236167892916
3417,learn,0.3395551913533198
3417,stock,0.2934076395285165
3418,livestream,0.43910212118822023
3418,market,0.4261847561405378
3418,est,0.39473729512657907
3418,april,0.36679075978603143
3418,watch,0.32707579018351574
3419,current,0.6866419897382429
3419,price,0.4658857677400056
3419,crypto,0.35040683414703533
3419,number,0.2974253666743466
3419,btc,0.24413126833999296
3420,cardano,0.5098772289074982
3420,number,0.3867308346442575
3420,price,0.3028867272175968
3420,recent,0.261053065661318
3420,alert,0.24508592413938526
3421,sit,0.29403483011729087
3421,sort,0.2838604614959502
3421,fail,0.27596860807874996
3421,create,0.2514542722921778
3421,stack,0.2450061585441467
3422,buypitbulltoken,0.404584539835304
3422,beautiful,0.3800932769566049
3422,list,0.3753784790675884
3422,late,0.34505514174202606
3422,holder,0.31151188735404023
3423,blame,0.6454284871991938
3423,fintech,0.45470574999919056
3423,via,0.39870796796450164
3423,cryptocurrencies,0.34224733044009525
3423,url,0.2450864874777856
3424,asset,0.6291143327897751
3424,lord,0.46275956755322817
3424,property,0.4241782762724521
3424,information,0.36001893872686846
3424,good,0.24845635712170144
3425,investment,0.3319130137436367
3425,high,0.3223751242694144
3425,rating,0.28274016322581297
3425,physical,0.28274016322581297
3425,review,0.27295661940697374
3426,bye,0.8253080874127657
3426,lost,0.3398734137642157
3426,china,0.3054695311117088
3426,already,0.2983668193498124
3426,user,0.10396516529194506
3427,long,0.7622778687061378
3427,number,0.3609497513605699
3427,none,0.34868380025886225
3427,po,0.16830921768376908
3427,progress,0.143592865895411
3428,number,0.6025356364400193
3428,byte,0.3920551480370149
3428,information,0.33962446384962713
3428,reward,0.3090689667510452
3428,visit,0.30462903314700857
3429,bnb,0.5067049129414347
3429,update,0.4474157461899594
3429,binancecoin,0.3110346356001107
3429,price,0.29688912496646663
3429,number,0.28430474690114066
3430,would,0.46147813335551796
3430,one,0.4019253090796642
3430,capitalization,0.3596163103242682
3430,market,0.34903723330913344
3430,swap,0.314291253427069
3431,five,0.4193812622916629
3431,moved,0.40772167634410245
3431,alone,0.3901404962528671
3431,sentiment,0.33528571233394056
3431,past,0.3279829407784832
3432,number,0.7077844035592058
3432,usd,0.2402405992439459
3432,carbonaraindex,0.2221345327080683
3432,carbonara,0.2221345327080683
3432,alla,0.2221345327080683
3433,eoy,0.8439047187439904
3433,year,0.4746699447811367
3433,user,0.21261561570277246
3433,bitcoin,0.13155937504575616
3434,fuel,0.311952806832515
3434,extended,0.2927856603025132
3434,potentially,0.2927856603025132
3434,downside,0.2927856603025132
3434,little,0.2751502324534347
3435,failed,0.33080714604156053
3435,enabling,0.33080714604156053
3435,yr,0.31936035980518873
3435,shed,0.31936035980518873
3435,rescue,0.31936035980518873
3436,sec,0.5928672302795047
3436,etf,0.540993789893752
3436,spot,0.5371895832420784
3436,bitcoin,0.22183885007419243
3436,btc,0.134346726089868
3437,bnb,0.5067049129414347
3437,update,0.4474157461899594
3437,binancecoin,0.3110346356001107
3437,price,0.29688912496646663
3437,number,0.28430474690114066
3438,stonks,0.31041671692200695
3438,significant,0.31041671692200695
3438,perspective,0.31041671692200695
3438,number,0.2958703386886401
3438,wallstreetbets,0.2947351897915933
3439,good,0.36861205779248096
3439,user,0.3459446108688556
3439,airdrop,0.32713429100887254
3439,luck,0.26929606148634244
3439,development,0.267063647285491
3440,gathering,0.9691147495166159
3440,url,0.19059448030360784
3440,bitcoin,0.1564939179238117
3441,user,0.33439885836166194
3441,ven,0.3203385297508497
3441,veoven,0.3203385297508497
3441,achievement,0.29800337831735024
3441,working,0.2541560238232395
3442,dude,0.3154725759013561
3442,binaryoptions,0.3067018463920771
3442,forextrader,0.29347669622571043
3442,entrepreneur,0.26914515977488124
3442,bitcoinmining,0.24671970944455554
3443,lost,0.6610912913432683
3443,hodler,0.37667019510641403
3443,purchasing,0.37667019510641403
3443,seller,0.33054564567163414
3443,power,0.2952641666328592
3444,ht,0.5166846852108586
3444,number,0.4538403229084463
3444,airdrop,0.26858627263028073
3444,heco,0.253116649357244
3444,hswap,0.253116649357244
3445,number,0.8127426372779946
3445,shorted,0.3290040720165779
3445,btcusdt,0.30019591053756073
3445,utc,0.2799076178581613
3445,binance,0.18172469512636583
3446,user,0.3144340716454831
3446,ven,0.30121319405208624
3446,veoven,0.30121319405208624
3446,professionally,0.30121319405208624
3446,implemented,0.29283890211210195
3447,choose,0.7080870619056996
3447,babydogecoin,0.6932893810652283
3447,bitcoin,0.1340244263705184
3448,mining,0.4871892373154361
3448,auto,0.4839024271859044
3448,trading,0.2540635207092292
3448,engaging,0.25062343522784364
3448,system,0.1905613123677796
3449,number,0.8220957482504303
3449,shorted,0.3327902786886683
3449,utc,0.28312881838558246
3449,btcusd,0.26278332521040665
3449,binance,0.18381599827940515
3450,token,0.36111462711587505
3450,coin,0.33815305605420437
3450,erc,0.3055623781701117
3450,cripto,0.2867878752704254
3450,tokensale,0.2651848038284627
3451,cardano,0.5098772289074982
3451,number,0.3867308346442575
3451,price,0.3028867272175968
3451,recent,0.261053065661318
3451,alert,0.24508592413938526
3452,user,0.6596084036792675
3452,supporter,0.43634819777795075
3452,plan,0.3210284918630089
3452,bscgem,0.29306464037535557
3452,giveaway,0.2791194063519194
3453,nodejs,0.3613778150678985
3453,api,0.3488732043025385
3453,release,0.331248945298088
3453,released,0.32454851299784937
3453,javascript,0.31874433453272794
3454,browser,0.5072892439865129
3454,android,0.47612014706024713
3454,cryptomonnaie,0.25364462199325644
3454,battery,0.24486785945138145
3454,digitalcurrency,0.24486785945138145
3455,user,0.49285504434479793
3455,celebrity,0.32603649250987266
3455,lasvegas,0.3060040097458381
3455,party,0.2875723979318386
3455,july,0.28295343106348303
3456,update,0.5089166595617974
3456,shake,0.41331082840118194
3456,done,0.3513900879388552
3456,yet,0.34475151957677563
3456,break,0.3089054838394845
3457,craze,0.4591857085432497
3457,lose,0.39859583118440894
3457,gaming,0.3693820755420451
3457,fintech,0.34467499194723544
3457,finance,0.32252046621778907
3458,fallen,0.44415335340891493
3458,economy,0.3618580510389664
3458,global,0.34554362597346977
3458,rise,0.3401968604185539
3458,save,0.3353368687956337
3459,ret,0.595213090905253
3459,retnft,0.3082736129321952
3459,retmetaverse,0.3082736129321952
3459,retoken,0.3082736129321952
3459,pancake,0.2976065454526265
3460,cat,0.8256046717502235
3460,cheseeswap,0.28506556604465333
3460,rate,0.2183444295478384
3460,reward,0.20182322234793662
3460,pancakeswap,0.18999937263592995
3461,regulate,0.47718708148618133
3461,probably,0.43479847638357305
3461,gon,0.40605595416658025
3461,dominance,0.39240987128096483
3461,na,0.37636529155611526
3462,number,0.7583896877755126
3462,day,0.38050958309708216
3462,rsi,0.36640539298456404
3462,aud,0.22101554762673592
3462,trajectory,0.21148523719381881
3463,planned,0.5776216335380054
3463,wrong,0.4750011885481297
3463,hand,0.4713894964727529
3463,drop,0.4527859450295163
3463,btc,0.11620649700271851
3464,area,0.4109631052370606
3464,deeper,0.23583472091148702
3464,attempt,0.23106430698581823
3464,dipping,0.22328702147701485
3464,progress,0.21190725063274046
3465,standard,0.7379518357896635
3465,friday,0.6630802454243468
3465,bitcoin,0.12550568187398384
3466,sense,0.485584637535258
3466,calling,0.46924057118392715
3466,entire,0.4623885202670686
3466,really,0.34695567706665603
3466,make,0.31949348425020263
3467,binary,0.6331304222981462
3467,trade,0.2657395658124475
3467,satisfaction,0.22485938703748154
3467,lifestyle,0.21707866836964396
3467,profitable,0.21707866836964396
3468,en,0.6827231318701448
3468,enjoy,0.33525670527335183
3468,friday,0.3130599955164338
3468,weekend,0.29571028308145675
3468,community,0.2543026048413644
3469,float,0.3722831509161561
3469,mil,0.35940118721333814
3469,ah,0.35940118721333814
3469,lghl,0.35940118721333814
3469,increasing,0.3412450791149302
3470,bit,0.8762482983783556
3470,become,0.36302574918485825
3470,coin,0.2793391963653068
3470,user,0.12718918455095704
3470,bitcoin,0.07870037944670617
3471,fxs,0.6932537682995117
3471,volume,0.4184302864156429
3471,number,0.3986894192639047
3471,bear,0.22314070069613884
3471,whale,0.22172725961098103
3472,oracle,0.4532115457670106
3472,care,0.3682815866644352
3472,miss,0.31530080109869146
3472,opportunity,0.3012465169420425
3472,take,0.2966532148641012
3473,senator,0.3912209076179438
3473,integrate,0.36718333431301964
3473,tuned,0.33456637974254205
3473,fully,0.32598699847698864
3473,bill,0.3222204833224774
3474,bountycampaign,0.2916170765707888
3474,alicenft,0.2916170765707888
3474,aliceincrypto,0.2916170765707888
3474,leader,0.273699407247544
3474,probability,0.2673043142585717
3475,bunch,0.33615622512100407
3475,speech,0.33615622512100407
3475,gathering,0.3245243468589112
3475,appropriate,0.3245243468589112
3475,ngmi,0.3155019611338048
3476,number,0.7801188847161766
3476,mar,0.18838455452217576
3476,comment,0.18231653035826198
3476,kishu,0.17891292325689942
3476,uni,0.17588832390137002
3477,sovereign,0.4117015106397921
3477,ownership,0.4117015106397921
3477,secure,0.37010511420375664
3477,bring,0.3474414497420038
3477,simple,0.3291459268102027
3478,project,0.4860704740769836
3478,user,0.3637175020184121
3478,bsc,0.32554136923889426
3478,cryptogiveaway,0.3183343117577156
3478,gift,0.25953232408880494
3479,gift,0.403344513668537
3479,tumblr,0.26321950782491116
3479,freeshipping,0.25706928175763516
3479,ad,0.24339178732906425
3479,linkedin,0.23662259248522863
3480,bit,0.48100615198947233
3480,buyback,0.26753340037889317
3480,passed,0.26009546989407467
3480,brings,0.2540182381868146
3480,missing,0.2488800119912112
3481,fomo,0.4712398495836801
3481,contract,0.41163191506342267
3481,wow,0.4049822824477992
3481,dollar,0.3566712059736395
3481,stock,0.33999977153828276
3482,clean,0.32197145562953355
3482,beginning,0.32197145562953355
3482,enjoy,0.32197145562953355
3482,wave,0.30065433702099126
3482,energy,0.2888757105298156
3483,number,0.6453072507966174
3483,chng,0.44263947800364056
3483,volume,0.3078451144382091
3483,signal,0.2974222233184585
3483,usdt,0.2863438396634442
3484,currently,0.8329891198658979
3484,number,0.5240241147008649
3484,bitcoin,0.17756084421125023
3485,falling,0.6058914648801237
3485,rising,0.5885240059663004
3485,price,0.40196172356937926
3485,protect,0.33394710320436566
3485,bitcoin,0.11593589708689302
3486,ema,0.5716553681557751
3486,bottom,0.4984775888818614
3486,support,0.40501791291841294
3486,btcusd,0.3985686144117037
3486,bitcoin,0.21124849703141463
3487,number,0.5117383017100425
3487,quick,0.3217680827106671
3487,starting,0.30206437265320124
3487,test,0.2989876076809378
3487,mean,0.2680764291808033
3488,stmx,0.3837694047118155
3488,vra,0.35486093757591847
3488,tel,0.35486093757591847
3488,advice,0.2990404638435956
3488,thank,0.2990404638435956
3489,evolution,0.4752402748589409
3489,mobile,0.4272242186519023
3489,according,0.40106282295681145
3489,weekly,0.34193884968242777
3489,could,0.32004572792662256
3490,digital,0.3593682134024781
3490,gensler,0.2632454998032928
3490,friendly,0.25413652195927555
3490,govt,0.24707104983015232
3490,yuan,0.24129813875797826
3491,user,0.33780753690510146
3491,thetanarena,0.33520277130070464
3491,project,0.300963006910656
3491,attraction,0.295657286686773
3491,guideline,0.295657286686773
3492,holland,0.5692578960844578
3492,rig,0.5342812929937557
3492,number,0.39285544840183384
3492,mining,0.3688619142593326
3492,ethereum,0.2125605790408757
3493,un,0.36900808076616065
3493,shibaarmy,0.31557029615156335
3493,memecoin,0.30747803688495295
3493,reddit,0.2975739119824465
3493,post,0.2714852685467193
3494,adn,0.46161489788438503
3494,great,0.37662741550722917
3494,based,0.36867010851055226
3494,project,0.31084694011391933
3494,adon,0.23080744894219252
3495,long,0.7146334047334001
3495,overly,0.28602884051344296
3495,belief,0.28602884051344296
3495,woo,0.27613149992097785
3495,wrong,0.22076080877561186
3496,dogecoin,0.4483671018228808
3496,bio,0.3428091528547473
3496,double,0.33241409517656756
3496,view,0.33241409517656756
3496,bet,0.33241409517656756
3497,coinbase,0.40175731346504584
3497,warning,0.31883290518802404
3497,worse,0.3078004587778422
3497,bankruptcy,0.3078004587778422
3497,hardware,0.2992430285192559
3498,number,0.8196268184975126
3498,multiple,0.2505137062009276
3498,address,0.21237773734663642
3498,date,0.2062404207268814
3498,unknown,0.20352672347613018
3499,accepts,0.4630472951286734
3499,utility,0.39976703339285574
3499,pay,0.3788140207275106
3499,fintech,0.3558890710248791
3499,got,0.3354445254575207
3500,really,0.40217197978880953
3500,user,0.31580307354342096
3500,project,0.2813585613750102
3500,smile,0.2679876983129737
3500,develop,0.2643952560396275
3501,gt,0.6736505459651652
3501,number,0.3899717037200689
3501,sell,0.23530524919478854
3501,yolonofomo,0.1883597580189257
3501,getrichslow,0.1883597580189257
3502,happens,0.3798253918364672
3502,wedge,0.34608544126539187
3502,rising,0.32025633676266435
3502,face,0.32025633676266435
3502,drop,0.29773746169353865
3503,user,0.3896094096348515
3503,dks,0.3092841682123202
3503,airdrop,0.2947398953171712
3503,becomes,0.2902809893926534
3503,participating,0.2902809893926534
3504,hold,0.5575892404798819
3504,otherwise,0.3959554619176046
3504,buy,0.3891807410507403
3504,must,0.3245748416324681
3504,alt,0.31655732155536914
3505,bitcoins,0.5772089206068111
3505,bought,0.4339857047834521
3505,number,0.40708842094237796
3505,september,0.255966888275956
3505,april,0.23784499359427874
3506,api,0.5512870719072679
3506,range,0.4407413855232586
3506,big,0.36528221522382887
3506,see,0.31941175584890036
3506,great,0.3106079277391042
3507,zonauang,0.33055058537884063
3507,jennie,0.31911267680759176
3507,gamedev,0.31911267680759176
3507,decent,0.31911267680759176
3507,middleman,0.3102407456634516
3508,convergence,0.5153028667520884
3508,amp,0.2581802323221746
3508,unfortunately,0.2576514333760442
3508,eventually,0.2576514333760442
3508,follows,0.2576514333760442
3509,ensdomains,0.3303286520311916
3509,domainnames,0.3188984229300499
3509,domainsforsale,0.3188984229300499
3509,en,0.2966636809101417
3509,domain,0.2720679182532296
3510,user,0.6591952813180767
3510,babydoge,0.3340092177022257
3510,babydogecards,0.21049279122413422
3510,babydogeexchange,0.21049279122413422
3510,babydogewallet,0.21049279122413422
3511,user,0.6314965945685894
3511,age,0.4177515013542849
3511,home,0.3480937633546169
3511,available,0.31997450453790144
3511,sale,0.28514563553806743
3512,vega,0.41628839753605
3512,advertising,0.4047147990316223
3512,nfl,0.39525848051106516
3512,ton,0.39525848051106516
3512,theta,0.38033751692565426
3513,number,0.9013041457302107
3513,last,0.23550549908097446
3513,fibonacci,0.17523991804115147
3513,price,0.1660939757350074
3513,indicator,0.15139389533488745
3514,crosschain,0.5709976270763432
3514,boring,0.5233922887635261
3514,gamefi,0.4281816121378918
3514,defi,0.28290620450733334
3514,nft,0.2447187620428695
3515,renaissance,0.6387208807687514
3515,user,0.48276314959697203
3515,via,0.39456440104294754
3515,new,0.32374401773537814
3515,url,0.2425394296208349
3516,currently,0.8329891198658979
3516,number,0.5240241147008649
3516,bitcoin,0.17756084421125023
3517,washington,0.44344504703167625
3517,bet,0.3668527613111666
3517,gamblingtwitter,0.22966969119821087
3517,sportspicks,0.22966969119821087
3517,wager,0.22966969119821087
3518,number,0.7039112429411603
3518,dot,0.42594512918116567
3518,ada,0.35474870025312644
3518,eth,0.21941528942050798
3518,usdt,0.19087954064684254
3519,institutional,0.3988301635209103
3519,street,0.36878720404214055
3519,tech,0.3540831943026943
3519,provide,0.34267787827498564
3519,state,0.32310237341536274
3520,user,0.59658293593762
3520,airdropalert,0.3809991088865366
3520,alt,0.30460005991583494
3520,making,0.26717246359764113
3520,chart,0.2557246459177634
3521,current,0.6598056426526541
3521,number,0.5716019064740826
3521,price,0.4476773383806637
3521,bitcoin,0.19368214976945358
3522,user,0.5057509502367566
3522,kite,0.4014809655474338
3522,bakeryswap,0.3875886816424898
3522,pancakeswap,0.26759153214362963
3522,binancesmartchain,0.24414616289477184
3523,qr,0.4642914297598711
3523,code,0.3583462120721253
3523,bunch,0.23214571487993554
3523,center,0.23214571487993554
3523,generator,0.23214571487993554
3524,expanding,0.34149211011481834
3524,color,0.34149211011481834
3524,sort,0.3296755963766273
3524,causing,0.3296755963766273
3524,quickly,0.30668943116344416
3525,number,0.5605961983653899
3525,best,0.3953879647971418
3525,hour,0.38733608858415414
3525,id,0.283631812373883
3525,ask,0.2628439620984045
3526,number,0.737816005538203
3526,unknown,0.36642352530804234
3526,wallet,0.3203068895295403
3526,symbol,0.2004278524711897
3526,detail,0.19219998709290415
3527,atm,0.6549045028295467
3527,looking,0.5181306181888997
3527,better,0.4749565006803533
3527,eth,0.23958573226976257
3527,btc,0.14019898010687495
3528,ico,0.39609797286825527
3528,far,0.38484352015382106
3528,crash,0.3753280159670375
3528,price,0.3698489285879899
3528,ago,0.367085311315916
3529,user,0.5699271906083172
3529,worldwide,0.3119792576855652
3529,sustainable,0.3119792576855652
3529,gamers,0.3033056489769549
3529,generate,0.3033056489769549
3530,inflow,0.6616696110568042
3530,data,0.49956217564507527
3530,live,0.4346398755139263
3530,binance,0.2722667100596251
3530,number,0.15221016316947836
3531,level,0.34858379313119475
3531,hike,0.2509203365677767
3531,correlation,0.24223784137558102
3531,otherwise,0.24223784137558102
3531,fomc,0.24223784137558102
3532,anybody,0.30730567502858563
3532,pic,0.30730567502858563
3532,client,0.29876200068655695
3532,took,0.280766598515186
3532,phone,0.280766598515186
3533,project,0.5206939380145025
3533,user,0.3896255965976858
3533,hopefully,0.2880225059380513
3533,date,0.26855118936687183
3533,lot,0.2628027607543611
3534,number,0.720587949402615
3534,low,0.335034626237207
3534,high,0.3246877214793888
3534,year,0.3203466314208098
3534,day,0.30676391121418434
3535,gold,0.5351299359895612
3535,roi,0.37355271807323515
3535,shown,0.3631672516398525
3535,two,0.2942109491310293
3535,compared,0.2882613746034973
3536,slowing,0.4485147471928324
3536,reason,0.3717797774166237
3536,run,0.353750950400228
3536,show,0.3474742480234823
3536,sign,0.3474742480234823
3537,flux,0.6663817361199462
3537,theta,0.5877654747135148
3537,sorry,0.2849399413974144
3537,wrong,0.2571610799020487
3537,chart,0.21589761380858594
3538,whale,0.5556623881537871
3538,insight,0.3714363474054916
3538,busd,0.36191149902494446
3538,spot,0.32792348337429544
3538,sold,0.312329603480733
3539,number,0.7257316278679091
3539,bearcount,0.29609733102679786
3539,bullcount,0.29609733102679786
3539,suggested,0.29609733102679786
3539,date,0.21913660151919934
3540,coinhuntworld,0.3811569939090602
3540,vault,0.3811569939090602
3540,location,0.3787433422529292
3540,playing,0.36596516826317177
3540,found,0.36045041552561885
3541,number,0.7353946510984448
3541,dot,0.33374708757931654
3541,usdt,0.2991253398851092
3541,hour,0.29639786770305165
3541,update,0.2893261105834841
3542,lab,0.5239482895364801
3542,court,0.4917556199411675
3542,nftgiveaway,0.3691226908628086
3542,billion,0.35614971758544156
3542,nftcommunity,0.30049027577524484
3543,number,0.4813369549632435
3543,estimating,0.3196601579002104
3543,realized,0.3131941410947334
3543,initial,0.2982330252294981
3543,winning,0.2982330252294981
3544,number,0.7494217248311251
3544,usdt,0.3048309201359503
3544,hour,0.3020514235703262
3544,update,0.29484477825380534
3544,xrp,0.27778523499886576
3545,cardano,0.5098772289074982
3545,number,0.3867308346442575
3545,price,0.3028867272175968
3545,recent,0.261053065661318
3545,alert,0.24508592413938526
3546,project,0.4382054892126347
3546,telefy,0.314113906557043
3546,dex,0.2711185671482964
3546,polkadot,0.25313428946024047
3546,working,0.24921741877324355
3547,halloween,0.4619210374197839
3547,cryptogiveaway,0.40742598892345594
3547,luck,0.3623705612594135
3547,user,0.3491328710304245
3547,excellent,0.34411881661995375
3548,cute,0.6964586894542301
3548,let,0.3994269431537023
3548,go,0.3932188791988371
3548,dogecoin,0.3751265342382956
3548,user,0.17546766806831723
3549,holder,0.38846575309889075
3549,anime,0.28089193209521224
3549,kleekai,0.28089193209521224
3549,gamedev,0.2711723418726618
3549,stopped,0.26363324198682414
3550,realize,0.6953070504797568
3550,investor,0.4937682201424828
3550,better,0.47388457699722236
3550,user,0.18664547755549576
3550,bitcoin,0.11548992909648047
3551,staying,0.7525337527091411
3551,fun,0.6465826642401408
3551,bitcoin,0.1249952372597398
3552,cryptobuyingtips,0.5511737497251626
3552,cryptotrading,0.3640720315183893
3552,coinbase,0.35971045303389537
3552,coin,0.3159117933044794
3552,cryptocurrencies,0.3027431592460168
3553,yu,0.3601878381177471
3553,加密货币,0.3281922945980353
3553,币圈,0.3281922945980353
3553,区块链,0.3281922945980353
3553,gamefi,0.28778082229928686
3554,afford,0.5144636614702366
3554,ca,0.435561640693641
3554,pay,0.42956637407751436
3554,holder,0.3961138659052612
3554,daily,0.33262706890404425
3555,network,0.4365903200823556
3555,participation,0.2967110461593049
3555,dvpn,0.2967110461593049
3555,sentinel,0.2967110461593049
3555,robust,0.2967110461593049
3556,computer,0.8128486989136267
3556,keeping,0.3969280866263712
3556,keep,0.2824851076895896
3556,earn,0.27203312548855035
3556,number,0.09961420581320762
3557,pressure,0.5241522950072758
3557,around,0.41326971381699357
3557,buying,0.3971476557810216
3557,alert,0.35741211864585387
3557,trading,0.31066182483362453
3558,watching,0.7924367668271958
3558,bnb,0.3850694313640423
3558,price,0.3384304857003201
3558,user,0.2366286467289448
3558,url,0.17832277709318023
3559,imo,0.475641810588542
3559,either,0.44415046961959515
3559,moment,0.42304269866740146
3559,thought,0.3899091766708724
3559,share,0.3763061397378595
3560,game,0.4758883378727163
3560,developing,0.39811051894567445
3560,deploying,0.20732142550689778
3560,tge,0.20732142550689778
3560,creo,0.20429402964437732
3561,japanese,0.5551578613428915
3561,dump,0.439330278926403
3561,easy,0.4252201632971837
3561,hard,0.3911099009671685
3561,pump,0.3714247301694316
3562,user,0.33613062072877586
3562,airdrop,0.317853924714454
3562,benefit,0.3057309173432569
3562,confident,0.2941896092890574
3562,able,0.2779230492006112
3563,number,0.737816005538203
3563,unknown,0.36642352530804234
3563,wallet,0.3203068895295403
3563,symbol,0.2004278524711897
3563,detail,0.19219998709290415
3564,sushi,0.4916753180822991
3564,uni,0.41730667531990423
3564,watch,0.38572197482875265
3564,together,0.38367361048916765
3564,made,0.3797622276602036
3565,hunt,0.37427789748786994
3565,experience,0.36977104639485797
3565,exciting,0.36977104639485797
3565,together,0.36165038021939017
3565,bitcoins,0.329829222520592
3566,esports,0.6390807417805999
3566,happy,0.41980161913015696
3566,year,0.35946287972316837
3566,see,0.3574661682625859
3566,user,0.32202342842613574
3567,dropping,0.4162737970210294
3567,perhaps,0.3983238448421012
3567,tomorrow,0.3983238448421012
3567,bit,0.3849168487261176
3567,hopefully,0.3304143102079508
3568,autocrypto,0.34529805635419264
3568,au,0.34529805635419264
3568,tothemoon,0.29803428731939835
3568,bio,0.2945907430523048
3568,info,0.28565782005423057
3569,bitcoinbull,0.4325764054910965
3569,similar,0.3780556576040206
3569,lead,0.36905219237551007
3569,rally,0.3578613627431765
3569,ath,0.3084774056835836
3570,sold,0.6231658242772962
3570,hodl,0.532473890842386
3570,trade,0.5120705977704284
3570,user,0.21833149083178094
3570,bitcoin,0.13509616587518972
3571,develop,0.5221113681291188
3571,project,0.4167070892688308
3571,polygonnetwork,0.30940983429020585
3571,participate,0.2407154988967425
3571,idea,0.22628440654215695
3572,designed,0.5554635664749223
3572,user,0.31165147109994473
3572,pakistan,0.309248389629596
3572,whether,0.290247409133915
3572,buyer,0.25194905925944633
3573,update,0.5529917232004444
3573,price,0.3669455762626953
3573,eth,0.3285955801571322
3573,recent,0.3162643292237017
3573,usd,0.2584217086060955
3574,campaign,0.39280194872668306
3574,planned,0.36866723237339577
3574,south,0.36866723237339577
3574,island,0.36866723237339577
3574,yuan,0.36005317925313246
3575,significant,0.3882812560343976
3575,institution,0.3490511326627601
3575,due,0.3490511326627601
3575,panic,0.3439541391791022
3575,reason,0.31290336978171324
3576,ugly,0.6885199642158767
3576,decentraland,0.33234769281164944
3576,millionaire,0.28685654595102555
3576,listing,0.27243392284282864
3576,care,0.2700671171688581
3577,thing,0.844071983524062
3577,crypto,0.35303824678031237
3577,url,0.2473238367325917
3577,btc,0.24596459475113894
3577,bitcoin,0.20307343709312944
3578,bill,0.46332877859848726
3578,sure,0.44517711419943623
3578,pay,0.42184402033980306
3578,thing,0.3645129316498404
3578,invest,0.3565433261792173
3579,number,0.8746915067380983
3579,oct,0.1736791152899379
3579,tictoknextblock,0.1688487642554838
3579,recipient,0.1688487642554838
3579,remaining,0.16304374430509325
3580,url,0.6127690071565368
3580,btc,0.6094013521400864
3580,bitcoin,0.5031343119667219
3581,inflation,0.39114801197502225
3581,western,0.26252487040796074
3581,hedging,0.26252487040796074
3581,protection,0.26252487040796074
3581,medicine,0.25344082821222896
3582,dogecoins,0.5162245539174513
3582,help,0.4350211976146338
3582,please,0.4211300973732865
3582,elonmusk,0.38416290411641446
3582,need,0.361721937741733
3583,outside,0.3336602259878661
3583,understanding,0.29965572228207243
3583,bubble,0.28956975038561067
3583,early,0.26906884671470205
3583,far,0.25020624726812796
3584,number,0.4918429051606176
3584,balance,0.4792267708761895
3584,usd,0.46505936728591196
3584,𝗥𝗲𝗰𝗶𝗲𝘃𝗲𝗿,0.2799747882664157
3584,𝗦𝗲𝗻𝗱𝗲𝗿,0.2799747882664157
3585,boom,0.9133813651249004
3585,btc,0.3763024019573054
3585,bitcoin,0.15534150805156996
3586,type,0.43563515699743477
3586,bybit,0.4275024281052931
3586,kucoin,0.4237884443182612
3586,coinbase,0.34035693400349093
3586,signal,0.3150184327576262
3587,djia,0.5184870378003131
3587,birthday,0.48662992092314156
3587,stockmarket,0.4067457934865281
3587,happy,0.3405856001232703
3587,stock,0.3359639323356873
3588,user,0.5206065589774729
3588,supported,0.3324778888272515
3588,airdrop,0.32819947127359966
3588,definitely,0.2533769090119036
3588,airdropinspector,0.24382768598064233
3589,number,0.444643619947193
3589,reduction,0.2952917873768798
3589,cryptogiveaway,0.2841445553154086
3589,airdropcrypto,0.2718049694268418
3589,kucoin,0.25272227297163286
3590,user,0.4229340969845176
3590,exist,0.4196729376899535
3590,owns,0.4051511643110811
3590,microstrategy,0.37016210090330465
3590,ever,0.29019801775526044
3591,number,0.5427054916448503
3591,actual,0.4718367342858824
3591,report,0.35876065311731015
3591,month,0.3099417836726182
3591,week,0.286930485064523
3592,hub,0.5204610415771601
3592,united,0.4941685660148139
3592,global,0.41942280555301026
3592,financial,0.381687972870791
3592,digital,0.36798558746142934
3593,min,0.6319282075103057
3593,delayed,0.47469795124415065
3593,derivs,0.2427505878421368
3593,oi,0.23994580184715653
3593,sheet,0.23493138824497997
3594,btc,0.7711383008699156
3594,bitcoin,0.6366676691425908
3595,million,0.40298099583139496
3595,managed,0.3011620520065171
3595,literally,0.28265791595242445
3595,teach,0.2704695531233195
3595,turn,0.2428618087987914
3596,getting,0.6150884912241605
3596,keep,0.5549449767916018
3596,better,0.5441642767987847
3596,bitcoin,0.13261772337591304
3597,nft,0.47687136678064834
3597,potential,0.3938806649726545
3597,read,0.39194091616892685
3597,mining,0.360489848713164
3597,elonmusk,0.3593054523411932
3598,distributed,0.46643211630014403
3598,march,0.43909094687531414
3598,reward,0.41729211579988357
3598,community,0.3943375434138015
3598,see,0.3296803166066814
3599,trendline,0.5473660458037852
3599,interested,0.44479192491377467
3599,zone,0.4411046826863129
3599,holding,0.4014191644547401
3599,still,0.34055437110016384
3600,spin,0.4259374526580694
3600,ngmi,0.4140955923173995
3600,advantage,0.4044200879170622
3600,stack,0.3676359099321827
3600,taking,0.32267120953837497
3601,user,0.5762659120518372
3601,airdrop,0.3632880999806909
3601,project,0.34227521635582425
3601,interested,0.29905777901774067
3601,successful,0.2965786457208426
3602,convergence,0.46642127889401314
3602,macd,0.42753470261919163
3602,divergence,0.38000004648912805
3602,avg,0.3599900575549067
3602,average,0.3474713761380613
3603,user,0.8505178683035447
3603,moon,0.4148540889280075
3603,binance,0.2778209865342715
3603,btc,0.12748513813031334
3603,bitcoin,0.10525435664677195
3604,number,0.5993356268444322
3604,avg,0.4233369468690972
3604,hold,0.37283630893769226
3604,sell,0.34260012609168217
3604,day,0.29543125938894044
3605,saying,0.4311754076037798
3605,man,0.41398390170735716
3605,company,0.39316954738474247
3605,cryptotwitter,0.3777620156777419
3605,profit,0.3198319011841182
3606,compete,0.44734798432977724
3606,american,0.40871478179247067
3606,politician,0.40871478179247067
3606,challenge,0.40215003479559774
3606,user,0.3502372678208982
3607,introducing,0.8628513964197897
3607,nft,0.36980175669027837
3607,user,0.21738909243549837
3607,url,0.1638238954105563
3607,btc,0.16292355228492417
3608,unknown,0.5494336858848731
3608,wallet,0.4802841050682713
3608,number,0.4609658626208974
3608,transferred,0.3427334859359474
3608,tx,0.28234403289969456
3609,number,0.6228816748985138
3609,jun,0.45128597962017725
3609,jpy,0.4136612668071812
3609,eur,0.3916522207111757
3609,usd,0.22904091734261947
3610,current,0.6866419897382429
3610,price,0.4658857677400056
3610,crypto,0.35040683414703533
3610,number,0.2974253666743466
3610,btc,0.24413126833999296
3611,number,0.7824307537090378
3611,ranking,0.354267804248404
3611,cap,0.292698246919677
3611,change,0.26481606551052134
3611,market,0.1991874491806569
3612,number,0.7735447459352873
3612,multiple,0.2364290148188847
3612,symbol,0.2101335713164519
3612,detail,0.2015072715535552
3612,address,0.20043717356548846
3613,welp,0.47967746350650237
3613,record,0.41021312840002994
3613,april,0.38681944040109173
3613,happy,0.3150922296284868
3613,month,0.3150922296284868
3614,hike,0.3908558377074538
3614,climb,0.3908558377074538
3614,cointelegraph,0.3582693198249283
3614,fed,0.31215817505023413
3614,rate,0.2993739163372277
3615,user,0.4169269992424055
3615,lorc,0.41371215946375345
3615,landorc,0.41371215946375345
3615,airdropstario,0.3082044921166324
3615,believe,0.28121757756863547
3616,smell,0.3490763073586047
3616,bullrun,0.2915904019158259
3616,gon,0.28878348764973816
3616,happen,0.2861467969903722
3616,something,0.28366085891174303
3617,crazy,0.4487224585385247
3617,tothemoon,0.43721574032858085
3617,wow,0.4049764011607127
3617,cryptos,0.381526200229262
3617,currency,0.33778014285145
3618,mx,0.33458480526399836
3618,hotbit,0.3230073022093518
3618,mooning,0.31402709317182836
3618,gamefi,0.2508995738709558
3618,bscgems,0.24191936483343232
3619,watchinwhales,0.4546604341977869
3619,whalealert,0.44617252868804913
3619,hash,0.4256734311318184
3619,large,0.4227872621111957
3619,transaction,0.3757816689782718
3620,gateio,0.6012439664375592
3620,huobi,0.5845222125848136
3620,bullish,0.39732324559831494
3620,user,0.349087033658838
3620,btc,0.13081268002712704
3621,number,0.8779041077376273
3621,volume,0.25593694510681125
3621,low,0.24944221847436188
3621,high,0.24173867181078282
3621,btc,0.16013267888518862
3622,preparing,0.4874963186177263
3622,updated,0.4207687104413679
3622,currently,0.36930545973885887
3622,say,0.325073646739005
3622,via,0.31194066888188693
3624,feel,0.6433481245973799
3624,growth,0.35402957597007895
3624,late,0.33283700582183073
3624,potential,0.3076526255820198
3624,huge,0.29660806786064264
3625,bitcoin,1.0
3626,chainlink,0.4681453859368206
3626,true,0.3993133116329033
3626,dot,0.33789574738081946
3626,ltc,0.3332259234456982
3626,link,0.3288697545083575
3627,held,0.6635818816312684
3627,right,0.4216473034324045
3627,tweet,0.40227627898110924
3627,year,0.3976783362674305
3627,user,0.17812929857216867
3628,current,0.6598056426526541
3628,number,0.5716019064740826
3628,price,0.4476773383806637
3628,bitcoin,0.19368214976945358
3629,blue,0.38098273121250936
3629,coinhuntworld,0.355375807463369
3629,vault,0.355375807463369
3629,location,0.35312541347889576
3629,playing,0.341211546038224
3630,number,0.5602670451664649
3630,btcusd,0.4775723912872924
3630,midnight,0.3424840934418974
3630,fall,0.29864259943901383
3630,since,0.2580549649298301
3631,anything,0.42707307455894994
3631,dig,0.26278051263623353
3631,shared,0.26278051263623353
3631,mentioned,0.26278051263623353
3631,previously,0.26278051263623353
3632,collaboration,0.40616578364320993
3632,youth,0.40616578364320993
3632,digitalassets,0.39211139286741886
3632,learning,0.3647719799491358
3632,education,0.3647719799491358
3633,david,0.4796829646218697
3633,place,0.3831002236459453
3633,put,0.3731850489048172
3633,volatility,0.3702256004524489
3633,asset,0.3260607120824116
3634,hodler,0.3141969727395122
3634,neo,0.27894547083826626
3634,dash,0.26492060213498864
3634,etherium,0.2626190694266463
3634,etc,0.2434153113520216
3635,sell,0.37088948556310797
3635,mindset,0.27214104384656945
3635,story,0.26663623344251125
3635,everybody,0.26186774977308097
3635,cheap,0.257661649087509
3636,provide,0.4257467633259883
3636,view,0.42164842999310526
3636,action,0.4177986375899898
3636,sir,0.41073557324007004
3636,please,0.3737823176525158
3637,zesty,0.33632963573133307
3637,claiming,0.3340492392950696
3637,boltcoiner,0.31232392058187364
3637,unlock,0.3108558498780127
3637,ln,0.308035133951161
3638,click,0.6241755791062591
3638,portfolio,0.5505486819109273
3638,link,0.43143733573896076
3638,url,0.2687181643905086
3638,crypto,0.19178860979950885
3639,game,0.6288148688349257
3639,survive,0.3156553644893534
3639,url,0.299656995587258
3639,metamask,0.29626072372435824
3639,download,0.26632517125530947
3640,luna,0.5391078406720264
3640,fundamental,0.410579871977995
3640,totally,0.410579871977995
3640,crazy,0.3637070917941674
3640,since,0.2703724165367376
3641,accordingly,0.4710674709127857
3641,act,0.44269355264524884
3641,understand,0.37894010394645744
3641,fiat,0.3763707982094896
3641,thing,0.32521978842374216
3642,user,0.4127360461364285
3642,airdrop,0.39029402275565644
3642,cake,0.33731973731301595
3642,yieldfarming,0.3212889814321194
3642,participate,0.31862555560714667
3643,gbp,0.5412660948612019
3643,tip,0.42231598787085695
3643,update,0.3527389970405943
3643,current,0.3449748349501557
3643,like,0.3403624318328469
3644,stonks,0.3309102203822452
3644,bitboy,0.3309102203822452
3644,vlog,0.3309102203822452
3644,wall,0.30783797275446667
3644,street,0.29747659831375883
3645,number,0.46323639384240856
3645,team,0.33337950396417676
3645,user,0.2899104726690231
3645,ama,0.2583570431078171
3645,kyc,0.2583570431078171
3646,possibility,0.7598365806237907
3646,always,0.5467079708306424
3646,ethereum,0.2938919785171313
3646,url,0.14943602733514974
3646,bitcoin,0.12269940535211146
3647,drip,0.8518014448396313
3647,bullsbears,0.21295036120990782
3647,dca,0.19519621739473772
3647,info,0.17007343812868245
3647,learn,0.1596879297643975
3648,gonfty,0.4548791459779548
3648,metaverse,0.4001556034930557
3648,gaming,0.36591775383249764
3648,amp,0.24282620397498214
3648,defi,0.24012826932591055
3649,analytics,0.2755803921745637
3649,invention,0.2755803921745637
3649,predict,0.2660445950253648
3649,secret,0.2526046438005781
3649,upcoming,0.2526046438005781
3650,zesty,0.3294809323102599
3650,claiming,0.3272469717429036
3650,boltcoiner,0.305964047183501
3650,unlock,0.3045258709039897
3650,ln,0.3017625934088602
3651,stmx,0.6623380830525721
3651,stmxusdt,0.3528489473610736
3651,entry,0.24399015494027895
3651,number,0.24350761295910686
3651,stop,0.23260478643554305
3652,safemoon,0.921894289821903
3652,cryptobuyingtips,0.21354758611213182
3652,cryptotrading,0.141056615160754
3652,coinbase,0.13936675863644252
3652,coin,0.12239734007319046
3653,attack,0.4244273143101649
3653,bounty,0.3836540083860617
3653,offer,0.3718498665161183
3653,coinmarketcap,0.3598031533900295
3653,ada,0.2551364219833069
3654,supply,0.4351170181431371
3654,spring,0.2938964098461386
3654,reacts,0.2938964098461386
3654,theory,0.2938964098461386
3654,hodlers,0.28372683092560574
3655,telling,0.4929903107784884
3655,implemented,0.4792842551754634
3655,tax,0.4255106949618122
3655,really,0.3276871813952911
3655,hodl,0.31377326571804526
3656,april,0.9736655751369062
3656,btc,0.2279810250729604
3657,chart,0.36271454571342565
3657,look,0.349642096611889
3657,trading,0.28372712522609483
3657,observe,0.27988538690238396
3657,assistant,0.27988538690238396
3658,click,0.7290789594176664
3658,watch,0.5944051577007808
3658,url,0.313880847358664
3658,bitcoin,0.12886113880673966
3659,consolidate,0.36694114726160204
3659,blow,0.36694114726160204
3659,bigger,0.3583674247906003
3659,longer,0.35111844572967243
3659,green,0.329863718202451
3660,digital,0.5280814261288529
3660,house,0.36306392018966477
3660,white,0.36306392018966477
3660,regulation,0.33571514960980486
3660,central,0.33571514960980486
3661,statement,0.35353616596376647
3661,vote,0.3318140357303922
3661,attempt,0.3175060343229512
3661,later,0.29458597777227985
3661,answer,0.2911822759229126
3662,went,0.3900007399283509
3662,percent,0.3747218216449354
3662,network,0.34837319737539924
3662,minute,0.3335927924474769
3662,cryptonews,0.24291243209137908
3663,fix,0.8298667569443465
3663,user,0.5330340345855207
3663,bitcoin,0.16491174516132837
3664,black,0.5948476962710625
3664,friday,0.5455301232213112
3664,sale,0.45210192619497486
3664,market,0.3103102744829321
3664,crypto,0.17950835736712323
3665,number,0.7490294887663577
3665,addr,0.37510891939499136
3665,tx,0.32770323569959126
3665,whale,0.2975467832626825
3665,alert,0.2712504305567623
3666,number,0.7208545325709096
3666,left,0.3455089341818858
3666,deserves,0.2100767743067386
3666,rank,0.19742317032823173
3666,mine,0.18235699611162237
3667,ii,0.32408580851127383
3667,flashed,0.2771534280714869
3667,anticipated,0.27004630352923553
3667,strongest,0.27004630352923553
3667,reverse,0.2640373153488462
3668,number,0.3554972799303584
3668,币安,0.2486501328020696
3668,屎币,0.2486501328020696
3668,狗狗币,0.2486501328020696
3668,电竞,0.2486501328020696
3669,system,0.5025953001632643
3669,financial,0.46798479372185486
3669,future,0.37463493069274223
3669,property,0.3029482075252012
3669,built,0.2868297028472364
3670,unthinkable,0.6632427177980618
3670,watch,0.47693751090609016
3670,via,0.4097125576654419
3670,url,0.25185102807552406
3670,btc,0.25046690556248696
3671,support,0.46506606450579224
3671,major,0.4182571591693261
3671,spent,0.25933098527280163
3671,prior,0.2503574597960802
3671,sma,0.24339705268548492
3672,investor,0.4158899554011034
3672,attract,0.31199025529382607
3672,specifically,0.31199025529382607
3672,bitwise,0.31199025529382607
3672,ex,0.28019421559235974
3673,full,0.7707799452365067
3673,market,0.5021690275735875
3673,crypto,0.29049485200122965
3673,url,0.2035085490120248
3673,bitcoin,0.16709744225094939
3674,project,0.4803988903443969
3674,future,0.40433200294850175
3674,belongs,0.34435892718478567
3674,bright,0.3146199127140014
3674,cool,0.29722370444018875
3675,number,0.5980772050916985
3675,molly,0.32498611084394197
3675,pure,0.3137407475404749
3675,cashapp,0.2918656171506775
3675,message,0.2918656171506775
3676,user,0.2981223241560366
3676,amp,0.2964307059078469
3676,language,0.2958235632018587
3676,ur,0.27764743700992
3676,pill,0.2711600967716477
3677,careful,0.4111621449830511
3677,accordingly,0.3997310659176274
3677,sound,0.39039119425757585
3677,agree,0.34698627048986086
3677,must,0.33704014953305594
3678,number,0.7800154697311604
3678,hour,0.47157316481370676
3678,day,0.22829331255707264
3678,current,0.22509486167551632
3678,btc,0.16006214271459798
3679,user,0.3650898289340219
3679,fantom,0.3622746950929152
3679,enthusiastic,0.3320710504466564
3679,bnb,0.29705814314497947
3679,excellent,0.26988495709805743
3680,tool,0.6504253102554409
3680,transparency,0.2535221664249211
3680,provides,0.2323854612441077
3680,ultimate,0.22768481819987196
3680,decentralization,0.2112487560632943
3681,like,0.45780010583705033
3681,cause,0.39233315582739037
3681,guess,0.37912779751288994
3681,institution,0.37912779751288994
3681,etf,0.33216198897767696
3682,milo,0.9636196106240488
3682,url,0.18951375880809104
3682,btc,0.18847222936864044
3683,purpose,0.5877597845943515
3683,lead,0.5014467602513925
3683,thing,0.3945013499883353
3683,back,0.37023603347873746
3683,get,0.29667029417039065
3684,dma,0.5103428547212233
3684,mtl,0.49615436583922073
3684,crossing,0.49615436583922073
3684,signal,0.30826763823959813
3684,day,0.28473334858794835
3685,collectible,0.5322173556503634
3685,rarible,0.5001601819284618
3685,mar,0.47250493716013425
3685,coin,0.3137701081828424
3685,url,0.21532743427976792
3686,regain,0.304596295438467
3686,tight,0.2940564726928095
3686,sma,0.2858811510342709
3686,easier,0.2686616041231713
3686,action,0.2410456281952536
3687,wage,0.2523408037395274
3687,snap,0.2523408037395274
3687,journal,0.2523408037395274
3687,babyfloki,0.24360915669476332
3687,dow,0.23683636507175573
3688,tvl,0.7638063138094519
3688,bridge,0.4582837882856711
3688,user,0.15946627434793148
3688,fruition,0.15823666215428916
3688,anymore,0.14211019952696471
3689,nftcollections,0.4876741621248177
3689,nftgiveaways,0.4034425780446689
3689,nftart,0.31734130046581727
3689,come,0.30876933036731735
3689,let,0.2897114204586816
3690,amp,0.3830725930191401
3690,overview,0.38228799234829103
3690,blockchains,0.343327659530676
3690,july,0.33177175431073574
3690,polkadot,0.29741344521726426
3691,akin,0.2896716118098791
3691,risky,0.27964822187163274
3691,asked,0.27187347661912037
3691,brand,0.265521047208698
3691,retail,0.26015014467039904
3692,number,0.7677047252411017
3692,mar,0.18538676027786632
3692,comment,0.17941529757547495
3692,pm,0.1776882058913517
3692,kishu,0.1760658526308998
3693,paid,0.7140441945702596
3693,time,0.4548569728918138
3693,get,0.431465858237105
3693,user,0.2230837097964635
3693,url,0.1681153453103377
3694,number,0.7918075952185186
3694,usd,0.3882092865599264
3694,sat,0.3141609907138232
3694,cst,0.12748334097933023
3694,fri,0.12748334097933023
3695,hunt,0.37427789748786994
3695,experience,0.36977104639485797
3695,exciting,0.36977104639485797
3695,together,0.36165038021939017
3695,bitcoins,0.329829222520592
3696,pray,0.316677750424932
3696,child,0.30787351480271263
3696,feed,0.30067993051327224
3696,sir,0.255200408731745
3696,ask,0.24766223291886102
3697,feg,0.5948568859757427
3697,user,0.36790775118030444
3697,iamfeg,0.35243848820074786
3697,rox,0.34264003697297923
3697,fegtoken,0.3220017186755626
3698,number,0.5790841311304344
3698,transferred,0.4305557938370545
3698,bitstamp,0.4020937357982419
3698,tx,0.35469209811323305
3698,coinbase,0.3172048772033993
3699,nice,0.9167080298346648
3699,user,0.3397727938673237
3699,bitcoin,0.21023995001959186
3700,arrow,0.488103014643453
3700,upwards,0.47121338291448694
3700,lt,0.39766446482846446
3700,face,0.3862656885546275
3700,gt,0.3491306909289694
3701,emergency,0.34311327052397145
3701,attacking,0.33617284920914886
3701,act,0.33016078280368305
3701,curated,0.31582284367998525
3701,write,0.31582284367998525
3702,lowest,0.6036531457285547
3702,possible,0.477707555552248
3702,currently,0.44147689795267786
3702,think,0.37290160546404816
3702,price,0.21751608027907915
3703,downtrend,0.685719060924818
3703,uptrend,0.33332739223209745
3703,zero,0.30371786643520565
3703,tell,0.2836404788686255
3703,cryptocurrency,0.2426539943666635
3704,dropped,0.43160177261263566
3704,compared,0.4197846390545654
3704,price,0.4060876293914165
3704,number,0.38887460329458395
3704,right,0.33604820224865134
3705,number,0.8094935252739124
3705,nasdaq,0.27763037764742377
3705,per,0.23395845560205245
3705,gold,0.22120844778968274
3705,amp,0.16027975149245594
3706,parachain,0.36959363654438604
3706,circulating,0.35680473702250154
3706,reduce,0.3468848958853996
3706,auction,0.325990895998242
3706,polkadot,0.2875374559891919
3707,bullrun,0.6499334629772843
3707,prediction,0.570605949446911
3707,next,0.4612957185391935
3707,url,0.15302104461885455
3707,bitcoin,0.12564300266751036
3708,og,0.5659615297520182
3708,user,0.39692689579208157
3708,zcash,0.28882301459025755
3708,entire,0.26946292576144437
3708,xmr,0.26946292576144437
3709,avatar,0.35754748698267463
3709,launching,0.3451754155150032
3709,partner,0.3355788913350957
3709,collection,0.2979284333349016
3709,meta,0.29448611212467424
3710,coinhuntworld,0.3811569939090602
3710,vault,0.3811569939090602
3710,location,0.3787433422529292
3710,playing,0.36596516826317177
3710,found,0.36045041552561885
3711,realistic,0.3616646483465827
3711,bravo,0.3491501124049806
3711,bitcoiners,0.3248061140740464
3711,view,0.28884454501241014
3711,heard,0.28884454501241014
3712,dive,0.6076610596526635
3712,drop,0.4630902871910618
3712,taking,0.46033690600318916
3712,buying,0.40785898363863987
3712,url,0.11950787450403293
3713,opensea,0.49987761010587417
3713,btsarmy,0.37914372106892075
3713,bts,0.34050383215214775
3713,item,0.3198916533777501
3713,user,0.28656745449256155
3714,holland,0.3336689008496373
3714,selena,0.3336689008496373
3714,tom,0.3336689008496373
3714,jam,0.3336689008496373
3714,elongate,0.3221230904659913
3715,running,0.5078689263848504
3715,fine,0.498786272274379
3715,government,0.45602902311998034
3715,bank,0.3843949585550827
3715,need,0.343889130409048
3716,number,0.5602028599586615
3716,donut,0.4427720208371434
3716,lrc,0.39053607401143203
3716,cro,0.3473484269020402
3716,performer,0.2213860104185717
3717,amp,0.27705387400139087
3717,hodler,0.2594984139533408
3717,helpful,0.23995099490564256
3717,step,0.23995099490564256
3717,ahead,0.23038384689342678
3718,tf,0.36644262620449486
3718,however,0.3443706009264155
3718,flip,0.3180902638210505
3718,broke,0.3148502624493354
3718,case,0.2968644126662786
3719,remember,0.6076220801993477
3719,fiat,0.5757747489321671
3719,thing,0.49752356696713396
3719,user,0.19344639831525412
3719,bitcoin,0.11969810958187015
3720,golden,0.38835747449798197
3720,surely,0.3612797982347169
3720,worst,0.3491196503690116
3720,panic,0.34402165636058935
3720,present,0.33132684901337384
3721,seasonal,0.5948225778526629
3721,token,0.3744913086001701
3721,cyclicalinvesting,0.27500798015233496
3721,issue,0.27500798015233496
3721,based,0.25307815192476285
3722,like,0.3242014633548047
3722,culture,0.30936840469419835
3722,cancel,0.30936840469419835
3722,halt,0.30936840469419835
3722,clown,0.30936840469419835
3723,cardano,0.5098772289074982
3723,number,0.3867308346442575
3723,price,0.3028867272175968
3723,recent,0.261053065661318
3723,alert,0.24508592413938526
3724,recovering,0.5260438815920216
3724,besides,0.5078413973482905
3724,everything,0.4029204678665008
3724,true,0.38940701128433547
3724,part,0.3533069731134159
3725,huge,0.562991102958797
3725,finished,0.2749359732923142
3725,headline,0.2749359732923142
3725,livestream,0.26542247470975766
3725,nfl,0.2520139515494912
3726,zesty,0.3125649545807178
3726,claim,0.2993342021447209
3726,boltcoiner,0.2902554567897998
3726,unlock,0.28889111834285974
3726,ln,0.28626971109266497
3727,reddit,0.5548797399576019
3727,place,0.549538343780578
3727,best,0.39073624139043744
3727,buy,0.3264532702711492
3727,btc,0.25984702579212465
3728,monday,0.48790466114632847
3728,sportsbook,0.4813641768588082
3728,source,0.44756889161888713
3728,game,0.3788463432459842
3728,move,0.3626983505406215
3729,keep,0.7098726470653123
3729,nfts,0.536547982944486
3729,eth,0.35112977707903836
3729,url,0.20660695703883813
3729,btc,0.20547148682546348
3730,number,0.6221284358580542
3730,ethusd,0.3863487840101269
3730,construction,0.3863487840101269
3730,jst,0.37298011287903077
3730,program,0.33529594549775643
3731,number,0.7901721943705917
3731,dot,0.30737742730200246
3731,hour,0.27297920318394253
3731,update,0.2664661920122699
3731,usd,0.249047664681269
3732,cryptocommunity,0.6000097041876338
3732,cryptomining,0.47256897357728017
3732,telegram,0.4600806213697915
3732,defi,0.3079358955991277
3732,url,0.23600618565304954
3733,number,0.677446799125507
3733,botcoinusd,0.4908191309910012
3733,bitfinex,0.4042523662009544
3733,worth,0.3364422057544595
3733,crypto,0.13302047885093074
3734,cheap,0.8214888946664136
3734,guy,0.32442322590541917
3734,come,0.2892900421681412
3734,bullish,0.27143443599589867
3734,ethereum,0.17672443834510262
3735,without,0.7531808419275505
3735,would,0.6379206012408745
3735,bitcoin,0.1605488270458155
3736,mother,0.5640198192390748
3736,pill,0.5169962362384047
3736,orange,0.489489203533464
3736,via,0.3484184545314534
3736,url,0.21417343533288827
3737,bro,0.5617114531541725
3737,face,0.48494770105035107
3737,ready,0.4383255643690956
3737,coming,0.39077356832143784
3737,user,0.30878201828569335
3738,aware,0.2867102517831676
3738,circulating,0.27678933259139793
3738,worldwide,0.27678933259139793
3738,applies,0.27678933259139793
3738,took,0.25288566314223265
3739,bnb,0.5067049129414347
3739,update,0.4474157461899594
3739,binancecoin,0.3110346356001107
3739,price,0.29688912496646663
3739,number,0.28430474690114066
3740,overbought,0.3670828804244679
3740,market,0.3664727852681396
3740,technicalanalysis,0.3512540672815894
3740,strongly,0.334474849189047
3740,suggests,0.31540037369398166
3741,filing,0.3693449870298774
3741,regulatory,0.3466515240076835
3741,revealed,0.3385518764670037
3741,security,0.3317037220484453
3741,commission,0.3317037220484453
3742,cardano,0.5098772289074982
3742,number,0.3867308346442575
3742,price,0.3028867272175968
3742,recent,0.261053065661318
3742,alert,0.24508592413938526
3743,hear,0.6924529518822955
3743,nft,0.3517419719900648
3743,model,0.3419317726226375
3743,use,0.2877065206482744
3743,art,0.27893654173379945
3744,user,0.3176885196044771
3744,bout,0.315238887673944
3744,suffering,0.30433080360207837
3744,boring,0.2889567225905017
3744,load,0.2889567225905017
3745,currently,0.8329891198658979
3745,number,0.5240241147008649
3745,bitcoin,0.17756084421125023
3746,eoy,0.4827256900080672
3746,seen,0.36974113315526835
3746,case,0.367040061189615
3746,bottom,0.3551491699426722
3746,cryptocrash,0.3417643723840654
3747,bts,0.6537309066389018
3747,volume,0.4393511369412501
3747,number,0.4186232577487125
3747,bear,0.23429738174194148
3747,whale,0.2328132708447998
3748,trustworthy,0.9230134581144014
3748,altcoins,0.27584924304344594
3748,blockchain,0.20341016273767
3748,crypto,0.1295594023720569
3748,url,0.09076390099846168
3749,unknown,0.5494336858848731
3749,wallet,0.4802841050682713
3749,number,0.4609658626208974
3749,transferred,0.3427334859359474
3749,tx,0.28234403289969456
3750,inbound,0.48506675540850125
3750,factor,0.4552630627533525
3750,building,0.43563187226349753
3750,candle,0.3951907812667484
3750,many,0.333939789763105
3751,ease,0.3283419266237985
3751,tutorial,0.30816779232623376
3751,entrepreneur,0.27043159563208685
3751,accept,0.26750483527944985
3751,simple,0.2534186033348818
3752,min,0.6319282075103057
3752,delayed,0.47469795124415065
3752,derivs,0.2427505878421368
3752,oi,0.23994580184715653
3752,sheet,0.23493138824497997
3753,number,0.7490294887663577
3753,addr,0.37510891939499136
3753,tx,0.32770323569959126
3753,whale,0.2975467832626825
3753,alert,0.2712504305567623
3754,retweets,0.4455778971462494
3754,person,0.40016746439278
3754,lucky,0.3866984147480524
3754,giving,0.3439028622776917
3754,done,0.33413144518652116
3755,bullish,0.4465507265479522
3755,shark,0.3893129133088356
3755,form,0.3284716180148309
3755,pattern,0.31092591389906865
3755,weekend,0.3028787122072644
3756,racing,0.45801943775713977
3756,discus,0.4298775987199502
3756,video,0.3412122292379771
3756,today,0.2670889570131307
3756,metaverse,0.2521078861860508
3757,hunt,0.37427789748786994
3757,experience,0.36977104639485797
3757,exciting,0.36977104639485797
3757,together,0.36165038021939017
3757,bitcoins,0.329829222520592
3758,elonmask,0.29141176854461226
3758,sharemarket,0.29141176854461226
3758,zilforthewin,0.29141176854461226
3758,asap,0.29141176854461226
3758,itp,0.29141176854461226
3759,user,0.33042497390495873
3759,pray,0.3165317335479652
3759,bright,0.2891958898647431
3759,bat,0.2891958898647431
3759,promising,0.27320544638448285
3760,past,0.6485432076835341
3760,trade,0.5075814696302193
3760,today,0.5009133181542572
3760,url,0.16309167683657436
3760,btc,0.16219535783671396
3761,fear,0.48131245440375
3761,number,0.349779963994281
3761,usd,0.30868369534629775
3761,overview,0.30410423050905416
3761,venturecapital,0.2935814344876642
3762,number,0.737816005538203
3762,unknown,0.36642352530804234
3762,wallet,0.3203068895295403
3762,symbol,0.2004278524711897
3762,detail,0.19219998709290415
3763,change,0.6207427043356322
3763,number,0.5731433120810536
3763,solana,0.29929915705699994
3763,ada,0.2599612697660368
3763,hourly,0.2076055643038994
3764,jump,0.45493378240415155
3764,fintech,0.3633703754169508
3764,holder,0.35665693905836904
3764,investor,0.34377525081553423
3764,finance,0.3400141745913167
3765,example,0.5582358594424727
3765,main,0.5469439847456525
3765,others,0.4737995623959598
3765,thing,0.39462034041061717
3765,bitcoin,0.09494084679776643
3766,sell,0.669990685612916
3766,user,0.540489184444264
3766,buy,0.5089046302508058
3767,scheme,0.6792489401192467
3767,cryptocurrency,0.5167591540068515
3767,say,0.4868861074326876
3767,url,0.14359921825923358
3767,bitcoin,0.11790689971916585
3768,bafta,0.27710322669593773
3768,abstractart,0.27710322669593773
3768,nfts,0.27326024027498885
3768,generativeart,0.2675147355180635
3768,instagood,0.2675147355180635
3769,usd,0.6028437161290039
3769,price,0.42800358376332676
3769,safemoon,0.41252934171463507
3769,number,0.34155132989001025
3769,dogecoin,0.3198865152179133
3770,thisisourshot,0.26354585888950927
3770,pox,0.26354585888950927
3770,polio,0.26354585888950927
3770,medicine,0.25442648784118793
3770,auto,0.25442648784118793
3771,ceek,0.8093081583529175
3771,name,0.4553253470606224
3771,bscgems,0.20204632556196964
3771,sale,0.19073713131108833
3771,user,0.14080506458094216
3772,number,0.606537740209663
3772,chng,0.45765068224931893
3772,volume,0.3182850460722062
3772,signal,0.3075086841139875
3772,usdt,0.29605459994417177
3773,loading,0.5137948184828145
3773,flip,0.41859594264717986
3773,pair,0.3935383641835314
3773,mean,0.37149599798471655
3773,know,0.31486960412168274
3774,user,0.49616819539453333
3774,payb,0.31687067952430426
3774,paybswap,0.31687067952430426
3774,cause,0.29477731904869814
3774,airdropdetective,0.29477731904869814
3775,utility,0.5670700886081792
3775,removing,0.3582878676067517
3775,adding,0.31601892304874046
3775,strongly,0.30640252715718636
3775,bitcoiner,0.28107179617175054
3776,lrc,0.6924264502226024
3776,entry,0.27142268590646634
3776,number,0.2708858903106588
3776,stop,0.2587572269237189
3776,position,0.25784044725057487
3777,opensea,0.4145045680269478
3777,artwork,0.27730039664221995
3777,item,0.2652580330026913
3777,artist,0.25894086401265787
3777,nftcollectors,0.23272942546333233
3778,number,0.8644413211535126
3778,chart,0.32465832588825844
3778,chess,0.25051965030403817
3778,pump,0.16760853082623686
3778,coin,0.13861978994151467
3779,image,0.45693211240925036
3779,prefer,0.43384896988860056
3779,saying,0.41076582736795075
3779,actually,0.4047676495954506
3779,according,0.38561227361647155
3780,solanafarm,0.5067393126978179
3780,user,0.3967358713879643
3780,airdropstario,0.39103816884894604
3780,sol,0.3192003911435773
3780,good,0.28182088761766055
3781,user,0.43294883633723114
3781,airdrop,0.409407766932921
3781,ftm,0.3538391887753293
3781,avax,0.2896751034243695
3781,polygon,0.2896751034243695
3782,chz,0.6653148054234602
3782,chiliz,0.4083117690113363
3782,chzusdt,0.4083117690113363
3782,watching,0.34450135825640393
3782,user,0.3086134829163201
3783,print,0.528433880987423
3783,paper,0.528433880987423
3783,book,0.474819697576513
3783,fiat,0.43230608460818726
3783,user,0.1452443949518802
3784,revealed,0.4412708297753168
3784,secret,0.4412708297753168
3784,explode,0.4412708297753168
3784,moment,0.3776568528625055
3784,point,0.3541788267269946
3785,revealed,0.4466837203281027
3785,dex,0.40605543809780287
3785,ecosystem,0.38563971244196144
3785,user,0.36832407437244324
3785,bscgem,0.3272934722949122
3786,fud,0.5293310757992754
3786,control,0.5167249585795707
3786,ca,0.4770252933560335
3786,china,0.4644191761363287
3786,bitcoin,0.0978040270621126
3787,number,0.5162578405877262
3787,toko,0.3740356069460364
3787,kucoin,0.2934256763388441
3787,pair,0.2864905514979633
3787,trend,0.2456978330637652
3788,number,0.5608094717403096
3788,loses,0.38134892987163044
3788,changing,0.34747364317215407
3788,according,0.33102967023014496
3788,ether,0.3135983564726777
3789,project,0.41527560937880315
3789,user,0.31074302050387453
3789,bxh,0.3083469439123619
3789,airdrop,0.2938467445501757
3789,track,0.26015890075671716
3790,user,0.6782438607390784
3790,coinmarketcap,0.3961179436415141
3790,nice,0.36598079925631855
3790,altcoin,0.26643635831279494
3790,project,0.24170723201367697
3791,user,0.28115214801081706
3791,safemars,0.26184276379175137
3791,shot,0.2557247058837075
3791,asia,0.24607112673861967
3791,america,0.23858322902233514
3792,plastic,0.5142277938996453
3792,great,0.2797025339895829
3792,good,0.2760897307397955
3792,plasticfinance,0.2571138969498227
3792,compliant,0.2571138969498227
3793,humanity,0.46535583097223276
3793,father,0.4524180657564714
3793,revolution,0.43290955308205586
3793,created,0.4122296962999687
3793,user,0.36433595436542493
3794,current,0.4961489345302027
3794,cryptocurrencies,0.49539222652730447
3794,number,0.42982305475954524
3794,blockchain,0.39751908500113464
3794,price,0.3366364579088824
3795,significantly,0.3846498338613762
3795,blood,0.36806352414682175
3795,till,0.34149383451659626
3795,lose,0.33389501761568696
3795,amount,0.3188413101494761
3796,artwork,0.30377654638493135
3796,artist,0.2836640781628044
3796,nftcollectibles,0.2750624862007035
3796,nftcollectors,0.2549500179785766
3796,digitalart,0.25338660103126026
3797,couple,0.42154771090832527
3797,tothemoon,0.391117116436545
3797,wow,0.3622769896797177
3797,bch,0.3152527145361311
3797,strong,0.3041468702783499
3798,get,0.34711687034958205
3798,greatest,0.3264813828421064
3798,hand,0.2728115548392387
3798,cash,0.26709091409923585
3798,advice,0.260486919025219
3799,user,0.42398318678458236
3799,hodl,0.4136095553762938
3799,miamibitcoinbull,0.3365711505365766
3799,bitcoinarmy,0.3365711505365766
3799,bitcoinbull,0.32492491477769764
3800,dfi,0.5201313764174463
3800,solana,0.34082760918121974
3800,cryptocom,0.2739026078796268
3800,register,0.23367977691845354
3800,vechain,0.23367977691845354
3801,number,0.4296334822088029
3801,hod,0.37353014168121307
3801,announcement,0.3112460693083828
3801,salvador,0.29832095648712176
3801,biggest,0.29059998889185373
3802,marvel,0.4179089963004545
3802,nftcommmunity,0.40344825987395966
3802,item,0.35259874385124546
3802,polygon,0.2817851153296673
3802,opensea,0.2754936172006939
3803,asked,0.6302511059717387
3803,sportsbook,0.5665676219975119
3803,url,0.382485704834947
3803,money,0.3528889046683037
3803,bitcoin,0.10468419023139712
3804,realistic,0.7345504523849726
3804,buying,0.4759664957665878
3804,target,0.4698708216266355
3804,bitcoin,0.11451174085052197
3805,school,0.7398737450239545
3805,free,0.40939360642564787
3805,blockchain,0.3148171277267855
3805,ethereum,0.27626844131837913
3805,eth,0.23873801459922328
3806,generativeart,0.5577088392578714
3806,height,0.4658653170183504
3806,block,0.38220606643288163
3806,see,0.3231324815644753
3806,last,0.29515658264971045
3807,truly,0.46849863285215426
3807,successful,0.4199808774125911
3807,user,0.4080210542101906
3807,invest,0.34214775887544885
3807,want,0.3291179086711805
3808,airdrop,0.6174248939252471
3808,user,0.43528467368552515
3808,cryptocurency,0.3140642063015267
3808,polygon,0.2912379530469113
3808,join,0.23985014971507249
3809,stockmarketcrash,0.4925917760746021
3809,expert,0.4428226052816943
3809,internet,0.4202542547370166
3809,fed,0.40751081664292715
3809,stock,0.33062507124181667
3810,saitacard,0.2897807954826955
3810,wolfpack,0.2897807954826955
3810,meaning,0.27197595177895106
3810,room,0.2656211279966053
3810,saitapro,0.26024820104569024
3811,difficulty,0.6353632674645918
3811,fall,0.5099639528192225
3811,mean,0.5011797396647052
3811,cryptocurrency,0.23679713094537178
3811,url,0.13160437556306515
3812,number,0.8353720691039163
3812,sep,0.19697279947147184
3812,tictoknextblock,0.19149460617173047
3812,recipient,0.19149460617173047
3812,remaining,0.18491102225199818
3813,analysis,0.42588461897974644
3813,topic,0.30931095460867336
3813,ascending,0.2903061299670339
3813,page,0.2903061299670339
3813,stream,0.27282005225445377
3814,zesty,0.3139920912717128
3814,claim,0.3007009286970418
3814,boltcoiner,0.2915807308042903
3814,unlock,0.2902101629403026
3814,ln,0.2875767866372311
3815,binary,0.346293942107003
3815,market,0.3457183983592231
3815,forextrader,0.3313615592735017
3815,forextrading,0.3254355372783953
3815,weakly,0.3254355372783953
3816,hardcore,0.30781687761906357
3816,believer,0.30781687761906357
3816,respect,0.30781687761906357
3816,obvious,0.30781687761906357
3816,understanding,0.2764461617217365
3817,food,0.4333534551271659
3817,donation,0.4146670188158432
3817,bnb,0.3786036713260287
3817,used,0.3510705625754262
3817,help,0.33767730475222707
3818,adult,0.5133641290545963
3818,gemini,0.47056382326971563
3818,according,0.4182450538473949
3818,cryptocurrency,0.3507541873536572
3818,million,0.34346290738193874
3819,dipping,0.4248214322661196
3819,double,0.3909451024526116
3819,stake,0.3840102647543039
3819,finally,0.3749341703937838
3819,waiting,0.3670720998475499
3820,shibainu,0.45615391594481786
3820,cryptocurrecy,0.43750301440840184
3820,date,0.41052592748356675
3820,shiba,0.38296052427311295
3820,time,0.3036043561050868
3821,buy,0.5072719109487419
3821,leverage,0.4571828458195255
3821,price,0.38526857091432676
3821,sell,0.33392057686842347
3821,future,0.3029929947770793
3822,user,0.7099907121492487
3822,sir,0.4384810820418461
3822,good,0.30260467045471146
3822,airdrop,0.26855433031142373
3822,bsc,0.25418776638168356
3823,advertising,0.8275764319985957
3823,free,0.48789980980694986
3823,user,0.2221513477498503
3823,btc,0.16649265294222687
3824,dorsey,0.4449485746661635
3824,auction,0.41814788204696934
3824,jack,0.41814788204696934
3824,march,0.35317470719614924
3824,end,0.3249659847686291
3825,touched,0.44966038600947544
3825,number,0.41375864680281993
3825,possible,0.3558436916120352
3825,hold,0.30565310104993687
3825,resistance,0.30440970240277737
3826,coinhuntworld,0.3811569939090602
3826,vault,0.3811569939090602
3826,location,0.3787433422529292
3826,playing,0.36596516826317177
3826,found,0.36045041552561885
3827,panic,0.401986628135691
3827,dump,0.37198549723329694
3827,lot,0.31951815770538294
3827,business,0.315705102728906
3827,much,0.31329882948435517
3828,coming,0.9335436310256361
3828,btc,0.2764251581917122
3828,bitcoin,0.2282223058558435
3829,yieldfarming,0.5233536134967277
3829,user,0.5042350819261343
3829,good,0.3581828329745984
3829,defi,0.3305355905362602
3829,airdrop,0.31787860608363633
3830,hal,0.5046479847957994
3830,legend,0.48718585413841753
3830,pow,0.4625743632851563
3830,fucking,0.4625743632851563
3830,user,0.25428473053264655
3831,project,0.4847528843092678
3831,user,0.36273157408294415
3831,attraction,0.31747140389917655
3831,projector,0.3036845282322144
3831,wonderful,0.2756899800308508
3832,historic,0.2753285216648881
3832,relapsing,0.2753285216648881
3832,december,0.23764205509725597
3832,effort,0.23489629405140192
3832,superb,0.2323541163934839
3833,earning,0.3400395225517864
3833,turn,0.33657595058868806
3833,user,0.31546203550097335
3833,telegram,0.30896258952835226
3833,watch,0.30013254712245757
3834,forgotten,0.3798069505835952
3834,cup,0.3666646438757696
3834,totally,0.3666646438757696
3834,omg,0.32961856196552236
3834,excited,0.30943412191847297
3835,except,0.48425267918429266
3835,strategy,0.4120683298707345
3835,everything,0.39519230816905654
3835,loss,0.37959590542778454
3835,stop,0.34012687449095796
3836,presale,0.48822474680367245
3836,ai,0.4487856086709043
3836,rabbit,0.28282493543210735
3836,wednesday,0.27496187158236735
3836,bnb,0.24022324692256605
3837,fucking,0.5380889947037446
3837,cryptomemes,0.2935155386579938
3837,cyrpto,0.2935155386579938
3837,bitcoinz,0.2833591388695519
3837,btcturk,0.2636023232231797
3838,fix,0.9543023469740534
3838,url,0.23096281667212903
3838,bitcoin,0.18963967906187226
3839,dark,0.5903538372013435
3839,web,0.504861939210205
3839,would,0.3656792078988028
3839,coin,0.3266599039424664
3839,cryptocurrencies,0.3130432399629584
3840,advised,0.6160264787517672
3840,shorted,0.45892324813508467
3840,luna,0.3904392805167128
3840,people,0.368246277761051
3840,buy,0.2922674922325963
3841,number,0.7267886773454095
3841,ltc,0.3659432554916113
3841,xrp,0.3030704227629031
3841,bch,0.26524422596327313
3841,eth,0.19114851298876623
3842,thread,0.686295183828467
3842,agree,0.595738051394949
3842,user,0.36845273535286927
3842,url,0.13883254606735085
3842,btc,0.13806955036301546
3843,eye,0.6992439609066231
3843,background,0.39467954080051776
3843,kid,0.3747412527203768
3843,ta,0.3180595415850841
3843,got,0.2714731367844666
3844,riser,0.34759807806855664
3844,everrise,0.3262407985379255
3844,nfa,0.3262407985379255
3844,bag,0.2682807534565954
3844,cryptotwitter,0.2642958982389014
3845,doge,0.47557588737203815
3845,dogecoinarmy,0.4493439444574014
3845,feeling,0.4299679895627582
3845,cold,0.40942864968971454
3845,got,0.3179115903313125
3846,liquidation,0.42706182358369177
3846,liquidated,0.3706290891826301
3846,information,0.33224671141926626
3846,rate,0.3271056955277244
3846,number,0.29472329738994857
3847,mil,0.561089947899115
3847,peace,0.561089947899115
3847,moon,0.35711660343965396
3847,go,0.3281446753698325
3847,number,0.2673984097341849
3848,plunge,0.35611261900530766
3848,outlook,0.34779190930415127
3848,figure,0.34779190930415127
3848,india,0.297653932814289
3848,inflation,0.2826618110652815
3849,number,0.7494217248311251
3849,usdt,0.3048309201359503
3849,hour,0.3020514235703262
3849,update,0.29484477825380534
3849,xrp,0.27778523499886576
3850,predicts,0.429515849843077
3850,imminent,0.39956846400474305
3850,wake,0.39956846400474305
3850,terra,0.37538084602516875
3850,massive,0.3382876358147066
3851,seems,0.38744412526465666
3851,dont,0.3829675228966064
3851,dump,0.3679641424193943
3851,everything,0.35614611656050754
3851,pump,0.3110893759568188
3852,bag,0.48345405149058623
3852,better,0.40068206138108864
3852,moon,0.3848812316477425
3852,altcoins,0.3614455967887802
3852,like,0.3282101975546968
3853,cardano,0.5098772289074982
3853,number,0.3867308346442575
3853,price,0.3028867272175968
3853,recent,0.261053065661318
3853,alert,0.24508592413938526
3854,entity,0.335632037746671
3854,eclipse,0.335632037746671
3854,party,0.2960359105035977
3854,demand,0.2960359105035977
3854,economic,0.2912810033139873
3855,gamedevs,0.23536660440006918
3855,girlswhocode,0.23536660440006918
3855,infosec,0.23536660440006918
3855,lgbtq,0.23536660440006918
3855,lgbt,0.23536660440006918
3856,sxp,0.8056540828270555
3856,rumor,0.30728010563952785
3856,owner,0.2917570327812019
3856,hear,0.2685513609423519
3856,soon,0.1971588127356501
3857,airdrop,0.4085817715854098
3857,deflectprotocol,0.39299838738426623
3857,user,0.3240565095071048
3857,claim,0.31000034085047584
3857,guy,0.293891307724808
3858,back,0.41296849300052024
3858,dipped,0.3395486280527326
3858,previous,0.29949044179658363
3858,stand,0.2903770044547058
3858,channel,0.25295464506902055
3859,number,0.7901721943705917
3859,dot,0.30737742730200246
3859,hour,0.27297920318394253
3859,update,0.2664661920122699
3859,usd,0.249047664681269
3860,creates,0.3915400732735399
3860,healthy,0.38065452461716703
3860,market,0.3800218732621519
3860,active,0.3717603837562841
3860,activity,0.3421914325440509
3861,struggling,0.4081950843874745
3861,major,0.3409734955008948
3861,possible,0.3346079739084054
3861,find,0.32895128324674117
3861,continue,0.3238612591273436
3862,ca,0.9014862593345063
3862,bitcoin,0.3696616834875829
3862,url,0.22510611718077614
3863,someone,0.6340943281097227
3863,transfered,0.6136696191152411
3863,usd,0.3862218846794576
3863,number,0.1750564463930366
3863,url,0.14448304559931668
3864,number,0.664455754051945
3864,guy,0.4949856427280784
3864,signal,0.42109068619095985
3864,buy,0.3425979390404674
3864,url,0.13710233611716097
3865,cardano,0.322176469079683
3865,ada,0.27709100657957647
3865,hoskinson,0.2655672688504995
3865,adacoin,0.2563779517686768
3865,dapp,0.2563779517686768
3866,user,0.6861199156033052
3866,hotbit,0.20223720589144245
3866,bitget,0.20223720589144245
3866,latoken,0.1966146321240769
3866,number,0.1927602069755131
3867,usdt,0.6015703659131119
3867,number,0.4436852085367503
3867,profit,0.41387365510473956
3867,apiece,0.20113649762999575
3867,monthly,0.17856987782207012
3868,number,0.6577516043758326
3868,dominates,0.47654970292046894
3868,bsv,0.3970876920306471
3868,bch,0.3200651865151967
3868,market,0.22326297656210226
3869,project,0.4525289219596721
3869,manager,0.3360079594535968
3869,bex,0.3243812115685871
3869,morbexfinance,0.3243812115685871
3869,morbex,0.3153628052731065
3870,mc,0.6669000174666294
3870,metaverse,0.27745400939907117
3870,decentraland,0.24331260808560087
3870,launching,0.24331260808560087
3870,number,0.23191078262576467
3871,coming,0.7251015774941442
3871,user,0.5729618037436205
3871,number,0.26157509674537166
3871,btc,0.21470482107372943
3871,bitcoin,0.1772647238925663
3872,formation,0.4819891051679072
3872,death,0.4576401419284261
3872,explained,0.4576401419284261
3872,cross,0.4160153143378317
3872,chart,0.3235086129610584
3873,tender,0.45071600141226714
3873,legal,0.43408404612559554
3873,see,0.2947962471595132
3873,effect,0.2544010308479364
3873,different,0.2286975397034858
3874,summer,0.5014288439071095
3874,given,0.4308314366672982
3874,sign,0.3884679635717702
3874,start,0.34392595881917226
3874,right,0.3186134608993795
3875,opinion,0.5564535815576703
3875,number,0.3742063669832909
3875,correlation,0.3140832904173096
3875,answer,0.26795989204595655
3875,user,0.24590179761012043
3876,still,0.319847560129278
3876,blast,0.26625533280157865
3876,tap,0.25704220692040197
3876,stopped,0.2498959512976251
3876,happening,0.23107186368984428
3877,staking,0.5143563655898844
3877,payouts,0.29127415715309907
3877,betfurysuccess,0.29127415715309907
3877,username,0.29127415715309907
3877,hunt,0.25876499412523835
3878,number,0.7638636892732826
3878,money,0.34900262333810794
3878,spend,0.2839707733627052
3878,bybit,0.2627774207787659
3878,longed,0.2562863962855993
3879,zesty,0.3125649545807178
3879,claim,0.2993342021447209
3879,boltcoiner,0.2902554567897998
3879,unlock,0.28889111834285974
3879,ln,0.28626971109266497
3880,yes,0.6827592661903842
3880,hell,0.41448280545256444
3880,comment,0.33424544419703006
3880,retweet,0.32246045290550013
3880,break,0.27323500655038246
3881,number,0.5602670451664649
3881,btcusd,0.4775723912872924
3881,midnight,0.3424840934418974
3881,fall,0.29864259943901383
3881,since,0.2580549649298301
3882,stole,0.39042667172383094
3882,crytocurrency,0.39042667172383094
3882,gambling,0.333887160859858
3882,altcoinseason,0.31808615969976844
3882,gem,0.2947730926386435
3883,direct,0.46164439041272026
3883,message,0.41459656402564865
3883,hourly,0.38466775743321596
3883,earning,0.37610824753589644
3883,send,0.35101091326234507
3884,watchinwhales,0.4546604341977869
3884,whalealert,0.44617252868804913
3884,hash,0.4256734311318184
3884,large,0.4227872621111957
3884,transaction,0.3757816689782718
3885,forexsignals,0.7206764665086411
3885,forex,0.4886581862095347
3885,trading,0.3783771068028355
3885,cryptocurrency,0.25502429961407763
3885,url,0.14173446092918002
3886,tight,0.3232310200825573
3886,ah,0.3232310200825573
3886,nicely,0.3142445912684124
3886,continuation,0.30690214430203844
3886,retracement,0.3006941938470012
3887,taken,0.5449342182612977
3887,away,0.4637044726042495
3887,chance,0.4353884302417496
3887,dip,0.38554186851809963
3887,buy,0.27546365642041265
3888,stablecoins,0.3124416318153085
3888,continues,0.3124416318153085
3888,remains,0.29581802494486
3888,recovery,0.28759075535969897
3888,fed,0.2722287513897182
3889,yay,0.38752576783040976
3889,whitelist,0.3637152329883725
3889,announcement,0.32290800268500636
3889,sure,0.3066727781901064
3889,cryptomarket,0.3040085179397726
3890,crv,0.6856027518995641
3890,entry,0.2687478797576558
3890,number,0.2682163741550392
3890,stop,0.25620723586710087
3890,position,0.25529949084004266
3891,reef,0.5070515086067817
3891,follow,0.27136479201126606
3891,dvk,0.2701227600339362
3891,bittorrent,0.2701227600339362
3891,klv,0.2607758111282473
3892,ecommerce,0.5287712789678889
3892,thailand,0.26438563948394445
3892,merrychristmas,0.26438563948394445
3892,overstock,0.25523720984645726
3892,international,0.25523720984645726
3893,number,0.3297221288376033
3893,search,0.2866656315214384
3893,wyckoff,0.25745051455466833
3893,predicted,0.2528463069475839
3893,model,0.23886573280343254
3894,sovereign,0.3129924437486344
3894,warns,0.3129924437486344
3894,outlook,0.2971807969181195
3894,adding,0.2859622549570077
3894,weak,0.2813691500876046
3895,user,0.5311729472614938
3895,amazing,0.4481442910213791
3895,usdtether,0.3220890578828786
3895,thank,0.25698245213639753
3895,address,0.25133877417107525
3896,zesty,0.3139920912717128
3896,claim,0.3007009286970418
3896,boltcoiner,0.2915807308042903
3896,unlock,0.2902101629403026
3896,ln,0.2875767866372311
3897,seasonal,0.38463337163978956
3897,beauty,0.37564626347234775
3897,cyclicalinvesting,0.3556598238610972
3897,seasonaltokens,0.3272986147049047
3897,cryptomining,0.311601194288941
3898,writes,0.338219392299156
3898,film,0.338219392299156
3898,script,0.3265161230954199
3898,tool,0.2892402615423541
3898,curated,0.28536292333145996
3899,number,0.5877005361892967
3899,bearwhale,0.4932757282416674
3899,shorted,0.3806486543985135
3899,worth,0.35024553657735774
3899,future,0.28959197433381667
3900,show,0.37498963700910126
3900,today,0.3007353549021738
3900,user,0.25986285368707224
3900,smash,0.24201560719933252
3900,summary,0.24201560719933252
3901,user,0.7132331766179881
3901,sd,0.3538667899128572
3901,airdrop,0.337225992581486
3901,fast,0.2800363758501914
3901,miss,0.23766763345122585
3902,number,0.7793817127856899
3902,jan,0.19315979262832525
3902,comment,0.18214425068233442
3902,kishu,0.1787438598133522
3902,uni,0.17572211854751854
3903,user,0.3561527811493213
3903,heco,0.3173896361357487
3903,hswap,0.3173896361357487
3903,task,0.30222810372631737
3903,successful,0.2749441897236734
3904,alternative,0.33284633853293744
3904,greed,0.3268937629612225
3904,fear,0.29329204931707714
3904,index,0.29329204931707714
3904,source,0.2907440359154767
3905,believing,0.36295247320006924
3905,institution,0.33561209766576683
3905,saying,0.33561209766576683
3905,fud,0.32627807819872345
3905,pattern,0.30884954463429276
3906,focus,0.5826126971947256
3906,matter,0.5181841507881261
3906,drop,0.4859698775848263
3906,altcoins,0.3811525625783519
3906,bitcoin,0.102973943595552
3907,august,0.4503385496537856
3907,sxp,0.4145196749551026
3907,sector,0.23714951408719376
3907,number,0.22603649619312777
3907,forextrading,0.21666915979861728
3908,filecoin,0.41830726284144165
3908,stellar,0.39061193339252964
3908,cosmos,0.38638451493113257
3908,number,0.38184308093783015
3908,bitcoincash,0.35806574709643046
3909,satoshi,0.39631040903250403
3909,money,0.3873941451955691
3909,caused,0.23062554553439107
3909,crisis,0.23062554553439107
3909,human,0.23062554553439107
3910,airdrop,0.3520869344005567
3910,petg,0.33865827371979074
3910,petgames,0.33865827371979074
3910,enthusiastic,0.33865827371979074
3910,across,0.31172218689940384
3911,nft,0.5409039836875873
3911,decentraland,0.40613656190072533
3911,become,0.30252059941463044
3911,billion,0.28596319392161845
3911,finance,0.27732931739608696
3912,sovereign,0.5091464352444194
3912,man,0.43945539853728827
3912,country,0.39289568566130234
3912,become,0.3792499844365502
3912,every,0.33951043753184523
3913,number,0.8127426372779946
3913,shorted,0.3290040720165779
3913,btcusdt,0.30019591053756073
3913,utc,0.2799076178581613
3913,binance,0.18172469512636583
3914,number,0.5605961983653899
3914,best,0.3953879647971418
3914,hour,0.38733608858415414
3914,id,0.283631812373883
3914,ask,0.2628439620984045
3915,hunt,0.37427789748786994
3915,experience,0.36977104639485797
3915,exciting,0.36977104639485797
3915,together,0.36165038021939017
3915,bitcoins,0.329829222520592
3916,user,0.748652899057252
3916,important,0.4586917342191902
3916,make,0.3511753032806276
3916,time,0.3052934629091063
3916,btc,0.11221647634322315
3917,trust,0.981143688563349
3917,bitcoin,0.1932797516355662
3918,one,0.3808944902531482
3918,usdcad,0.35301453761531565
3918,usually,0.3170375669799976
3918,decision,0.30636654769716587
3918,either,0.2907526482233709
3919,stackingsats,0.9693077513023731
3919,btc,0.18958476022914458
3919,bitcoin,0.15652508410473556
3920,bitcointrading,0.28502652627164965
3920,later,0.28502652627164965
3920,entrepreneur,0.28173327612469434
3920,bitcoinmining,0.25825897104925194
3920,thank,0.25016558910026
3921,server,0.46487948114241046
3921,based,0.3845850178631344
3921,discord,0.38107362691559615
3921,website,0.3542783744519099
3921,fish,0.24077104388254714
3922,say,0.36171970321560454
3922,goodnight,0.2809477904973008
3922,legend,0.2712262674289945
3922,england,0.2712262674289945
3922,taken,0.263685668311514
3923,boom,0.9081014685099272
3923,btc,0.3741271465227598
3923,url,0.188097318228759
3924,breakout,0.559788415644379
3924,btcusdt,0.49301023267280614
3924,chart,0.4699660742649864
3924,time,0.3725808231521533
3924,user,0.18273153360577696
3925,lunc,0.5254739818817964
3925,fear,0.34377605442275716
3925,action,0.34377605442275716
3925,price,0.2347989444045972
3925,slow,0.21720558348563848
3926,map,0.5547268842878808
3926,accept,0.4815302815597956
3926,place,0.4720374105682752
3926,gt,0.42276093232698364
3926,url,0.22443446357316757
3927,fil,0.7591288419205753
3927,adx,0.4226368497490227
3927,changed,0.3521645070922451
3927,signal,0.2464559931070787
3927,binance,0.17390846233264862
3928,increased,0.4370972692517818
3928,compared,0.4185514312074775
3928,price,0.40489465946212444
3928,number,0.38773220033911576
3928,right,0.3350609882311347
3929,user,0.44033272950017227
3929,airdrop,0.3331121358676641
3929,bsc,0.3152919920250179
3929,bounty,0.2742170071679595
3929,giving,0.26978721859254795
3930,number,0.8095350979316742
3930,longed,0.33951219934443083
3930,btcusdt,0.29901116871341016
3930,utc,0.2788029450423955
3930,binance,0.18100750731920456
3931,crytpo,0.3671731704707388
3931,meetup,0.3671731704707388
3931,office,0.34461314919137764
3931,negative,0.329753243061128
3931,probably,0.314001107790876
3932,holder,0.7877916664754956
3932,monero,0.4943638004255417
3932,right,0.3397141389738249
3932,url,0.10815314482633137
3932,bitcoin,0.08880272578037315
3933,finished,0.3506433781633995
3933,dig,0.3385102067882822
3933,pi,0.3385102067882822
3933,fooled,0.3385102067882822
3933,told,0.3290989879164444
3934,day,0.5674065134332109
3934,bullshit,0.5084965658026498
3934,manipulation,0.4943594072166469
3934,end,0.36105294126703524
3934,crypto,0.1427509221982962
3935,begin,0.5318863271045042
3935,cpi,0.503587059973616
3935,spy,0.47792186320251057
3935,fed,0.4634297608409432
3935,url,0.11017093926195765
3936,gemini,0.5691554981600073
3936,number,0.4761229623507567
3936,coinbase,0.39120876662092224
3936,transfer,0.37943699877333825
3936,notified,0.19981256313717377
3937,pull,0.5799699640971026
3937,imminent,0.5549613443010509
3937,please,0.43749286325836767
3937,back,0.37577643401184774
3937,url,0.11732372404104718
3938,user,0.937588187379866
3938,eos,0.3363448763618717
3938,url,0.08832052440318895
3939,bch,0.3455536792800293
3939,ltc,0.31782793859408975
3939,edge,0.2572499449204455
3939,cutting,0.2572499449204455
3939,beta,0.24144387656289312
3940,number,0.6228816748985138
3940,jul,0.45128597962017725
3940,jpy,0.4136612668071812
3940,eur,0.3916522207111757
3940,usd,0.22904091734261947
3941,number,0.6735198833129737
3941,liquidated,0.5081906923056682
3941,sell,0.3657559926064027
3941,long,0.3657559926064027
3941,btc,0.11056707449262933
3942,gift,0.614901490758592
3942,season,0.36073277294134576
3942,giving,0.3299884281803405
3942,give,0.3108804136794865
3942,love,0.2860492952984408
3943,implementing,0.2935504843778394
3943,choosing,0.2935504843778394
3943,regardless,0.2833928753767498
3943,reduce,0.2755140217309626
3943,condition,0.269076529569565
3944,placed,0.6173809368207096
3944,cryptocurency,0.4489107617445273
3944,position,0.40554737446055633
3944,long,0.38562635860923267
3944,ethereum,0.2305296954544805
3945,heard,0.5222702232500597
3945,user,0.49426533583070525
3945,end,0.4482560345146919
3945,go,0.3692122951990525
3945,year,0.3678201134482515
3946,xbt,0.6284218584153471
3946,think,0.4473107294753444
3946,btcusd,0.4259615334469534
3946,trading,0.3670229051422409
3946,crypto,0.1962454314565778
3947,use,0.4136342550447381
3947,steal,0.2949837088861231
3947,theft,0.2949837088861231
3947,destroy,0.2847765065954949
3947,thats,0.27685918540581567
3948,safemoon,0.6237486362382507
3948,moon,0.5517622134685323
3948,doge,0.44600540072142364
3948,crypto,0.2433690234688539
3948,btc,0.16955716208772892
3949,pixelart,0.31120491544139917
3949,bio,0.2563170738405062
3949,nftcollection,0.24627543231292157
3949,shibarmy,0.2441358819791181
3949,unique,0.24211204098100075
3950,trial,0.4135558979104003
3950,nbafinals,0.4135558979104003
3950,lost,0.3406162061146406
3950,heard,0.33028764551700485
3950,reason,0.32173933487137224
3951,happy,0.4996767186031493
3951,position,0.4996767186031493
3951,short,0.4945448215240333
3951,binance,0.3130070293403383
3951,ethereum,0.28403666012756196
3952,changed,0.49463444712559673
3952,era,0.2785717320172115
3952,breakdown,0.25042355700649416
3952,broke,0.2393509288071714
3952,action,0.234882565354856
3953,corporation,0.39713055911476897
3953,apple,0.34465299702081853
3953,major,0.3202523202153007
3953,sheet,0.3202523202153007
3953,balance,0.31154334170085146
3954,ax,0.596101415630105
3954,volume,0.46616415395087746
3954,number,0.4441712797904599
3954,bear,0.24859624011225198
3954,whale,0.2470215558959964
3955,market,0.4103561821714994
3955,strongly,0.3745266433500102
3955,suggests,0.3531680888932262
3955,neutral,0.3497684140735882
3955,momentum,0.3329933298011167
3956,gift,0.4517591490907514
3956,birthday,0.29481452418313625
3956,linkedin,0.2650251023982454
3956,pinterest,0.2559135402641675
3956,giftideas,0.2508684697551193
3957,check,0.47313933634395056
3957,socialfi,0.36870354217672907
3957,whitepaper,0.3584528919314403
3957,service,0.31823607287282935
3957,feature,0.3079854226275406
3958,script,0.6746299008879186
3958,popular,0.3137961420608126
3958,solution,0.2948006959949262
3958,dex,0.2911438944058885
3958,build,0.2911438944058885
3959,serious,0.5441483242825819
3959,solana,0.37055360366197376
3959,shib,0.3489830304730881
3959,metaverse,0.3395774411286686
3959,user,0.3108622946467041
3960,number,0.8312942356915642
3960,bybit,0.28597426246442903
3960,longed,0.2789102387116627
3960,super,0.25101151262640853
3960,btcusd,0.2125789011298743
3961,bearmarket,0.9621932513424913
3961,url,0.2105013068792376
3961,bitcoin,0.17283907796878067
3962,complete,0.5027188690691652
3962,lack,0.492549980092872
3962,jack,0.4837412877927782
3962,surprise,0.46902113215264235
3962,url,0.2082588221117294
3963,attract,0.43669422985929673
3963,ux,0.43669422985929673
3963,limit,0.4002860635799517
3963,benefit,0.4002860635799517
3963,order,0.33448358505188575
3964,hiddengem,0.30350283526219285
3964,buyback,0.29300084907794455
3964,shill,0.27257177880847144
3964,max,0.26339741270628503
3964,swap,0.2560718228516018
3965,kusama,0.29559809831700995
3965,anywhere,0.29559809831700995
3965,legacy,0.28536963655673186
3965,login,0.28536963655673186
3965,ksm,0.2607249676339218
3966,number,0.5876595991830601
3966,dexit,0.41103447375997926
3966,usd,0.324134018802241
3966,hour,0.23685384694179937
3966,dxt,0.20551723687998963
3967,user,0.5501798586274878
3967,voltarmy,0.4367500263975993
3967,inu,0.36392439007666355
3967,gem,0.32974733878400486
3967,bullish,0.25048108467567104
3968,number,0.7321505060115734
3968,bnb,0.37282354078780267
3968,ripple,0.3116655884646609
3968,dogecoin,0.24489633609860453
3968,xrp,0.23261432529895146
3969,truth,0.5624545510262994
3969,true,0.4868654850053536
3969,ln,0.45478975322267684
3969,lightningnetwork,0.44524705545555
3969,url,0.12487296867681105
3970,macro,0.4605568629546162
3970,environment,0.4605568629546162
3970,hate,0.45124081795450094
3970,peter,0.4431708927098499
3970,amazing,0.32040195680736033
3971,come,0.3830325960035402
3971,fruit,0.30248324874155347
3971,market,0.29358489376610863
3971,club,0.26795103760502514
3971,stuff,0.2526702907474771
3972,grow,0.44933795018920375
3972,return,0.4437642193514207
3972,give,0.38724057894075914
3972,business,0.3576879376672321
3972,earn,0.334562327126527
3973,project,0.48535768587222566
3973,cyclicalinvesting,0.31276193231561733
3973,beautiful,0.3040634200000947
3973,seasonaltokens,0.28782150895769976
3973,interested,0.2827159444214472
3974,space,0.4975865710448756
3974,liberty,0.3061678715173355
3974,influencer,0.29765583024770104
3974,deeper,0.2907009861276984
3974,everywhere,0.27523410073806126
3975,game,0.47163638528895674
3975,developing,0.3945534932425027
3975,deploying,0.20546905636754614
3975,tge,0.20546905636754614
3975,creo,0.20246870958909707
3976,learnt,0.3412413119979753
3976,stuff,0.2850456740209374
3976,wrong,0.2728146120449218
3976,post,0.2600553954616145
3976,lot,0.2402700584755461
3977,chainlink,0.4303473069702264
3977,anyone,0.40399466661783545
3977,bybit,0.39241443949699756
3977,deposit,0.39241443949699756
3977,know,0.30388646373585687
3978,bnb,0.5067049129414347
3978,update,0.4474157461899594
3978,binancecoin,0.3110346356001107
3978,price,0.29688912496646663
3978,number,0.28430474690114066
3979,shark,0.410607860085313
3979,wonder,0.3763745722985501
3979,bring,0.3345280607505815
3979,remember,0.32493904574150523
3979,open,0.3079079967250242
3980,ownership,0.3295515646305616
3980,upward,0.3295515646305616
3980,shown,0.32038941281918476
3980,fly,0.32038941281918476
3980,market,0.3198569226396541
3981,happy,0.4081361167601021
3981,insurance,0.2999112659794377
3981,reduction,0.28476044968060116
3981,policy,0.2790003766540942
3981,consider,0.26211126969347465
3982,pit,0.6766110297932696
3982,relevant,0.27839771525044693
3982,pitmag,0.25366760148360706
3982,pitbullcoin,0.25366760148360706
3982,bscpitbull,0.24716273070274417
3983,mug,0.6429984332511505
3983,couple,0.2887340847589089
3983,shit,0.27125575408727803
3983,paid,0.25926201776375213
3983,everything,0.24625058728837226
3984,hardcore,0.37994367054580275
3984,nigerian,0.37994367054580275
3984,bitcoiners,0.34122225592463823
3984,american,0.3351198866629092
3984,stand,0.32492225207130515
3985,browser,0.27686866049422104
3985,device,0.27686866049422104
3985,mlm,0.27686866049422104
3985,monetize,0.27686866049422104
3985,whatever,0.26728828591600745
3986,bytedex,0.38051471598866055
3986,project,0.35389208350153517
3986,bright,0.34765326895824616
3986,perfect,0.3211224179523059
3986,ico,0.30421279889008856
3987,stick,0.6810858414761906
3987,order,0.5691230715044222
3987,url,0.42322501848431476
3987,btc,0.14029968634818607
3987,bitcoin,0.1158343116766086
3988,cardano,0.5098772289074982
3988,number,0.3867308346442575
3988,price,0.3028867272175968
3988,recent,0.261053065661318
3988,alert,0.24508592413938526
3989,pakistan,0.4636292869041557
3989,pkr,0.4636292869041557
3989,dominance,0.3578351615357866
3989,fall,0.3410996344577646
3989,launch,0.33711467902297404
3990,son,0.5763976984524608
3990,daddy,0.5763976984524608
3990,haha,0.5603727609806273
3990,url,0.11335935175843577
3990,bitcoin,0.09307745461317715
3991,studio,0.301771166374649
3991,creoengine,0.2637367533261091
3991,mar,0.2604652787612486
3991,decentralised,0.25466948462882233
3991,chain,0.25207547414381243
3992,god,0.6991668345042065
3992,candle,0.6563528286127192
3992,user,0.2029709152308479
3992,url,0.1529583918660932
3992,bitcoin,0.12559155954737006
3993,im,0.531909555974176
3993,dogearmy,0.44459242045240727
3993,sir,0.4409068320797781
3993,done,0.42498205993578414
3993,dogecoin,0.3052525573614203
3994,dvk,0.44017247215653726
3994,cate,0.44017247215653726
3994,klv,0.4249413616554413
3994,ath,0.30303272935633574
3994,trx,0.29920376643680485
3995,buying,0.6091299169986918
3995,honestly,0.4537653278191727
3995,realized,0.4221271813870361
3995,range,0.36277498507906003
3995,best,0.2669125450328342
3996,aud,0.6940847230169495
3996,australia,0.47595560757079014
3996,number,0.34023895734997306
3996,exchange,0.28749635601910745
3996,arbitrage,0.21393363874492416
3997,slowly,0.3771278918840216
3997,retail,0.3508331824040931
3997,beginning,0.3445589327292122
3997,cycle,0.33407406975604004
3997,wait,0.3015051106012306
3998,number,0.537101349031439
3998,avalanche,0.535040682840101
3998,ethereum,0.3269329622268729
3998,bitcoinsv,0.2817538894903791
3998,cryptomarket,0.22895438220750158
3999,project,0.3983720342111306
3999,user,0.29809438936280136
3999,professionally,0.2855605395404213
3999,implemented,0.2776214207638467
3999,doubt,0.2656502343422681
4000,bullish,0.9192183053341819
4000,url,0.30431118208757363
4000,bitcoin,0.24986478662472258
4001,user,0.378857769264416
4001,airdrop,0.35825783621905083
4001,participated,0.31325115878767074
4001,excited,0.3062807893138128
4001,sir,0.2924720735151327
4002,number,0.8187766459642499
4002,longed,0.34338802672474256
4002,utc,0.2819857234232413
4002,btcusd,0.26172237247183316
4002,binance,0.18307386562463332
4003,fintech,0.5288537743024893
4003,community,0.5022357397080487
4003,defi,0.3719302146089803
4003,airdrop,0.35768813273171723
4003,blockchain,0.3194140591267219
4004,btc,1.0
4005,claiming,0.3377720812606506
4005,boltcoiner,0.3158046427677726
4005,unlock,0.31432021101715
4005,ln,0.31146805936648825
4005,faucet,0.31146805936648825
4006,bullish,0.35531820204787123
4006,accurate,0.2990553603255438
4006,extremely,0.2990553603255438
4006,staying,0.2907410602117505
4006,helpful,0.26884020443483225
4007,hacked,0.9444063127971101
4007,crypto,0.28499534748151606
4007,bitcoin,0.1639340363160043
4008,corrective,0.25596526397229974
4008,gap,0.24884894938407318
4008,relief,0.24303449699806612
4008,flag,0.24303449699806612
4008,previous,0.23385997182401286
4009,trader,0.5705453349552053
4009,winner,0.3511272413221683
4009,excited,0.34331406478413373
4009,waiting,0.3159948546559231
4009,short,0.2739625651692921
4010,esg,0.5503163087311392
4010,bullish,0.3362741424165495
4010,sleep,0.29317132023646814
4010,bscnews,0.2751581543655696
4010,altcoinseason,0.23885084227568437
4011,bull,0.643164369841173
4011,eth,0.6405620155971492
4011,btc,0.3748392712334257
4011,url,0.18845534824493304
4012,extraordinary,0.4449907748145383
4012,project,0.3995365584717781
4012,participate,0.346195125341303
4012,user,0.3363365038770993
4012,airdropstario,0.331506223858807
4013,resume,0.4921233073864688
4013,correlation,0.47509456308938675
4013,forward,0.4100644846214382
4013,inflation,0.36661869984291007
4013,always,0.34183400899971983
4014,market,0.39532055000465244
4014,alt,0.3256289724604455
4014,total,0.3256289724604455
4014,history,0.31231488331098656
4014,getting,0.30505300489373444
4015,heart,0.5005662863147687
4015,ww,0.483245393023486
4015,cyptocurrency,0.4698102644177605
4015,truly,0.4344205370911992
4015,number,0.2303000616740422
4016,revolutionizing,0.5118683150676233
4016,polygon,0.3451394286119508
4016,change,0.31882261048751903
4016,world,0.3089506548319314
4016,people,0.30598295402725406
4017,baby,0.7241854582155349
4017,come,0.5176069451486751
4017,user,0.4266986786326768
4017,btc,0.15989593520830875
4018,cardano,0.5754632380050098
4018,ada,0.4949327563364438
4018,cardanocommunity,0.4116679596411134
4018,want,0.28919464955359087
4018,update,0.25758418197620847
4019,accessible,0.6608426270113594
4019,huge,0.4510729231586694
4019,currency,0.4254167624732859
4019,make,0.39049299894934625
4019,url,0.1254698246529525
4020,expiry,0.3638741108531279
4020,blockchainnews,0.3324497550605505
4020,drive,0.3223333720671835
4020,option,0.3039513023192061
4020,face,0.2982769358258929
4021,notification,0.5784111517809086
4021,trying,0.5101732037039253
4021,please,0.40950860573640285
4021,see,0.32353097909254974
4021,get,0.2818493116592111
4022,bluesparrow,0.6986040333360812
4022,lifestyle,0.4139061935141716
4022,bluesparrowtoken,0.4023988247511156
4022,future,0.24299576262556263
4022,new,0.21731336496720333
4023,user,0.6018584376835082
4023,hamstercoin,0.468231991335969
4023,hamsterarmy,0.26543005732468905
4023,mentioned,0.2562454881179467
4023,everybody,0.2341159956679845
4024,strike,0.3654997624803796
4024,explains,0.3654997624803796
4024,us,0.3654997624803796
4024,similar,0.31943317135330285
4024,solution,0.31943317135330285
4025,number,0.8237570131942135
4025,bitstamp,0.4085608352656945
4025,usd,0.25963297856140244
4025,btc,0.19318637016041643
4025,price,0.18433275874712376
4026,line,0.6697418127474023
4026,number,0.5758802409538564
4026,last,0.23255093909162275
4026,price,0.16401022560138406
4026,indicator,0.14949456666725935
4027,tender,0.4271440025062391
4027,legal,0.4113818819505157
4027,salvador,0.39890748225896006
4027,el,0.385501633851268
4027,crash,0.3652873109592319
4028,announcement,0.47000479933441197
4028,tesla,0.4388276766649578
4028,ever,0.39003856179980295
4028,first,0.3438871981524034
4028,trade,0.3333030383865626
4029,unfortunately,0.5329600084474369
4029,happening,0.4625336932345349
4029,institution,0.4625336932345349
4029,selling,0.40238611068532515
4029,buying,0.345341979956348
4030,number,0.4813369549632435
4030,estimating,0.3196601579002104
4030,realized,0.3131941410947334
4030,initial,0.2982330252294981
4030,winning,0.2982330252294981
4031,number,0.6372432420078433
4031,likely,0.49164131584228327
4031,inbound,0.3077940827982592
4031,order,0.2357532141088513
4031,set,0.23403096483675132
4032,user,0.4935923611644368
4032,popularity,0.35916143562343045
4032,project,0.35180515524355904
4032,trust,0.31007826444251035
4032,gain,0.29792691466776666
4033,ppl,0.36882558773743346
4033,josh,0.36882558773743346
4033,path,0.3560632646986071
4033,throw,0.3560632646986071
4033,control,0.30377507139396487
4034,banning,0.5236221607312078
4034,common,0.5055034743175708
4034,china,0.3876143184775673
4034,guy,0.35892772635538034
4034,cardano,0.3176195989936232
4035,explosion,0.3843065206454995
4035,dogecoinarmy,0.36069378425617055
4035,pull,0.36069378425617055
4035,quickly,0.345140472409574
4035,lose,0.31309998561311214
4036,leave,0.46194172977127373
4036,comment,0.4415166983379223
4036,happen,0.43327416889267606
4036,first,0.33379520577989474
4036,back,0.3329454612641072
4037,number,0.6850235271079452
4037,day,0.40098253496665254
4037,avg,0.2872930956116832
4037,moving,0.26767143585976094
4037,low,0.21896811981315678
4038,user,0.6137585941160257
4038,success,0.27164324842612797
4038,pancakeswap,0.27061508318956773
4038,strong,0.26308697367052464
4038,opportunity,0.2605384278863475
4039,hanzowallet,0.2601643246891434
4039,wolfclan,0.2601643246891434
4039,saitanobiarmy,0.2601643246891434
4039,saitanobiclan,0.2601643246891434
4039,sleeping,0.2601643246891434
4040,roll,0.5978108344784738
4040,freebitcoin,0.585718445712775
4040,free,0.3608728462595542
4040,user,0.32862644154177956
4040,url,0.2476520932358083
4041,dextools,0.27238966695547423
4041,coinscan,0.27238966695547423
4041,mcap,0.2629642771839846
4041,tried,0.25565337689671214
4041,couple,0.2446294644561084
4042,choice,0.4414594905274074
4042,push,0.4224235175677627
4042,bring,0.38320860010921703
4042,despite,0.3689904443732074
4042,network,0.34605118819108277
4043,gauge,0.4530250570705595
4043,manipulation,0.42519008504770556
4043,monetary,0.4068556576872076
4043,expert,0.3931614932704611
4043,become,0.325770094867604
4044,burned,0.2984489347017434
4044,happening,0.28840358150439244
4044,inu,0.2769045679137604
4044,study,0.2769045679137604
4044,half,0.2737051604028066
4045,mx,0.6068048615067158
4045,handle,0.27248160688124745
4045,uniswap,0.24989072918882385
4045,else,0.24231325197875397
4045,floki,0.24010085024715674
4046,usd,0.43032530702270205
4046,mark,0.3978932423943861
4046,limited,0.3625483217558746
4046,cross,0.3532513915564811
4046,domain,0.34916985847121734
4047,discussing,0.36970035228646864
4047,congress,0.35690776012280695
4047,lay,0.34698505475022146
4047,politician,0.326085021970496
4047,across,0.31192408149034623
4048,beginner,0.3520042455225758
4048,altcoinnews,0.33037624024312245
4048,cardanoada,0.3010288657514773
4048,cryptotwitter,0.26764612385442205
4048,advice,0.25743548837457597
4049,shill,0.9496585719667537
4049,user,0.2664103542149001
4049,bitcoin,0.16484574564470128
4050,nft,0.32032548487192475
4050,nftgiveaways,0.2984603494806183
4050,nftproject,0.2984603494806183
4050,openseanft,0.2957353058083806
4050,listing,0.2957353058083806
4051,freedom,0.6828870839252592
4051,stack,0.3714494930355407
4051,talk,0.3631841119357379
4051,location,0.3299919458101564
4051,financial,0.31560794123072716
4052,gift,0.4118926778427487
4052,beer,0.2764847689295019
4052,drink,0.2764847689295019
4052,ad,0.24855004010364748
4052,linkedin,0.24163738430548765
4053,looking,0.40436809031405563
4053,ripple,0.3972131332852214
4053,hit,0.3955335427452479
4053,since,0.3683879908098231
4053,cryptocurrencies,0.3072745203043834
4054,earn,0.45979384832256454
4054,cryptotab,0.43037784520509914
4054,affiliate,0.4116877655041187
4054,booming,0.24397140357310354
4054,browsing,0.24397140357310354
4055,matic,0.8220552566797266
4055,eth,0.4107139481107617
4055,url,0.2416666559540201
4055,btc,0.24033850469844517
4055,bitcoin,0.19842842122996446
4056,number,0.6850235271079452
4056,day,0.40098253496665254
4056,avg,0.2872930956116832
4056,moving,0.26767143585976094
4056,low,0.21896811981315678
4057,current,0.4961489345302027
4057,cryptocurrencies,0.49539222652730447
4057,number,0.42982305475954524
4057,blockchain,0.39751908500113464
4057,price,0.3366364579088824
4058,number,0.36571125153106726
4058,hashrate,0.36430814797681077
4058,jan,0.3398882169131545
4058,reached,0.3205050271747025
4058,height,0.3205050271747025
4059,tech,0.42383702530058
4059,useful,0.2543259493397972
4059,catch,0.2543259493397972
4059,gap,0.23869953845132302
4059,lazy,0.23869953845132302
4060,signal,0.42181756562224104
4060,user,0.36448895865132314
4060,automatically,0.36167845799945614
4060,bot,0.33945604534797263
4060,integrate,0.33945604534797263
4061,cliff,0.4037773377768693
4061,dive,0.38980559342996074
4061,headed,0.3626269491199714
4061,imo,0.35614178143421227
4061,broke,0.32561238692293476
4062,hidden,0.2970451346511815
4062,advise,0.2791531448773375
4062,concept,0.2706585676234975
4062,airdropcrypto,0.2670303216775271
4062,gem,0.2389515752030098
4063,bluesparrow,0.6079226179102672
4063,trading,0.2521403702884089
4063,huuuuge,0.2279894595321518
4063,bestdrawtoken,0.21585917099202254
4063,breakdown,0.20985571128901168
4064,cbdc,0.3613330154318062
4064,uk,0.3540240490423036
4064,america,0.33711251040914775
4064,form,0.33259343270188174
4064,cash,0.29560266054309187
4065,hodling,0.562805708071423
4065,bag,0.5079376480281595
4065,right,0.39247677782620416
4065,altcoin,0.3256698978584759
4065,bnb,0.26981849749112885
4066,military,0.25954416807094477
4066,aid,0.25954416807094477
4066,permanent,0.25954416807094477
4066,relaxed,0.25954416807094477
4066,poverty,0.25056326591585104
4067,luna,0.6238414414167899
4067,coin,0.5446324792495153
4067,good,0.5284632656117706
4067,url,0.18687936059525487
4068,imf,0.49769152598860683
4068,dan,0.49769152598860683
4068,cbdc,0.4725493131440317
4068,altcoin,0.25511352583893504
4068,blockchain,0.2193586960287948
4069,user,0.44619572056589135
4069,babyfloki,0.42743471615746886
4069,incoming,0.37863774664976835
4069,floki,0.3503791932384027
4069,altseason,0.34733522773680736
4070,bex,0.31112811035353094
4070,morbexfinance,0.31112811035353094
4070,morbex,0.30247816513769965
4070,project,0.28936009721155653
4070,concept,0.2756089811391492
4071,quarter,0.4404817717653472
4071,financial,0.33227174418031785
4071,share,0.327498490824712
4071,business,0.31520802899644673
4071,dip,0.311641588367174
4072,update,0.5529917232004444
4072,price,0.3669455762626953
4072,eth,0.3285955801571322
4072,recent,0.3162643292237017
4072,usd,0.2584217086060955
4073,cripto,0.42329677004341576
4073,happiness,0.42329677004341576
4073,memecoin,0.3758047564703002
4073,user,0.34088433766609305
4073,gamefi,0.3382032363899635
4074,solves,0.5071383930090146
4074,pizza,0.4648571406433465
4074,issue,0.440124193525903
4074,increased,0.3945448972651529
4074,always,0.3522636448994847
4075,product,0.5939138918497211
4075,something,0.5187887079177478
4075,getting,0.4781561733781128
4075,free,0.3659222244982872
4075,btc,0.12486859126128141
4076,happened,0.8225983398926784
4076,time,0.48690901833539085
4076,url,0.1799617959723818
4076,btc,0.17897276219636216
4076,bitcoin,0.14776359988737067
4077,team,0.8903621978557922
4077,user,0.3871343657268442
4077,bitcoin,0.23954569397648756
4078,loka,0.8221690527294988
4078,capitalization,0.19842996715932226
4078,buy,0.19503486905254278
4078,cripto,0.1929132417719665
4078,accumulation,0.181293452903597
4079,elephant,0.4480261254415352
4079,sarang,0.4480261254415352
4079,dy,0.4480261254415352
4079,train,0.41067319389988927
4079,india,0.35147019811437596
4080,number,0.5305111741335945
4080,list,0.24020404093093908
4080,bsv,0.24020404093093908
4080,xtz,0.2348590936979195
4080,bitcoinprice,0.23246686774104733
4081,number,0.9013041457302107
4081,last,0.23550549908097446
4081,fibonacci,0.17523991804115147
4081,price,0.1660939757350074
4081,indicator,0.15139389533488745
4082,number,0.8978455599026405
4082,last,0.23460179084297847
4082,fibonacci,0.17456746768148884
4082,price,0.165456621215733
4082,weekly,0.15947462503070403
4083,break,0.7241651714510504
4083,need,0.6680250617178323
4083,bitcoin,0.17125221567663632
4084,ill,0.4950276838900272
4084,birthday,0.46461196732741994
4084,accepting,0.44457764699554564
4084,kucoin,0.38834226008017225
4084,matic,0.31970910694400173
4085,ecb,0.5525905703177117
4085,fed,0.44132809936295186
4085,toward,0.2762952851588559
4085,slide,0.2762952851588559
4085,streak,0.2762952851588559
4086,zesty,0.3125649545807178
4086,claim,0.2993342021447209
4086,boltcoiner,0.2902554567897998
4086,unlock,0.28889111834285974
4086,ln,0.28626971109266497
4087,filecoin,0.41830726284144165
4087,stellar,0.39061193339252964
4087,cosmos,0.38638451493113257
4087,number,0.38184308093783015
4087,bitcoincash,0.35806574709643046
4088,pump,0.5775181398876502
4088,megapump,0.36415003191713097
4088,sky,0.35963299911003876
4088,powerful,0.3305815927201326
4088,history,0.3194942929764852
4089,effect,0.7223423017516527
4089,coinbase,0.47141954191069046
4089,blockchain,0.3183740472252044
4089,cryptocurrency,0.2556137853068457
4089,user,0.1885118543498022
4090,trust,0.47166925656907277
4090,analysis,0.41032651941978365
4090,btcusdt,0.40514184834119854
4090,litecoin,0.3849359281372973
4090,cryptotrading,0.38007372353308516
4091,think,0.4456499610004583
4091,charity,0.3181545061053295
4091,nftartists,0.30056286035183427
4091,changed,0.30056286035183427
4091,etherium,0.28297121459833907
4092,user,0.383120283562951
4092,ven,0.36701138561170055
4092,veoven,0.36701138561170055
4092,project,0.341333510809029
4092,quality,0.3353160931536888
4093,nfl,0.49275176098262774
4093,man,0.44793334315451794
4093,wow,0.4149037112302357
4093,thank,0.3931476488651462
4093,much,0.3582965074982984
4094,downward,0.5255600136910819
4094,spike,0.4434262059117996
4094,creating,0.4328659290159599
4094,ath,0.3618170046143273
4094,whale,0.336185642041797
4095,devs,0.37391217053401876
4095,learning,0.3577888746930706
4095,decentralization,0.331960889222958
4095,whole,0.3181755522547289
4095,ecosystem,0.31527050213051205
4096,update,0.5529917232004444
4096,price,0.3669455762626953
4096,eth,0.3285955801571322
4096,recent,0.3162643292237017
4096,usd,0.2584217086060955
4097,project,0.47703667286517554
4097,user,0.3569576764669235
4097,creative,0.34194882668834914
4097,airdrop,0.337548534483311
4097,participate,0.27556555589747206
4098,ltc,0.28735894184987704
4098,bitcoinasset,0.23258833786065725
4098,inj,0.23258833786065725
4098,apl,0.23258833786065725
4098,safemars,0.21829753920360823
4099,satoshi,0.5815411024449266
4099,nakamoto,0.33841713703520837
4099,probability,0.33050988914539275
4099,pretty,0.30835548838985183
4099,shit,0.30422190577138286
4100,various,0.3766787473840398
4100,recently,0.3678775021028915
4100,favor,0.3678775021028915
4100,writing,0.3678775021028915
4100,perhaps,0.3604361552469697
4101,current,0.750713735547417
4101,price,0.5093583705415454
4101,number,0.32517863952330794
4101,btc,0.2669115771514512
4102,fix,0.9543023469740534
4102,url,0.23096281667212903
4102,bitcoin,0.18963967906187226
4103,thisisourshot,0.28889576158392
4103,elected,0.28889576158392
4103,touch,0.2788992180780868
4103,rebound,0.2711452965363386
4103,united,0.26480988133646555
4104,break,0.39388723218193505
4104,however,0.26350755610793614
4104,test,0.24091900694999963
4104,double,0.23859986683723672
4104,likely,0.23859986683723672
4105,number,0.7606791234135579
4105,price,0.5957621930131869
4105,bitcoin,0.25774925912386115
4106,amazingly,0.3788339841365273
4106,bullmarket,0.36572534459420286
4106,losing,0.3156655255509699
4106,rule,0.3025568860086454
4106,liquidity,0.2923890352439355
4107,purchase,0.4300624108875615
4107,crypto,0.2830267061621177
4107,kite,0.26107807452980775
4107,supported,0.25204409522825183
4107,journey,0.24503679648812557
4108,reveals,0.491402620634824
4108,study,0.4362694337535256
4108,average,0.3900472695936522
4108,trx,0.3558940609174463
4108,investor,0.348966686296061
4109,cheapest,0.347896597495733
4109,decade,0.31244121439230343
4109,pretty,0.2975160654311542
4109,least,0.2898867759612277
4109,maybe,0.2805492802955481
4110,snx,0.20920046126457886
4110,amd,0.20920046126457886
4110,ups,0.20196158208889997
4110,oott,0.20196158208889997
4110,bottomed,0.20196158208889997
4111,manager,0.2666044219074544
4111,get,0.2598230430674007
4111,personal,0.2573792166367596
4111,instantly,0.2573792166367596
4111,sportsbetting,0.25022359151156015
4112,iot,0.4923744668557798
4112,india,0.4379249649139441
4112,business,0.37492532143426077
4112,finance,0.367997067733873
4112,next,0.3195096949453658
4113,dubai,0.4057065996598078
4113,realestate,0.4057065996598078
4113,property,0.3962271073322354
4113,estate,0.3962271073322354
4113,accept,0.35217332834993914
4114,million,0.37141962710122306
4114,year,0.3122546005889127
4114,exist,0.27757511696680676
4114,function,0.27757511696680676
4114,existence,0.2605202201251777
4115,dodger,0.4705778820684771
4115,bet,0.3758284224360166
4115,diego,0.23528894103423856
4115,gamblingtwitter,0.23528894103423856
4115,sportspicks,0.23528894103423856
4116,opensea,0.47165549127556466
4116,nft,0.3066394573239575
4116,nftcollectibles,0.2857085181157149
4116,coinmarketcap,0.2631936884268375
4116,cryptoart,0.25202718848157857
4117,blockchaingaming,0.4589181475911814
4117,tokensale,0.3982758599769032
4117,cryptocurrencynews,0.331817778420017
4117,reward,0.32490889947153395
4117,altcoins,0.26481044866003034
4118,bitcoininvesting,0.5698661479745606
4118,billionaire,0.5223551435834273
4118,visit,0.39766294657630363
4118,investor,0.37982213041002716
4118,url,0.21639344297562255
4119,special,0.4388014406038489
4119,tothemoon,0.4145388909586437
4119,open,0.3730617883831903
4119,ethereum,0.37152728598144885
4119,cardano,0.3017701876248988
4120,macd,0.6914301840640312
4120,alarm,0.3457150920320156
4120,cross,0.3142704485602684
4120,positive,0.30121974236803967
4120,zone,0.2934237501009693
4121,pit,0.6673574253110847
4121,relevant,0.2745902361638901
4121,pitmag,0.25019834137593333
4121,pitbullcoin,0.25019834137593333
4121,bscpitbull,0.24378243382322273
4122,number,0.6850235271079452
4122,day,0.40098253496665254
4122,avg,0.2872930956116832
4122,moving,0.26767143585976094
4122,low,0.21896811981315678
4123,job,0.4842779030978828
4123,boston,0.3059778689013133
4123,hiring,0.29539024012640797
4123,apply,0.2871778372307604
4123,united,0.2804678154885444
4124,number,0.7901721943705917
4124,dot,0.30737742730200246
4124,hour,0.27297920318394253
4124,update,0.2664661920122699
4124,usd,0.249047664681269
4125,dip,0.4615612339026124
4125,profit,0.4474633829457654
4125,allowed,0.3355189725321414
4125,panic,0.2972153241549369
4125,likely,0.2775677896722775
4126,bounce,0.5391686310759525
4126,etc,0.5296020107621063
4126,link,0.4440529533449815
4126,ada,0.37997997628521657
4126,eth,0.23502106254689167
4127,user,0.6162180704218119
4127,stole,0.3057332687473332
4127,washington,0.29515410377289136
4127,hacker,0.28694826591091777
4127,axie,0.28024360819178373
4128,lower,0.5735948990985572
4128,fearful,0.3824560852263963
4128,retest,0.3054496877963655
4128,fall,0.28137918494747727
4128,hold,0.25997150761331156
4129,pinetwork,0.35943584762729686
4129,pi,0.34699843397795005
4129,lucky,0.31193933400039653
4129,absolutely,0.2960414187755947
4129,agree,0.292837494747466
4130,invested,0.4980510608579737
4130,service,0.48527939520495117
4130,payment,0.4234678366404557
4130,breaking,0.4234678366404557
4130,twitter,0.3867247808465548
4131,smash,0.5979325503999058
4131,end,0.4366970727161195
4131,month,0.41848478228562025
4131,buying,0.4128060406207256
4131,get,0.31043566646827964
4132,satoshi,0.4734318132801458
4132,put,0.45673932010333285
4132,idea,0.4293574218018478
4132,never,0.4116109601733952
4132,good,0.31520505012434696
4133,cryptoworld,0.4401952500076446
4133,mainstream,0.4331248660277651
4133,tech,0.4158556327716653
4133,cryptocurency,0.3628867965642572
4133,potential,0.3533383207382887
4134,volume,0.5805938994036984
4134,number,0.5532024141089343
4134,bear,0.30961938879384493
4134,whale,0.3076581653885343
4134,alert,0.2804681970037277
4135,afford,0.43586190491375004
4135,lose,0.39539945925511
4135,ca,0.36901484135448864
4135,fiat,0.3639355548596894
4135,bank,0.32989440812549414
4136,started,0.4005381241580893
4136,gold,0.36684193606459975
4136,number,0.3050970239839282
4136,upset,0.26525617605344576
4136,haha,0.248958185193777
4137,number,0.7353946510984448
4137,dot,0.33374708757931654
4137,usdt,0.2991253398851092
4137,hour,0.29639786770305165
4137,update,0.2893261105834841
4138,get,0.6942861278427883
4138,market,0.6675236764814012
4138,btc,0.26903329537776705
4139,want,0.4866242861983989
4139,seamless,0.38528133619663957
4139,player,0.3658178234505536
4139,bitcoinmining,0.3013146199768816
4139,experience,0.2918719497130742
4140,de,0.59552672354456
4140,nft,0.41766921010690367
4140,hoy,0.3248465379646897
4140,solo,0.3136060042452637
4140,event,0.25272498733090565
4141,consume,0.34459759082731617
4141,ups,0.3326736193926923
4141,battery,0.3326736193926923
4141,node,0.3234246686012343
4141,hr,0.3094784212601254
4142,wright,0.9659689480002911
4142,url,0.1834021438264608
4142,btc,0.18239420259171887
4143,invest,0.5155402428748158
4143,way,0.5109888514040208
4143,metaverse,0.44772461292391275
4143,cryptonews,0.41727642375753693
4143,number,0.1871159937621535
4144,user,0.4272515929216397
4144,regret,0.3979081743338707
4144,late,0.32472768167069405
4144,success,0.2836457486113793
4144,moon,0.2604987457201904
4145,fearful,0.42214665846725924
4145,accumulating,0.39620893108422994
4145,despite,0.3311681200255611
4145,data,0.318721760257927
4145,show,0.3069517808507872
4146,category,0.33662174619014296
4146,capitalization,0.3249737596902725
4146,role,0.3249737596902725
4146,management,0.3159388794452523
4146,critical,0.3023154233975973
4147,rock,0.6565406510155121
4147,place,0.5431422728707733
4147,hard,0.4791128415767949
4147,url,0.12912095728695586
4147,btc,0.1284113345180856
4148,number,0.3449664811904022
4148,message,0.26935346559746515
4148,challenge,0.26028742319540044
4148,quick,0.26028742319540044
4148,changing,0.25648659524854817
4149,sooner,0.3273255941326632
4149,hidden,0.30721390579921265
4149,later,0.27274587292816194
4149,divergence,0.2666768147508933
4149,yesterday,0.2546536501467975
4150,user,0.3414132055820585
4150,greeting,0.33878063739564523
4150,requires,0.33878063739564523
4150,proud,0.31053574443587956
4150,deflectprotocol,0.31053574443587956
4151,number,0.6976662729580708
4151,change,0.6296727186598627
4151,month,0.22135591687069434
4151,week,0.2049215818758343
4151,price,0.1214245931257475
4152,push,0.39869629830482295
4152,watching,0.37456147631058023
4152,hourly,0.36991529663606404
4152,order,0.34003327902641534
4152,block,0.2937110204350902
4153,number,0.8956256833060174
4153,user,0.2581322239221839
4153,corporate,0.20491345483517162
4153,btc,0.19345873525410703
4153,largest,0.17523897984432726
4154,applies,0.36282081169794334
4154,local,0.3527337123973222
4154,stablecoins,0.34449195216184575
4154,continues,0.34449195216184575
4154,license,0.34449195216184575
4155,anything,0.3799068629673999
4155,working,0.3709277526337023
4155,pay,0.36314969347281206
4155,hard,0.3411727126804915
4155,use,0.33953178957353897
4156,project,0.4475541105447612
4156,going,0.3835117332002866
4156,user,0.33489642302287065
4156,led,0.32081517351933764
4156,devs,0.31189590977233494
4157,internetcomputer,0.4778632073157161
4157,axieinfinity,0.43802269209677813
4157,ethereumclassic,0.4086616031265657
4157,vechain,0.3935815050397805
4157,eos,0.3455158804951384
4158,becomes,0.3796479951767533
4158,dubai,0.3796479951767533
4158,license,0.3707773722673059
4158,latest,0.29759840403096177
4158,coinmarketcap,0.29759840403096177
4159,possible,0.4134141728588633
4159,breakout,0.4032021785638574
4159,waiting,0.3917458718825983
4159,play,0.38205970259861477
4159,pump,0.3495143744190809
4160,ico,0.3934798711877877
4160,izobiapp,0.25490618544439575
4160,handymanservices,0.25490618544439575
4160,izobiico,0.25490618544439575
4160,privatesale,0.25490618544439575
4161,return,0.46926529856321275
4161,key,0.41954726657068253
4161,bounce,0.4168905110317165
4161,level,0.39118442173893936
4161,bull,0.3649177340756767
4162,number,0.6362894674569035
4162,july,0.34292802949438494
4162,morning,0.3219285742133859
4162,bearish,0.29071311444328896
4162,resistance,0.2675026528868218
4163,user,0.995592519432131
4163,url,0.09378451498398874
4164,thru,0.5475376771945794
4164,cryptomarket,0.4295356117659633
4164,cryptocrash,0.3876505321270702
4164,via,0.3382367512248949
4164,cryptonews,0.2808855572623622
4165,user,0.7056568826287399
4165,common,0.3004384104490637
4165,covidvaccine,0.2794907667202909
4165,rest,0.2794907667202909
4165,care,0.244137501633737
4166,number,0.5742781939913063
4166,midnight,0.3510489298797243
4166,falling,0.33897986884453896
4166,fall,0.30611104853355997
4166,currently,0.3042910138108612
4167,dog,0.38928599056589724
4167,nftcollection,0.35497246367692237
4167,wow,0.3462040734959925
4167,cryptocurrecy,0.3320487240392074
4167,love,0.3001057697661357
4168,ufo,0.3293349255281844
4168,ravencoin,0.30909977893937673
4168,rvn,0.3018775425119508
4168,nftartwork,0.28581600307951627
4168,cool,0.27442015949571724
4169,solidity,0.5238771505755864
4169,smartcontract,0.4916888519327307
4169,dapps,0.47048696163297027
4169,defi,0.2595599163105458
4169,blockchain,0.22291032887044682
4170,babynftart,0.2818736873479832
4170,bbnft,0.2818736873479832
4170,altcoingems,0.272120125844433
4170,fly,0.264554675785919
4170,avalanche,0.25837325300049
4171,join,0.37681769266272713
4171,user,0.34192800501579235
4171,oropay,0.33929146731505017
4171,bakeryswap,0.3275511015319834
4171,brother,0.3275511015319834
4172,winter,0.30662435877841365
4172,dogecoinrise,0.2960143597750665
4172,ama,0.27537517672952794
4172,breakingnews,0.27537517672952794
4172,shibaswap,0.27045040706770196
4173,military,0.7205527725367729
4173,purely,0.36027638626838643
4173,influence,0.338140120347198
4173,force,0.3126688023203593
4173,backed,0.3081030791387367
4174,babycatcoin,0.432153029995272
4174,babycatcoinbsc,0.41719941301646957
4174,altseason,0.3390179778433183
4174,find,0.33620758193962713
4174,gem,0.326276595250066
4175,key,0.949695738527836
4175,url,0.24203883422948536
4175,bitcoin,0.1987340105439934
4176,inr,0.6783529726719624
4176,number,0.4633495989489842
4176,exchange,0.2936421264740535
4176,btcinr,0.23078594595080795
4176,wazirx,0.22207380221361567
4177,shift,0.7087739859349176
4177,movetoearn,0.24472615576403772
4177,traintoearn,0.24472615576403772
4177,letsgetfit,0.24472615576403772
4177,shiftapp,0.24472615576403772
4178,user,0.5754563115792772
4178,nft,0.4894559164316543
4178,lunc,0.46047875804882205
4178,url,0.32524686569594086
4178,free,0.3159614242897694
4179,delay,0.4695739635194597
4179,shine,0.4695739635194597
4179,loses,0.4407221860444026
4179,production,0.4304245409365782
4179,investor,0.3129762731879338
4180,celsiusnetwork,0.2858862879019952
4180,eosio,0.2858862879019952
4180,dogecoins,0.2570016735397166
4180,aave,0.2412639831602034
4180,utility,0.23434831829644895
4181,vip,0.5774288203072543
4181,pump,0.40017195821478524
4181,trb,0.2990627581402236
4181,number,0.2751850195552037
4181,member,0.26378088485873824
4182,important,0.6201524876136488
4182,resistance,0.5439515276777224
4182,break,0.5296831532599556
4182,url,0.15255539872780774
4182,bitcoin,0.1252606686684409
4183,cryptomining,0.4968534952256276
4183,mining,0.42341871038564205
4183,start,0.4206606048066726
4183,today,0.3810546937652586
4183,cryptocurrencies,0.34650318591186097
4184,cryptoartist,0.2745334952904162
4184,nftcollectibles,0.2662087714772649
4184,nftcollection,0.26377819559182253
4184,openseanft,0.26377819559182253
4184,nftcollectors,0.24674368363216623
4185,bahrain,0.6602975741148136
4185,atm,0.5823990905896003
4185,user,0.3327142795845822
4185,get,0.32175108688948656
4185,bitcoin,0.10293618967324009
4186,bounce,0.7137270486024501
4186,baby,0.4122689316050024
4186,vechain,0.39705571881678725
4186,vet,0.3750509828530932
4186,url,0.09152960943919297
4187,protocol,0.5466612330621259
4187,old,0.3415136604289372
4187,state,0.3364410546823823
4187,user,0.22296036564338959
4187,slash,0.22124116335177588
4188,run,0.7270192508900886
4188,seeing,0.4199468836267628
4188,instead,0.3921861317193645
4188,bank,0.3337938259609155
4188,user,0.12371884736611123
4189,hyips,0.6679208361628355
4189,emilynews,0.33396041808141774
4189,monitor,0.32240452044459017
4189,paying,0.306117397494346
4189,en,0.29992532072866657
4190,pitbulltoken,0.5966660160839986
4190,killer,0.360619596563628
4190,buypitbulltoken,0.3354759046530712
4190,bscpitbull,0.31125864301131284
4190,pit,0.2840247939500557
4191,michigan,0.4321359468294728
4191,florida,0.4321359468294728
4191,london,0.3811547888570602
4191,multiple,0.36460232580275515
4191,tiktok,0.34848121466416704
4192,learn,0.8978860435302839
4192,user,0.30166800739455474
4192,url,0.22733628232419265
4192,btc,0.22608688791512668
4193,current,0.6866419897382429
4193,price,0.4658857677400056
4193,crypto,0.35040683414703533
4193,number,0.2974253666743466
4193,btc,0.24413126833999296
4194,goal,0.5390987633670349
4194,choice,0.3277835043804665
4194,project,0.3135679782000075
4194,marketing,0.2739752650805149
4194,development,0.2717040611532387
4195,number,0.6428223307852151
4195,chng,0.44093498189675495
4195,volume,0.3066596783775797
4195,signal,0.29627692325612787
4195,usdt,0.285241199740457
4196,number,0.8163576407893623
4196,ranking,0.328559260867934
4196,cap,0.2714576896686834
4196,change,0.24559886534053638
4196,market,0.1847327933618191
4197,ah,0.50373717116158
4197,responsible,0.50373717116158
4197,criminal,0.48973233267631955
4197,individual,0.47828954645085
4197,user,0.13146181250955083
4198,magic,0.40875312016182136
4198,stimulus,0.39920244469907473
4198,tomorrow,0.3911274636530555
4198,internet,0.35869990718541883
4198,ftm,0.35869990718541883
4199,stackingsats,0.5226688178387507
4199,favorite,0.4629996955082489
4199,deal,0.4059889134840186
4199,got,0.3595082308809875
4199,today,0.31571301638904664
4200,built,0.9842467002460904
4200,bitcoin,0.17680054596828226
4201,number,0.6947100742992817
4201,stpt,0.2013306405157854
4201,pla,0.2013306405157854
4201,rfr,0.19436407757301727
4201,xem,0.18896039154470623
4202,cat,0.8256046717502235
4202,cheseeswap,0.28506556604465333
4202,rate,0.2183444295478384
4202,reward,0.20182322234793662
4202,pancakeswap,0.18999937263592995
4203,number,0.5749098128429556
4203,order,0.42538493079468925
4203,unusual,0.27768648903700477
4203,limit,0.25453515069748917
4203,detected,0.24492647712809817
4204,freedom,0.9799095936752774
4204,bitcoin,0.19944219268538121
4205,user,0.3734464357248164
4205,addres,0.3705668657786495
4205,pufferswap,0.3705668657786495
4205,airdrop,0.3531407373966601
4205,cryto,0.34779832752550194
4206,warming,0.6882140200534402
4206,rvn,0.6534470560380625
4206,btc,0.2692125174958306
4206,number,0.16399093871500686
4207,army,0.6773065235646829
4207,help,0.513097202002313
4207,twitter,0.4658729615012401
4207,user,0.17675873115941912
4207,url,0.13320495321059062
4208,hold,0.7862134890994491
4208,buy,0.5487536812017297
4208,url,0.21960263933976032
4208,bitcoin,0.18031202877410052
4209,adx,0.6912233384671342
4209,user,0.5224459791445936
4209,great,0.37597524213117
4209,project,0.3103086731423057
4209,bitcoin,0.10775731952431974
4210,important,0.5129207556204739
4210,level,0.4616145155534296
4210,chart,0.4306186894748491
4210,support,0.3972620764485046
4210,daily,0.3858861069047853
4211,game,0.465870671622783
4211,developing,0.3897301112071427
4211,user,0.2356771497965841
4211,deploying,0.20295721507788742
4211,tge,0.20295721507788742
4212,concern,0.2639114831431494
4212,celsiusnetwork,0.25477946054626166
4212,eosio,0.25477946054626166
4212,tumble,0.25477946054626166
4212,dogecoins,0.22903773463378638
4213,url,0.772857173968883
4213,bitcoin,0.6345800096479812
4214,buyer,0.5428213339676756
4214,bought,0.4901872440791932
4214,alert,0.3885291755344813
4214,market,0.31214768686668715
4214,number,0.3065378251846105
4215,robinhood,0.3964750179109993
4215,preference,0.3964750179109993
4215,client,0.3721146191668867
4215,survey,0.36342001651480293
4215,study,0.3303650151186065
4216,go,0.8153878710201617
4216,bitcoin,0.4502810078070049
4216,user,0.36385386324940405
4217,thanksgiving,0.3594695831360502
4217,blackfriday,0.3594695831360502
4217,black,0.3344060742870673
4217,mainstream,0.32315045653487046
4217,friday,0.3066811690712996
4218,number,0.495403846342772
4218,may,0.3615989457688455
4218,amp,0.26974745069361145
4218,near,0.2193169607719276
4218,candle,0.2193169607719276
4219,user,0.3520762104131522
4219,airdropalert,0.33727260959133204
4219,soar,0.33727260959133204
4219,airdrop,0.3329324922429833
4219,bounty,0.27406912502314223
4220,production,0.469621671620405
4220,research,0.469621671620405
4220,energy,0.40544295249260326
4220,bitcoinmining,0.3868151479949331
4220,mining,0.33197842951926154
4221,solana,0.6138935823761682
4221,great,0.5559288549123582
4221,project,0.4588321942464239
4221,user,0.25750170258825195
4221,btc,0.19298618727865563
4222,user,0.38891712005157625
4222,amp,0.3093682481187008
4222,polx,0.3087346070296834
4222,fet,0.2897651945986629
4222,core,0.2897651945986629
4223,halving,0.6129825977118402
4223,million,0.44741387835921137
4223,shib,0.3782884912639639
4223,coin,0.3700313911788302
4223,altcoin,0.3309287463349097
4224,customer,0.3917204917312496
4224,pundix,0.3590618857254563
4224,yuan,0.3590618857254563
4224,chinese,0.3399578258862404
4224,issue,0.3399578258862404
4225,ethusd,0.286971372029366
4225,ethusdt,0.286971372029366
4225,faced,0.2490504474134765
4225,affected,0.2490504474134765
4225,analysed,0.2490504474134765
4226,pumping,0.7330108127039462
4226,thanks,0.5481587539221837
4226,price,0.28815175232106116
4226,user,0.20147404588333837
4226,url,0.15183035473836828
4227,signal,0.38578029230584066
4227,number,0.38046129881956786
4227,vip,0.3193332533944536
4227,subscribe,0.2970681934347151
4227,beautiful,0.27908536289632735
4228,faced,0.2751842335117213
4228,affected,0.2751842335117213
4228,analysed,0.2751842335117213
4228,absolutely,0.2611595333898512
4228,bnb,0.2600029394894762
4229,rari,0.4458657251806255
4229,exploit,0.4304376133416318
4229,capital,0.37152009681788156
4229,protocol,0.3672274836725484
4229,bounty,0.34977539447550343
4230,usdt,0.6015703659131119
4230,number,0.4436852085367503
4230,profit,0.41387365510473956
4230,apiece,0.20113649762999575
4230,monthly,0.17856987782207012
4231,golden,0.4234411362728272
4231,decade,0.3939173012562198
4231,test,0.35370882672551607
4231,face,0.34710555343980865
4231,true,0.32468985039783643
4232,consolidating,0.5050495453948846
4232,prediction,0.39009226899168903
4232,number,0.38024602734794577
4232,resistance,0.37300515141455853
4232,target,0.35245024300487804
4233,confirm,0.41842716417578696
4233,mil,0.403948497795316
4233,forever,0.37578375945862497
4233,follower,0.36906329728782283
4233,please,0.29624173751886346
4234,massive,0.4173635774926069
4234,witness,0.2744552192427742
4234,squeeze,0.2515732790310966
4234,icp,0.23471007636732202
4234,within,0.23471007636732202
4235,claim,0.3050419730537987
4235,boltcoiner,0.295790112170293
4235,unlock,0.2943997582154632
4235,ln,0.2917283653908292
4235,faucet,0.2917283653908292
4236,arrr,0.4368738735653389
4236,human,0.41003126992032013
4236,monero,0.3791445568430159
4236,xmr,0.3736081263468562
4236,wow,0.3371849827733922
4237,affiliate,0.7989166809134973
4237,affiliateprogram,0.4570656451839363
4237,affiliatemarketing,0.3504727416496076
4237,crypto,0.128312650946179
4237,url,0.08989047907063347
4238,accordingly,0.4580957404073882
4238,ftt,0.41180763005506205
4238,happen,0.3862513324875746
4238,number,0.3368364377878712
4238,position,0.32061491896057526
4239,choose,0.41624765464091334
4239,currency,0.3253398486100489
4239,invest,0.32031319908271705
4239,sol,0.3073304941123133
4239,solana,0.30355363829378357
4240,leading,0.6096328066235651
4240,analytics,0.3394065337356738
4240,acquires,0.3394065337356738
4240,infrastructure,0.30481640331178256
4240,blockchain,0.2888357393433651
4241,staking,0.5143563655898844
4241,payouts,0.29127415715309907
4241,betfurysuccess,0.29127415715309907
4241,username,0.29127415715309907
4241,hunt,0.25876499412523835
4242,number,0.746864425874286
4242,eur,0.40252237222812637
4242,dot,0.2905306810390709
4242,hour,0.2580177552615526
4242,update,0.25186170929575047
4243,hourly,0.5688502036273901
4243,hr,0.4087394646623975
4243,number,0.36643668264981133
4243,closing,0.21357939168166915
4243,vol,0.20858902621442837
4244,number,0.7050926014431625
4244,transferred,0.5242445586453398
4244,usd,0.3111250102626924
4244,binance,0.25224760145426006
4244,url,0.23277960585884627
4245,using,0.5197338826349068
4245,app,0.5140001189644634
4245,super,0.49649578198418887
4245,user,0.3601686995315307
4245,ethereum,0.26689957980865986
4246,digitalassets,0.3832062284716647
4246,yellow,0.3832062284716647
4246,emotion,0.3832062284716647
4246,something,0.3113949747295062
4246,ca,0.30181407532809634
4247,number,0.5141690959089928
4247,summary,0.29968594282549793
4247,median,0.29968594282549793
4247,mempool,0.29968594282549793
4247,quant,0.2926836643363687
4248,number,0.8646806460181414
4248,rsi,0.27850559065460756
4248,last,0.18290056569507193
4248,bb,0.1640691761853916
4248,bollinger,0.14914620386292457
4249,wake,0.39056967039235285
4249,加密货币,0.37191236706042596
4249,币圈,0.37191236706042596
4249,区块链,0.37191236706042596
4249,gamefi,0.3261174883676392
4250,follow,0.328807121480959
4250,outside,0.32730217695139685
4250,disappointed,0.32730217695139685
4250,visionary,0.3071919274270701
4250,box,0.3000142686914742
4251,user,0.3966082052477521
4251,cheemsinu,0.31484003166452146
4251,cry,0.27769683747275875
4251,shibnobi,0.2692465753770337
4251,fill,0.2692465753770337
4252,wave,0.7712475185403146
4252,abc,0.23410069332825442
4252,number,0.21540964937271434
4252,ok,0.2145831994251378
4252,form,0.19751575374774571
4253,line,0.6697418127474023
4253,number,0.5758802409538564
4253,last,0.23255093909162275
4253,price,0.16401022560138406
4253,indicator,0.14949456666725935
4254,competition,0.600582471661346
4254,initial,0.5718929696363483
4254,strategy,0.5340877626764837
4254,url,0.12696843283351614
4254,bitcoin,0.10425164188968986
4255,consensus,0.3624773500770393
4255,centralize,0.3624773500770393
4255,machine,0.3322568096353821
4255,fine,0.3197141521036216
4255,broken,0.31457892672548554
4256,time,0.6141977945979274
4256,imo,0.5272911734914495
4256,high,0.34081094825559494
4256,see,0.3343864953862836
4256,one,0.3225162633100384
4257,user,0.7406414238903244
4257,hey,0.3811754710252406
4257,everyone,0.319618381359314
4257,take,0.30960589786903914
4257,look,0.30603316999199887
4258,best,0.36746806031922846
4258,proud,0.29657791887653756
4258,forextrader,0.29057880462912566
4258,forextrading,0.2853821354943012
4258,entrepreneur,0.26648752628369177
4259,number,0.6850235271079452
4259,day,0.40098253496665254
4259,avg,0.2872930956116832
4259,moving,0.26767143585976094
4259,low,0.21896811981315678
4260,xrp,0.3022531753407758
4260,doge,0.2934310870247142
4260,inverse,0.27724593607699466
4260,thats,0.27724593607699466
4260,shoulder,0.2605465161085294
4261,opinion,0.422211063616413
4261,direction,0.4113841846810952
4261,dash,0.3907005393814642
4261,shiba,0.3199072783946174
4261,change,0.307510702056669
4262,user,0.6565374341692265
4262,giveaway,0.3333838765866895
4262,axieinfinity,0.23886403634819095
4262,cryptogiveaway,0.22984694559884813
4262,wazirx,0.22984694559884813
4263,pushing,0.4277118827442751
4263,centralized,0.4092687140976758
4263,stuff,0.36749326880869987
4263,decentralized,0.34406363273650425
4263,far,0.3417307979262916
4264,pitbulltokenshibakiller,0.43927406724034973
4264,pitbullcrew,0.43927406724034973
4264,buypitbulltoken,0.4086463034797639
4264,growing,0.3791470330014833
4264,user,0.34391604416265337
4265,staking,0.5143563655898844
4265,payouts,0.29127415715309907
4265,betfurysuccess,0.29127415715309907
4265,username,0.29127415715309907
4265,hunt,0.25876499412523835
4266,hash,0.5747635961088706
4266,large,0.5708665596392457
4266,transaction,0.5073974733153136
4266,number,0.1751230677835843
4266,url,0.14453803164299986
4267,nftcommunity,0.40785559331047133
4267,ensdomains,0.35557763049334673
4267,en,0.3193394459209726
4267,rare,0.30859094877077053
4267,domain,0.2928636832163322
4268,allowed,0.3596603525523621
4268,number,0.34280637775471223
4268,rather,0.3414911520266666
4268,either,0.30684392383654896
4268,given,0.30043146596653664
4269,dogecoin,0.3376639538443595
4269,nanodogecoin,0.31345289296569373
4269,nano,0.2815077906422561
4269,revolution,0.2815077906422561
4269,discount,0.2581685710132586
4270,ftt,0.5162120500824406
4270,seen,0.4686260791991711
4270,everyone,0.3991221593880141
4270,luna,0.38777804927357695
4270,sol,0.3720609073570571
4271,autocrypto,0.3268700170837821
4271,au,0.3268700170837821
4271,coingecko,0.2938445982735833
4271,tothemoon,0.2821286444998598
4271,sky,0.2821286444998598
4272,mtn,0.6900801821303858
4272,coming,0.45582521653846436
4272,bullish,0.40995427956302144
4272,user,0.3601846229079733
4272,btc,0.13497125726302164
4273,sys,0.41762115800598926
4273,easily,0.3750598962523964
4273,fact,0.33048909617982836
4273,add,0.3249020369047435
4273,portfolio,0.3249020369047435
4274,water,0.2639842563273005
4274,retreat,0.2639842563273005
4274,food,0.24776441533912338
4274,round,0.24776441533912338
4274,heat,0.24197530351244345
4275,pop,0.5260216881231223
4275,tradingsignals,0.26301084406156117
4275,tight,0.25390998591552166
4275,scalper,0.25390998591552166
4275,example,0.2410830467857659
4276,everybody,0.33636446404277864
4276,recommend,0.33636446404277864
4276,stuff,0.30753043232377536
4276,giving,0.2943345689233483
4276,crash,0.27890071990158166
4277,zesty,0.33632963573133307
4277,claiming,0.3340492392950696
4277,boltcoiner,0.31232392058187364
4277,unlock,0.3108558498780127
4277,ln,0.308035133951161
4278,user,0.39185637488306085
4278,number,0.35778953675659764
4278,pray,0.300304123329935
4278,okay,0.300304123329935
4278,buy,0.2951659782444353
4279,blue,0.38098273121250936
4279,coinhuntworld,0.355375807463369
4279,vault,0.355375807463369
4279,location,0.35312541347889576
4279,playing,0.341211546038224
4280,analyst,0.5276512741119403
4280,bottom,0.4473100243897194
4280,yet,0.4473100243897194
4280,binance,0.2501794270720467
4280,bnb,0.24927097120305827
4281,project,0.4637974711624448
4281,bright,0.3037474124669466
4281,promising,0.28695237491091613
4281,ahead,0.28695237491091613
4281,interesting,0.2805671979740741
4282,opensea,0.48395017406942814
4282,btsarmy,0.3670631892670136
4282,bts,0.32965447043414753
4282,nft,0.31463265348008546
4282,listing,0.290479491606603
4283,advancement,0.35280028627118515
4283,regret,0.3311233702932599
4283,imo,0.3111787381008329
4283,saw,0.3061806079194894
4283,expected,0.2976651349236446
4284,portugal,0.5477666616572356
4284,taxed,0.5477666616572356
4284,capital,0.45642961923135306
4284,gain,0.41649390776973766
4284,url,0.10400083799026048
4285,never,0.6285598872944579
4285,young,0.44825815209890785
4285,build,0.373513599861763
4285,old,0.34597151818669575
4285,dream,0.3433409087889377
4286,shoulder,0.6402292393795559
4286,frame,0.24195425466279727
4286,formation,0.23358200918609962
4286,neckline,0.23358200918609962
4286,inverse,0.22708799107707137
4287,worse,0.5111236908497164
4287,arb,0.49691349325831324
4287,case,0.40256215236203463
4287,thought,0.38281090797613254
4287,investment,0.3107611110407933
4288,excuse,0.37781516817192373
4288,self,0.36474178230746135
4288,nation,0.36474178230746135
4288,begin,0.3463158798252603
4288,citizen,0.3463158798252603
4289,write,0.642200208641571
4289,possible,0.6023460184029101
4289,next,0.43565319688056947
4289,url,0.14451490572970535
4289,bitcoin,0.11865875527982848
4290,went,0.39868190255341246
4290,percent,0.3830628854938312
4290,minute,0.3410183508767173
4290,token,0.28602937465273776
4290,cryptonews,0.2483195047216051
4291,btfd,0.9691147495166159
4291,url,0.19059448030360784
4291,bitcoin,0.1564939179238117
4292,stmx,0.6543386768403565
4292,stmxusdt,0.34858740460260007
4292,entry,0.2410433572079888
4292,number,0.24056664314071843
4292,stop,0.229795495801026
4293,turning,0.38491858165711956
4293,november,0.38491858165711956
4293,exit,0.3683206833916731
4293,follower,0.3617336897892254
4293,saw,0.35592354966339707
4294,world,0.4264852339508551
4294,choice,0.33159199365933073
4294,welcome,0.306613930964558
4294,entire,0.3021366235964281
4294,study,0.294388847833318
4295,office,0.48928722864400687
4295,salvador,0.4163524122861598
4295,post,0.38354238717735456
4295,cryptocurrencynews,0.37693580633152646
4295,look,0.3256240480744942
4296,io,0.34568151742543146
4296,domainnames,0.3337200393159579
4296,domainsforsale,0.3337200393159579
4296,vr,0.3168612827954101
4296,brand,0.3168612827954101
4297,number,0.44190597586937136
4297,pt,0.3201667014087582
4297,surge,0.3201667014087582
4297,dive,0.3090881021859654
4297,vix,0.3004948730247176
4298,establishment,0.40340638223106307
4298,dumb,0.40340638223106307
4298,politician,0.35581458929994414
4298,fuck,0.34036257868443864
4298,old,0.3113543342227672
4299,skill,0.4394213910387082
4299,lasvegas,0.42720465191208207
4299,sport,0.40147273318422505
4299,betting,0.37083469747992814
4299,test,0.36705745226002895
4300,hi,0.4318258679924623
4300,followed,0.410011034269317
4300,wish,0.3607127603656561
4300,thank,0.3271320102647627
4300,nftart,0.2809994729399558
4301,number,0.6476816735866553
4301,ern,0.4692539053973814
4301,lina,0.4404217930793276
4301,mover,0.20694688158246405
4301,eth,0.15141603073626497
4302,supply,0.3740011825735508
4302,profit,0.3252428302320844
4302,prior,0.24387501722379173
4302,pain,0.24387501722379173
4302,occur,0.24387501722379173
4303,current,0.6866419897382429
4303,price,0.4658857677400056
4303,crypto,0.35040683414703533
4303,number,0.2974253666743466
4303,btc,0.24413126833999296
4304,business,0.46371290192741094
4304,majority,0.3332691200629815
4304,running,0.3100324014874632
4304,leave,0.2912647910176346
4304,least,0.28765184991846443
4305,forex,0.39345369765634064
4305,trading,0.3046585035950819
4305,commodity,0.29013411476968937
4305,broker,0.28206784202066054
4305,brings,0.27547721730188135
4306,general,0.3567962429682582
4306,cycle,0.32510197539049324
4306,activity,0.32074390191587726
4306,development,0.29575310204191757
4306,inflation,0.2832044326325681
4307,altcoins,0.5087448049274228
4307,upside,0.363079053820574
4307,falling,0.35914961141532814
4307,despite,0.3458241142678865
4307,level,0.30620440978762264
4308,make,0.6391977503398899
4308,model,0.4506799755528713
4308,mean,0.39106996148260764
4308,say,0.3481822187099917
4308,get,0.2635544540223015
4309,polx,0.2501927347618115
4309,lab,0.2501927347618115
4309,trias,0.2501927347618115
4309,dgtx,0.2501927347618115
4309,doge,0.24852869123109222
4310,number,0.5209204829542328
4310,price,0.4079837605081442
4310,last,0.3856548427287003
4310,increased,0.2936213711389862
4310,dropped,0.28907802403203176
4311,bear,0.6116660275340784
4311,leave,0.400836125606672
4311,away,0.3794249848167678
4311,stay,0.341630633080179
4311,high,0.2708393966831456
4312,diego,0.36063232253140265
4312,third,0.36063232253140265
4312,dope,0.36063232253140265
4312,cad,0.3481535077435727
4312,illustration,0.3384741870121239
4313,extends,0.3724196433550317
4313,bitmex,0.3724196433550317
4313,offering,0.3724196433550317
4313,bybit,0.29471838045679977
4313,spot,0.281177742151786
4314,flipped,0.3490598747505233
4314,william,0.3490598747505233
4314,cointelegraph,0.3199579789790607
4314,metric,0.3134859379129642
4314,september,0.3029344612528595
4315,user,0.33218209096836687
4315,blindboxes,0.32962070203998994
4315,haglien,0.32962070203998994
4315,airdrop,0.31412009148475095
4315,project,0.29595112606322366
4316,recommendation,0.3566061855811274
4316,clash,0.3566061855811274
4316,congress,0.34426668558615975
4316,bigger,0.32687513714235156
4316,as,0.32026317729118103
4317,asks,0.44187587961629005
4317,afford,0.42282195173301873
4317,christmas,0.40859038528766983
4317,december,0.3922993726417227
4317,present,0.3877666718313725
4318,carry,0.39929235099337745
4318,olympics,0.38547579883502314
4318,olympicgames,0.3747588483860168
4318,opening,0.36600246229088307
4318,rather,0.36600246229088307
4319,next,0.7624209976629992
4319,number,0.6128550983546909
4319,bitcoin,0.20766042170625346
4320,sand,0.6072094574943396
4320,mana,0.5627336871335499
4320,metaverse,0.43304088146867914
4320,blockchain,0.3347550306733592
4320,bitcoin,0.12264638808467831
4321,level,0.3635331277683114
4321,resistance,0.3543043792350408
4321,break,0.3450106328559055
4321,failed,0.2616812845880934
4321,continued,0.2526264326522082
4322,dontstopwontstop,0.2652572704940474
4322,暗号通貨,0.2652572704940474
4322,ドル,0.2652572704940474
4322,リップル,0.2652572704940474
4322,日経平均,0.2652572704940474
4323,number,0.6200818900970801
4323,cny,0.336943123984325
4323,jpy,0.3088514285922062
4323,ar,0.2971923215861582
4323,eur,0.29241884020613546
4324,chris,0.3038389590510674
4324,scanning,0.2933253421109353
4324,aapl,0.26799361435525
4324,est,0.2636891204798289
4324,spy,0.25025026610603085
4325,megabsc,0.5772934166074246
4325,alliance,0.2886467083037123
4325,meg,0.2886467083037123
4325,megabscfinance,0.2886467083037123
4325,yield,0.2786587826880732
4326,hourly,0.4198784840246738
4326,zone,0.3920264216175671
4326,made,0.35675639998094355
4326,analysis,0.3469061955941691
4326,coin,0.2788231550508024
4327,彩票,0.7064548076508073
4327,washington,0.6820096369052515
4327,url,0.13412990811753195
4327,btc,0.1333927571639873
4328,ta,0.37002508549544144
4328,learn,0.3566604362195814
4328,advice,0.3478417769558084
4328,looking,0.33189712765957824
4328,resistance,0.32198459096706755
4329,number,0.8187766459642499
4329,longed,0.34338802672474256
4329,utc,0.2819857234232413
4329,btcusd,0.26172237247183316
4329,binance,0.18307386562463332
4330,cpi,0.5554132624035967
4330,august,0.29331246138498557
4330,tomorrow,0.287379400108193
4330,economy,0.26070105719912107
4330,fed,0.2555616057500289
4331,number,0.3527139356640797
4331,txns,0.30665507186311775
4331,kb,0.30665507186311775
4331,avgsize,0.30665507186311775
4331,ph,0.30665507186311775
4332,kusama,0.275927588757199
4332,charge,0.275927588757199
4332,middleman,0.2589739200946863
4332,solananft,0.2589739200946863
4332,nftgiveaways,0.22037038785877688
4333,spx,0.5081958587613267
4333,whole,0.4810499694921986
4333,discord,0.47665782099516696
4333,action,0.47665782099516696
4333,price,0.21703810134921733
4334,izobi,0.5198219933288775
4334,ecosystem,0.4261114124924078
4334,enabling,0.26922694815295484
4334,bridge,0.25991099666443873
4334,handyman,0.25991099666443873
4335,pump,0.5775181398876502
4335,megapump,0.36415003191713097
4335,sky,0.35963299911003876
4335,powerful,0.3305815927201326
4335,history,0.3194942929764852
4336,place,0.6147560344005071
4336,shown,0.3612231699491977
4336,number,0.3541417658062065
4336,worry,0.3340130588538579
4336,total,0.29704814552397213
4337,user,0.5857630268902166
4337,solanafarm,0.3740891296414629
4337,loved,0.35519102101563343
4337,airdropstario,0.28867531011655717
4337,ever,0.2679491840294682
4338,raise,0.4621339984482943
4338,etherium,0.36253762619297614
4338,million,0.3091877241197174
4338,wallet,0.2769107659073539
4338,altcoins,0.26666609745658754
4339,advise,0.6920887043009015
4339,read,0.5527937076350975
4339,user,0.39537801205524964
4339,url,0.14897795783795256
4339,btc,0.14815920499439472
4340,dominance,0.6637308003083524
4340,current,0.45670381084964
4340,altcoin,0.4255584180087436
4340,cryptocurrency,0.2937833440309624
4340,number,0.19782550504274848
4341,er,0.6110600702609228
4341,death,0.5601146372244109
4341,stay,0.439412994826246
4341,blockchain,0.260006761264171
4341,eth,0.19717319198862962
4342,biden,0.5530473645293397
4342,booked,0.3357385751456773
4342,thursday,0.30774730566123126
4342,predicted,0.29612987917276656
4342,cpi,0.29137346266524994
4343,upside,0.5649802594344331
4343,kinda,0.34298268006281885
4343,flow,0.28249012971721654
4343,technical,0.27943286523695055
4343,reach,0.2538949031425811
4344,nearprotocol,0.4633078773947615
4344,bitcoinsv,0.4472762217983654
4344,quant,0.42468087230666174
4344,aave,0.3774635140280441
4344,number,0.3730269344872106
4345,engaging,0.5406416379352053
4345,everyday,0.4955671457491635
4345,much,0.3603436691910381
4345,would,0.33488628930488346
4345,go,0.30524495154723164
4346,crackdown,0.6311444304465409
4346,chinese,0.5836017712309911
4346,user,0.33884383466528833
4346,cryptocurrency,0.22972867012904702
4346,bitcoin,0.20966514138355255
4347,project,0.32087493213068136
4347,member,0.3152181817073702
4347,millionaire,0.29778889348028115
4347,moment,0.28035960525319215
4347,biggest,0.27803547633478953
4348,claiming,0.33960006870260095
4348,boltcoiner,0.3175137447128905
4348,unlock,0.31602127937172236
4348,ln,0.31315369217238975
4348,faucet,0.31315369217238975
4349,uk,0.3799145148452766
4349,expected,0.35691663593893785
4349,april,0.34113535220051383
4349,info,0.33785150718892487
4349,total,0.3264975309134316
4350,broker,0.34671985016084056
4350,market,0.34614359854991983
4350,technicalanalysis,0.3317691019407747
4350,daytrading,0.3317691019407747
4350,strongly,0.31592067017480613
4351,break,0.5343080502294619
4351,risky,0.2608235298904555
4351,approved,0.2608235298904555
4351,believing,0.2535721463944782
4351,germany,0.24263797774331253
4352,exploit,0.43060231510862973
4352,lost,0.3673679988449599
4352,almost,0.3470085494453049
4352,two,0.3391433382671607
4352,million,0.298417684723721
4353,funny,0.7824893863033706
4353,truth,0.34657926322731997
4353,fact,0.32071330372423834
4353,getting,0.29302640223396936
4353,thing,0.26260142947792137
4354,chill,0.7355016644298948
4354,another,0.5317996893266512
4354,day,0.39615585889278565
4354,btc,0.1388773830321223
4355,headed,0.5701764445224238
4355,cosmos,0.5172451533445667
4355,wow,0.490008130901201
4355,defi,0.31455696393545685
4355,crypto,0.17206326528161767
4356,extends,0.31786147947644666
4356,convert,0.31786147947644666
4356,ustc,0.3068626469183173
4356,classic,0.29136066309903347
4356,cryptoinvestor,0.285467082377468
4357,tokensales,0.34750535622335504
4357,btcnews,0.34750535622335504
4357,ground,0.3378440553202499
4357,baby,0.3078333136156916
4357,ahead,0.29993945600280164
4358,young,0.4092651954026524
4358,matrix,0.4092651954026524
4358,rabbit,0.3951035569319631
4358,hole,0.3951035569319631
4358,ct,0.37514384854773886
4359,indicator,0.3659938340339405
4359,usual,0.27858350263891823
4359,absolute,0.27858350263891823
4359,educated,0.27858350263891823
4359,ignorant,0.27858350263891823
4360,xrp,0.49591170763421655
4360,who,0.4678901468281801
4360,gon,0.3870756782676252
4360,na,0.3587728464774866
4360,stop,0.3194975956583099
4361,number,0.9506115102189172
4361,average,0.1338484815852523
4361,price,0.1294811851786949
4361,weekly,0.1247998617594159
4361,live,0.11802150505479705
4362,prime,0.5048524747152695
4362,worse,0.48738326817568955
4362,risk,0.3866890243076678
4362,even,0.34459835401899763
4362,forex,0.3304725974602808
4363,imminent,0.5997062948042304
4363,show,0.48554252558087424
4363,indicator,0.43864062352403965
4363,cryptonews,0.34255938580775797
4363,cryptocurrency,0.2281223416419405
4364,good,0.3673308981116752
4364,user,0.34474223488069206
4364,forward,0.2850433944355992
4364,progress,0.2817499493907018
4364,provide,0.2758619081423817
4365,oasis,0.29971899112313616
4365,apart,0.29971899112313616
4365,nocoiners,0.29971899112313616
4365,learning,0.26917355972157
4365,attack,0.2601135726872935
4366,option,0.4625787207473221
4366,successful,0.4462688912782906
4366,compared,0.4273339054889126
4366,point,0.422023917988794
4366,make,0.3389548684141474
4367,outperformed,0.5840407718845261
4367,strategy,0.4664458962049857
4367,check,0.3617687450899029
4367,investment,0.34280720951294824
4367,blockchain,0.24851001879255535
4368,number,0.8029009056613637
4368,hour,0.27737656554428364
4368,update,0.2707586376982096
4368,xrp,0.25509270418968055
4368,usd,0.2530595191149649
4369,user,0.5300136406954016
4369,heco,0.4723277353736804
4369,hswap,0.4723277353736804
4369,good,0.2823709527720889
4369,defi,0.26057544089900003
4370,discus,0.4358131180851225
4370,september,0.4029843176469602
4370,worst,0.4029843176469602
4370,scenario,0.3917765468544546
4370,case,0.3530631975669769
4371,forced,0.43700640775361016
4371,micro,0.43700640775361016
4371,become,0.32551474755915205
4371,squeezed,0.22633498196055307
4371,get,0.2205779009397288
4372,hot,0.6143927922864996
4372,hotusdt,0.37706031166200354
4372,entry,0.2607319776700331
4372,number,0.260216325204094
4372,stop,0.24856538165525333
4373,cap,0.42138135157447165
4373,represent,0.2954505371327515
4373,meaning,0.28723645786719654
4373,market,0.2867590682066843
4373,difference,0.2805250664310347
4374,amp,0.26467072795646285
4374,slip,0.2641286353231264
4374,dividend,0.2641286353231264
4374,bake,0.24789992333488703
4374,automated,0.24789992333488703
4375,follower,0.49052264333937395
4375,thanks,0.3812124386802117
4375,hit,0.37960050606249596
4375,every,0.3580095590564251
4375,let,0.31894813633950714
4376,explode,0.7709151667181201
4376,minute,0.5925102800699036
4376,number,0.19347107113200696
4376,bitcoin,0.13111185442396706
4377,number,0.7556555870914636
4377,blood,0.2950119247510761
4377,bybit,0.25995374431513013
4377,shorted,0.24471585842014315
4377,drop,0.24167505558984803
4378,removing,0.3327044173236461
4378,evil,0.3327044173236461
4378,prior,0.321191980574405
4378,hardware,0.31226224088429466
4378,force,0.2887402440352653
4379,cardano,0.5098772289074982
4379,number,0.3867308346442575
4379,price,0.3028867272175968
4379,recent,0.261053065661318
4379,alert,0.24508592413938526
4380,addres,0.3535314672463079
4380,cheer,0.3412983604896269
4380,mooning,0.3318096257136732
4380,fly,0.3318096257136732
4380,project,0.3174194921095548
4381,earlier,0.510483414876341
4381,stream,0.4797353467438333
4381,starting,0.44312476907004084
4381,live,0.3572803330276417
4381,today,0.3171704765677886
4382,vechain,0.4066699185275359
4382,starting,0.40226871166642725
4382,april,0.39817128610570485
4382,vet,0.3841323658428847
4382,second,0.3781884978394426
4383,buyer,0.5428213339676756
4383,bought,0.4901872440791932
4383,alert,0.3885291755344813
4383,market,0.31214768686668715
4383,number,0.3065378251846105
4384,hbar,0.6545028695343666
4384,entry,0.27157313956000034
4384,number,0.271036046410367
4384,stop,0.258900659923945
4384,position,0.257983372066119
4385,blockchain,0.6895020431071485
4385,ethereum,0.6050739872716352
4385,url,0.30766356182273774
4385,bitcoin,0.2526173691669269
4386,number,0.8127426372779946
4386,shorted,0.3290040720165779
4386,btcusdt,0.30019591053756073
4386,utc,0.2799076178581613
4386,binance,0.18172469512636583
4387,number,0.5403525516064949
4387,bnb,0.5350270080956816
4387,presale,0.43495111968882927
4387,buy,0.24765286899238148
4387,max,0.22650666553227772
4388,nft,0.3724592198070626
4388,design,0.25550858528969456
4388,artwork,0.25550858528969456
4388,collection,0.24138080638624265
4388,bio,0.23859184710409478
4389,million,0.5991669535157315
4389,earn,0.5625958273867404
4389,time,0.46004707274883005
4389,user,0.22562918408688987
4389,number,0.20601364792727558
4390,divergence,0.6329958186488639
4390,second,0.5951040457552974
4390,bullish,0.44559216128642076
4390,number,0.17873022803036104
4390,bitcoin,0.12112225099891111
4391,dod,0.5525526092951961
4391,user,0.27842316940311146
4391,welcome,0.23976864589540026
4391,ftm,0.2275488929161054
4391,usa,0.22508623289845217
4392,cel,0.5318675239937837
4392,baby,0.471148255367743
4392,user,0.41640922720449003
4392,game,0.36583539344229066
4392,back,0.33502891416009295
4393,explosion,0.6165385914027911
4393,break,0.406434051894065
4393,coming,0.3931562497485396
4393,last,0.31500056868545373
4393,altcoin,0.3050981898842978
4394,harder,0.31961943902155265
4394,factor,0.2999812357825218
4394,pow,0.29297205765872353
4394,nano,0.2870458819951682
4394,economic,0.2773843388190526
4395,east,0.4690497618021362
4395,middle,0.45809023188080544
4395,set,0.3799890408244789
4395,fund,0.37731700121206213
4395,first,0.304684214127127
4396,user,0.4114211287285213
4396,hurry,0.3742121405894299
4396,airdropcrypto,0.3444481823744304
4396,chance,0.3061389345603206
4396,guy,0.2798426123229691
4397,filing,0.42649585533851875
4397,purchased,0.41173799129242217
4397,cost,0.33751218551347545
4397,cryptocurrencynews,0.3083750511209718
4397,detail,0.30669295900034305
4398,give,0.4819491722905984
4398,useful,0.3314091093878333
4398,presale,0.27614848473992093
4398,case,0.2519866298942435
4398,advice,0.24237340035595784
4399,rather,0.4512973752424895
4399,monthly,0.4102494563309217
4399,area,0.3932130307152638
4399,chart,0.3190248724302203
4399,litecoin,0.31797671004000716
4400,number,0.5378939333287962
4400,list,0.24354679538809762
4400,bsv,0.24354679538809762
4400,xtz,0.23812746619998185
4400,bitcoinprice,0.23570194927952356
4401,deal,0.4145868149679949
4401,travel,0.24826180969559594
4401,blog,0.2438219315515331
4401,ad,0.23990568148123975
4401,reddit,0.22292088503892812
4402,peace,0.47869332640025475
4402,dorsey,0.4653847537873807
4402,jack,0.43735312396302867
4402,bring,0.4039769080464764
4402,hope,0.3088460936387509
4403,cardano,0.5098772289074982
4403,number,0.3867308346442575
4403,price,0.3028867272175968
4403,recent,0.261053065661318
4403,alert,0.24508592413938526
4404,bro,0.28038188394501556
4404,og,0.274710379602877
4404,fork,0.274710379602877
4404,audit,0.274710379602877
4404,certik,0.26979749907630085
4405,update,0.5529917232004444
4405,price,0.3669455762626953
4405,eth,0.3285955801571322
4405,recent,0.3162643292237017
4405,usd,0.2584217086060955
4406,go,0.6196710123730571
4406,someday,0.36584820312580735
4406,number,0.3366381877753124
4406,panic,0.3128680151589666
4406,thought,0.264524161089186
4407,atom,0.43834149510943227
4407,minute,0.3501175771054112
4407,number,0.2858077950003473
4407,rating,0.24848581542392514
4407,ticker,0.24848581542392514
4408,sit,0.3993750398773959
4408,cryptography,0.3993750398773959
4408,indiawantscrypto,0.3993750398773959
4408,converted,0.3993750398773959
4408,limit,0.3660782572192847
4409,archive,0.8424555496954319
4409,news,0.4854552368747314
4409,url,0.16568458766434047
4409,btc,0.16477401854893187
4410,risen,0.6271020868439307
4410,currently,0.45862609340894783
4410,week,0.3813495069124536
4410,last,0.32039764701544793
4410,number,0.28851653262413646
4411,spell,0.641786544629166
4411,volume,0.4012502851404923
4411,number,0.3823199427854763
4411,spellusdt,0.33239500250775894
4411,bear,0.2139789415048129
4412,bnbusdt,0.3250154511117357
4412,bullmarket,0.31376907255881714
4412,bearmarket,0.28206731195259255
4412,etherium,0.2549700530965617
4412,binancecoin,0.24538746099630865
4413,emas,0.2824565390100459
4413,continuation,0.2589075110270577
4413,everywhere,0.2451322127285765
4413,reversal,0.23831461329899153
4413,superb,0.23012135769081302
4414,also,0.866545355125584
4414,bitcoin,0.4262805887659549
4414,url,0.25958429681247336
4415,already,0.6167848146129308
4415,chess,0.4265198596837166
4415,knowing,0.40031343207845776
4415,lost,0.35129368767820646
4415,playing,0.3050814455941825
4416,small,0.7110954291984598
4416,history,0.652755744498862
4416,user,0.2221624481666335
4416,bitcoin,0.1374666331201955
4417,teacher,0.5032410970039234
4417,threat,0.4723207281695062
4417,read,0.35453442942465496
4417,finance,0.3317461728868394
4417,forex,0.3294178018428908
4418,btcusdt,0.727931708249166
4418,term,0.4101227116863106
4418,short,0.348113917638832
4418,trading,0.27139828707843394
4418,binance,0.22032806429227322
4419,hoge,0.5666020235024191
4419,onto,0.3154496062468651
4419,shibaarmy,0.26976787461546026
4419,altseason,0.24746578225415472
4419,life,0.22333478190472666
4420,worry,0.8487158549720972
4420,coming,0.31180888441615096
4420,back,0.2973503888210347
4420,going,0.2821522077098471
4420,url,0.09283779344299499
4421,ada,0.3200211603020624
4421,get,0.29891047109553004
4421,valued,0.2878668909998621
4421,limited,0.26229562883009594
4421,shibarmy,0.2406112776134286
4422,number,0.8608044279327606
4422,apr,0.1951148972824575
4422,tictoknextblock,0.17539958648572013
4422,recipient,0.17539958648572013
4422,remaining,0.16936934928896322
4423,submit,0.39226456913071656
4423,parliament,0.37869119647335053
4423,turkey,0.36816287069947556
4423,regulation,0.340430007898009
4423,bill,0.32308007213923645
4424,user,0.5341268486868517
4424,sir,0.41233729285493015
4424,airdropstario,0.39484200933141445
4424,usdt,0.2975562835965084
4424,great,0.2882859845039866
4425,number,0.9013041457302107
4425,last,0.23550549908097446
4425,fibonacci,0.17523991804115147
4425,price,0.1660939757350074
4425,indicator,0.15139389533488745
4426,kick,0.5437354414292872
4426,grail,0.2965955493411035
4426,five,0.2863325731853818
4426,heat,0.2718677207146436
4426,og,0.26636843903201246
4427,bird,0.598371217102999
4427,excuse,0.31877172623516364
4427,explain,0.31877172623516364
4427,cut,0.3077413967756098
4427,lay,0.2991856085514995
4428,computer,0.35455794062076273
4428,single,0.31873176798018715
4428,home,0.3147781177634088
4428,mine,0.30777377086302354
4428,put,0.2938977437649573
4429,xd,0.3051458158314197
4429,habit,0.2945869782532656
4429,accumulating,0.2863969075447957
4429,emergency,0.2797051325281017
4429,rn,0.2740473173678231
4430,road,0.9771400935849996
4430,btc,0.21259641932238205
4431,session,0.2954451732985612
4431,process,0.27764955437486843
4431,guide,0.2731899674955492
4431,worry,0.2731899674955492
4431,wan,0.26559202781298186
4432,binance,0.541762787373401
4432,token,0.5186564225865729
4432,leveraged,0.4119034850981922
4432,reverse,0.3575525303941481
4432,number,0.3028714096086078
4433,line,0.6827546946158533
4433,number,0.5870694207292185
4433,last,0.23706933385390103
4433,price,0.16719689492730497
4433,indicator,0.1523992011084571
4434,spot,0.44576010862454774
4434,gbtc,0.29520441306168266
4434,grayscale,0.2849895738334933
4434,owns,0.2849895738334933
4434,sitting,0.2770663289748345
4435,url,0.772857173968883
4435,bitcoin,0.6345800096479812
4436,user,0.8203037125312438
4436,coinflex,0.18088411477527538
4436,dude,0.17462505471516473
4436,reaction,0.16244956947403605
4436,debt,0.15954434496969302
4437,babydogecoin,0.4461376414058585
4437,done,0.41486194475562194
4437,thank,0.4046042156643761
4437,nftcommunity,0.31728671235969785
4437,airdrop,0.2636095434060936
4438,algotrading,0.6445882118598683
4438,hello,0.5794620315919089
4438,world,0.4030019107932826
4438,binance,0.27474486689652716
4438,bitcoin,0.10408894795148842
4439,worldwide,0.4198867440193052
4439,atm,0.3836251083516462
4439,half,0.35822601848525615
4439,added,0.35073977198326384
4439,less,0.3473634726839872
4440,featured,0.41602139719156334
4440,subscribe,0.39808232863034376
4440,newsletter,0.39096308208738717
4440,forget,0.3611270810891356
4440,article,0.354007834546179
4441,bnb,0.5067049129414347
4441,update,0.4474157461899594
4441,binancecoin,0.3110346356001107
4441,price,0.29688912496646663
4441,number,0.28430474690114066
4442,let,0.6687463252303806
4442,go,0.6583523845416731
4442,user,0.29377927610726245
4442,bitcoin,0.18178071181797073
4443,fa,0.54452325468482
4443,cyptocurrency,0.5110664087038158
4443,war,0.48028322496636255
4443,love,0.36430971625451103
4443,eth,0.17570349211722908
4444,zone,0.6747699425723744
4444,detection,0.39751068670578565
4444,detected,0.38250470258754565
4444,unlock,0.3026203013654174
4444,join,0.2408153381270395
4445,aircash,0.4766217176259268
4445,merchant,0.4766217176259268
4445,alliance,0.24685259974882096
4445,aircoin,0.2383108588129634
4445,air,0.22627195113104684
4446,shorting,0.38844869931202003
4446,reef,0.36458145729326336
4446,xvg,0.34886050687416353
4446,btt,0.31647467745731017
4446,trx,0.264044939776019
4447,know,0.4419345339053271
4447,blockfi,0.3605677884700249
4447,get,0.35139634730021424
4447,protect,0.32382103909970983
4447,ftx,0.2853392847526875
4448,marketcap,0.34823505816866207
4448,shibacoin,0.30847971104166766
4448,rally,0.2880875398872205
4448,shibarmy,0.28297725632185783
4448,cryptocurrecy,0.267022684511251
4449,try,0.512942392160199
4449,value,0.4362092056688974
4449,digibyte,0.30940659137358906
4449,privacy,0.30940659137358906
4449,speed,0.30217718615443395
4450,retracement,0.4112522818470504
4450,run,0.33897836282604576
4450,show,0.3329637746158702
4450,made,0.3242026497059979
4450,need,0.2784678924734025
4451,beyond,0.4684129721620475
4451,unstoppable,0.4684129721620475
4451,infinity,0.43575353942134043
4451,till,0.4042974576905172
4451,absolutely,0.39962612874661396
4452,rbi,0.535081226069006
4452,cbdc,0.4904703177500363
4452,india,0.41976370094135984
4452,note,0.2321873046301648
4452,concept,0.22879680659722632
4453,cbdcs,0.5836925396840279
4453,regulator,0.5634952621781526
4453,must,0.46191151044199846
4453,nfts,0.2877988205741708
4453,crypto,0.15819077991870048
4454,light,0.594170711637728
4454,sending,0.5736108621743325
4454,speed,0.5446333818804899
4454,url,0.11281126845624061
4454,bitcoin,0.09262743264416468
4455,lifetime,0.2783715887929448
4455,stick,0.27186732846691225
4455,understanding,0.2663680547185837
4455,phase,0.2663680547185837
4455,accumulation,0.26160436711849866
4456,beauty,0.36986361594800504
4456,bag,0.3114302150840454
4456,ath,0.27778913372917297
4456,guy,0.27659070688374315
4456,resistance,0.2731633665001198
4457,gift,0.3962680062914074
4457,onlineshop,0.27553071781858923
4457,brand,0.2525591109058103
4457,product,0.24745039962248833
4457,linkedin,0.23247115007167618
4458,project,0.4711160926134609
4458,user,0.35252741629993356
4458,attraction,0.3085404794127399
4458,projector,0.29514144826964117
4458,wonderful,0.2679344267335066
4459,atom,0.3783530298043114
4459,upset,0.2144797199853643
4459,ogn,0.2144797199853643
4459,dydx,0.2144797199853643
4459,rune,0.20130155928081783
4460,nuke,0.3331233962662023
4460,conviction,0.3215964617576161
4460,little,0.2938232255353105
4460,direction,0.27757692382159127
4460,flow,0.27436974778389284
4461,user,0.4312456719506139
4461,airdrop,0.4077972100501639
4461,successfully,0.39224374917082133
4461,project,0.3842098827532201
4461,trust,0.3386395334181506
4462,user,0.5424751749292847
4462,kucoin,0.42228271079485336
4462,huge,0.36742342678310586
4462,part,0.3615333533497078
4462,love,0.3601409091156429
4463,celsius,0.5567739477124625
4463,debt,0.4910886447620602
4463,aave,0.4536116502153581
4463,reddit,0.44899125614460295
4463,crypto,0.15089537562828356
4464,congress,0.4627110647391907
4464,regulate,0.4498468289868986
4464,sec,0.39937601697036096
4464,bitcoinnews,0.3410571789917484
4464,work,0.3244722945981297
4465,market,0.32168191006136365
4465,hurry,0.31468870279835387
4465,giving,0.26497218480335144
4465,rise,0.26295745733924836
4465,thanks,0.23532990811283488
4466,returned,0.3225386452121733
4466,among,0.30272107877594906
4466,rank,0.28448720851866777
4466,bit,0.2799177957375074
4466,ban,0.26875712110005895
4467,number,0.7729587361568747
4467,btc,0.6344562965238559
4468,tweet,0.4255147144571217
4468,extra,0.3358241415695136
4468,give,0.27189459784129727
4468,nftgiveaway,0.2634365885069271
4468,guy,0.2563201607871737
4469,locked,0.42880162172469116
4469,rest,0.4201279149027319
4469,pool,0.39469574388910117
4469,liquidity,0.3610568207414086
4469,safe,0.3583115095934127
4470,oil,0.5438108606102473
4470,join,0.23860851045214557
4470,oilandgas,0.21484615293164785
4470,oilprices,0.21484615293164785
4470,oilindustry,0.21484615293164785
4471,perfectmoney,0.33931768216626207
4471,dolar,0.31846917049445295
4471,commission,0.304736606922719
4471,apple,0.29447961990495586
4471,online,0.2862895739442832
4472,mara,0.5927287239026133
4472,environment,0.41065464986424194
4472,carbon,0.22400294736314927
4472,common,0.21625186373189942
4472,us,0.21625186373189942
4473,position,0.6265302276471684
4473,long,0.5957542458943718
4473,url,0.3621803532211668
4473,crypto,0.2584941237542784
4473,btc,0.1800949414818969
4474,smart,0.5791279401013613
4474,roi,0.3676525580981534
4474,bnb,0.3122733542245494
4474,chain,0.30710751466467157
4474,double,0.30415122920921317
4475,mint,0.41475311779442514
4475,nfts,0.36813538433318577
4475,nftgiveaway,0.3506660753176737
4475,free,0.27541962084392746
4475,hi,0.24026337158948605
4476,number,0.7493123033158701
4476,ada,0.30896949207413443
4476,xrp,0.30299419216530327
4476,bnb,0.24281257703288464
4476,eth,0.19110043384847072
4477,spell,0.641786544629166
4477,volume,0.4012502851404923
4477,number,0.3823199427854763
4477,spellusdt,0.33239500250775894
4477,bear,0.2139789415048129
4478,unknown,0.5494336858848731
4478,wallet,0.4802841050682713
4478,number,0.4609658626208974
4478,transferred,0.3427334859359474
4478,tx,0.28234403289969456
4479,lower,0.5901012668921972
4479,waiting,0.5901012668921972
4479,hit,0.5371326433699551
4479,bitcoin,0.12267645679123751
4480,spike,0.6470474296152456
4480,number,0.3528332735396478
4480,second,0.2937003310442564
4480,ago,0.2742733544236192
4480,real,0.25188102899162207
4481,number,0.5558440386596653
4481,smart,0.5010627480222315
4481,contract,0.34464578143274505
4481,bsc,0.2972027230181746
4481,eth,0.21263904877157194
4482,tsla,0.5189596756135375
4482,number,0.4603491970044844
4482,elonmusk,0.43081338994028917
4482,whale,0.42669791314575195
4482,ethereum,0.24907912636656868
4483,anniversary,0.683604785333848
4483,crash,0.5178684841010424
4483,happy,0.465143917774514
4483,url,0.1344436237904253
4483,btc,0.1337047487187428
4484,fraud,0.6179680000799876
4484,building,0.5748810542992898
4484,case,0.486712967245744
4484,user,0.1612729772871157
4484,url,0.12153492646588361
4485,three,0.7153861876873661
4485,sorry,0.362553210513157
4485,care,0.3325804229887788
4485,important,0.3272078132685552
4485,week,0.25780804037716637
4486,number,0.9013041457302107
4486,last,0.23550549908097446
4486,fibonacci,0.17523991804115147
4486,price,0.1660939757350074
4486,indicator,0.15139389533488745
4487,done,0.5822086603861175
4487,opportunity,0.4982096636297226
4487,amazing,0.4950965153569582
4487,user,0.39121607409328074
4487,bitcoin,0.12103565875310991
4488,ht,0.5399399491216422
4488,number,0.47426704888791676
4488,airdrop,0.28067496972468337
4488,heco,0.26450908007853347
4488,hswap,0.26450908007853347
4489,reliable,0.490188380642258
4489,especially,0.4606627481015752
4489,stablecoin,0.4532636166610427
4489,enough,0.42550767888421154
4489,bear,0.33621621664356677
4490,premium,0.5833673658282531
4490,signal,0.3856853715068076
4490,access,0.26942410124688776
4490,early,0.2666798033009936
4490,rate,0.2532961007834859
4491,background,0.3700428819150608
4491,person,0.3442421647459782
4491,happening,0.33265547862243805
4491,apple,0.33265547862243805
4491,job,0.3033336355890356
4492,entity,0.4232493579821761
4492,significantly,0.39724387803299566
4492,plunge,0.39724387803299566
4492,possible,0.3349430341271549
4492,balance,0.33203317229586454
4493,neighborhood,0.5612383423253043
4493,kid,0.514446657222647
4493,two,0.42673708852245923
4493,thing,0.3636654857662826
4493,money,0.2949392866192172
4494,leader,0.3141550933569305
4494,probability,0.3068147375440303
4494,popular,0.30060855513406287
4494,project,0.3005306128853435
4494,cyclicallnvesting,0.29523251539804973
4495,verge,0.28739161452496553
4495,nem,0.28739161452496553
4495,hnt,0.27940158842830215
4495,fucking,0.27287326176061044
4495,nano,0.26735364021033825
4496,number,0.4575713070391406
4496,url,0.37765702081854235
4496,cbdc,0.30387717949041915
4496,auction,0.2924058498335543
4496,domain,0.2730462138355558
4497,number,0.7269094096224942
4497,bearcount,0.2965778640787874
4497,bullcount,0.2965778640787874
4497,suggested,0.2965778640787874
4497,date,0.21949223586269534
4498,nftnyc,0.29348255442985416
4498,prin,0.29348255442985416
4498,nftcollections,0.28332729598135364
4498,nftlaunch,0.2754502655658005
4498,nftcommumity,0.2754502655658005
4499,compare,0.666570356188105
4499,cryptocurency,0.516406728476258
4499,exchange,0.4141494735717421
4499,crypto,0.1924784512378034
4499,user,0.17893151287509906
4500,across,0.490965876985551
4500,understand,0.43933988072822594
4500,many,0.4006073628722162
4500,hope,0.36244585256938255
4500,world,0.35122315610301424
4501,stock,0.534950533403109
4501,hope,0.5142209171291786
4501,need,0.5020463519335439
4501,user,0.4159973952369238
4501,btc,0.15588586486551761
